port_code,ptent_yr,voyage_no,callsgn,vessel_name,vessel_type_name,vessel_nationality_code,vessel_nationality_name,mrn_no,bl_no,master_bl_no,io_se_code,io_se_name,facility_name,cargo_se_name,cargo_name_raw,dg_un_no,chem_id,cargo_basis,package_type_name,unload_method_name,vol_ton_unit_name,vol_ton,weight_ton,vol_size,weight_size,bulk_vol_size,bulk_weight_size,container_count,pod_name,pol_name,ldud_port_name,last_dest_port_name,arrival_at_utc,customs_progress_status_name,source_system,source_table,collected_at_utc,quality_flag,is_synthetic
KRUSN,2026,39,010511,31우정호,석유제품운반선,,,SYN010511_2026_039,SYN-010511_2026_039-1,,O,수출,달포부두,액체,가솔린,1203,016420,선종(석유제품운반선)·선석분류(유류/UPA)·VTS 접안·종수가정 3/4,벌크,펌프,TON,22512.5,22512.5,,,24763.8,22512.5,,,울산,,,2026-09-20 12:00:00+00:00,,UPA_SYNTHETIC,IntgCagInfo(SYNTHETIC v4),2026-09-26 06:03:34.343358+00:00,OK,True
KRUSN,2026,39,010511,31우정호,석유제품운반선,,,SYN010511_2026_039,SYN-010511_2026_039-2,,O,수출,달포부두,액체,디젤 연료/경유,1202,000973,선종(석유제품운반선)·선석분류(유류/UPA)·VTS 접안·종수가정 3/4,벌크,펌프,TON,24761.7,24761.7,,,27237.9,24761.7,,,울산,,,2026-09-20 12:00:00+00:00,,UPA_SYNTHETIC,IntgCagInfo(SYNTHETIC v4),2026-09-26 06:03:34.343358+00:00,OK,True
KRUSN,2026,39,010511,31우정호,석유제품운반선,,,SYN010511_2026_039,SYN-010511_2026_039-3,,I,수입,달포부두,액체,석유증류물(기타),1268,001128,선종(석유제품운반선)·선석분류(유류/UPA)·VTS 접안·종수가정 3/4,벌크,펌프,TON,12795.0,12795.0,,,14074.5,12795.0,,울산,,,,2026-09-20 12:00:00+00:00,,UPA_SYNTHETIC,IntgCagInfo(SYNTHETIC v4),2026-09-26 06:03:34.343358+00:00,OK,True
KRUSN,2026,27,021568,101효동케미호,석유제품운반선,,,SYN021568_2026_027,SYN-021568_2026_027-1,,I,수입,정일1부두,액체,디젤 연료/경유,1202,000973,선종(석유제품운반선)·터미널 취급품목(JEONGIL_STOLTHAVEN)·PORT-MIS 선석·종수가정 1/2,벌크,펌프,TON,17142.1,17142.1,,,18856.3,17142.1,,울산,,,,2026-09-13 10:00:00+00:00,,UPA_SYNTHETIC,IntgCagInfo(SYNTHETIC v4),2026-09-26 06:03:34.349044+00:00,OK,True
KRUSN,2026,38,036715,대영호,석유제품운반선,,,SYN036715_2026_038,SYN-036715_2026_038-1,,I,수입,신항남방파제 T/S부두,액체,석유증류물(기타),1268,001128,선종(석유제품운반선)·선석분류(액체화학·유류/berth+UPA)·VTS 접안·종수가정 4/4,벌크,펌프,TON,6928.0,6928.0,,,7620.8,6928.0,,울산,,,,2026-09-12 16:00:00+00:00,,UPA_SYNTHETIC,IntgCagInfo(SYNTHETIC v4),2026-09-26 06:03:34.354233+00:00,OK,True
KRUSN,2026,38,036715,대영호,석유제품운반선,,,SYN036715_2026_038,SYN-036715_2026_038-2,,I,수입,신항남방파제 T/S부두,액체,디젤 연료/경유,1202,000973,선종(석유제품운반선)·선석분류(액체화학·유류/berth+UPA)·VTS 접안·종수가정 4/4,벌크,펌프,TON,3327.3,3327.3,,,3660.0,3327.3,,울산,,,,2026-09-12 16:00:00+00:00,,UPA_SYNTHETIC,IntgCagInfo(SYNTHETIC v4),2026-09-26 06:03:34.354233+00:00,OK,True
KRUSN,2026,38,036715,대영호,석유제품운반선,,,SYN036715_2026_038,SYN-036715_2026_038-3,,I,수입,신항남방파제 T/S부두,액체,가솔린,1203,016420,선종(석유제품운반선)·선석분류(액체화학·유류/berth+UPA)·VTS 접안·종수가정 4/4,벌크,펌프,TON,21164.9,21164.9,,,23281.4,21164.9,,울산,,,,2026-09-12 16:00:00+00:00,,UPA_SYNTHETIC,IntgCagInfo(SYNTHETIC v4),2026-09-26 06:03:34.354233+00:00,OK,True
KRUSN,2026,38,036715,대영호,석유제품운반선,,,SYN036715_2026_038,SYN-036715_2026_038-4,,I,수입,신항남방파제 T/S부두,액체,케로신,1223,000756,선종(석유제품운반선)·선석분류(액체화학·유류/berth+UPA)·VTS 접안·종수가정 4/4,벌크,펌프,TON,29719.8,29719.8,,,32691.8,29719.8,,울산,,,,2026-09-12 16:00:00+00:00,,UPA_SYNTHETIC,IntgCagInfo(SYNTHETIC v4),2026-09-26 06:03:34.354233+00:00,OK,True
KRUSN,2026,39,036715,대영호,석유제품운반선,,,SYN036715_2026_039,SYN-036715_2026_039-1,,I,수입,장생포호안,액체,케로신,1223,000756,선종(석유제품운반선)·선석 미정·종수가정 1/4,벌크,펌프,TON,1994.6,1994.6,,,2194.1,1994.6,,울산,,,,2026-09-23 17:00:00+00:00,,UPA_SYNTHETIC,IntgCagInfo(SYNTHETIC v4),2026-09-26 06:03:34.355860+00:00,OK,True
KRUSN,2026,21,055762,제2세윤호,석유제품운반선,,,SYN055762_2026_021,SYN-055762_2026_021-1,,I,수입,2부두,액체,톨루엔,1294,001032,대표화물코드 27·선석분류(액체화학/berth)·PORT-MIS 선석·종수가정 1/3,벌크,펌프,TON,8267.1,8267.1,,,9093.8,8267.1,,울산,,,,2026-09-22 03:00:00+00:00,,UPA_SYNTHETIC,IntgCagInfo(SYNTHETIC v4),2026-09-26 06:03:34.359048+00:00,OK,True
KRUSN,2026,14,070606,신성호,석유제품운반선,,,SYN070606_2026_014,SYN-070606_2026_014-1,,I,수입,장생포호안,액체,가솔린,1203,016420,선종(석유제품운반선)·선석 미정·종수가정 3/4,벌크,펌프,TON,24893.5,24893.5,,,27382.9,24893.5,,울산,,,,2026-09-22 05:00:00+00:00,,UPA_SYNTHETIC,IntgCagInfo(SYNTHETIC v4),2026-09-26 06:03:34.363056+00:00,OK,True
KRUSN,2026,14,070606,신성호,석유제품운반선,,,SYN070606_2026_014,SYN-070606_2026_014-2,,O,수출,장생포호안,액체,케로신,1223,000756,선종(석유제품운반선)·선석 미정·종수가정 3/4,벌크,펌프,TON,19150.8,19150.8,,,21065.9,19150.8,,,울산,,,2026-09-22 05:00:00+00:00,,UPA_SYNTHETIC,IntgCagInfo(SYNTHETIC v4),2026-09-26 06:03:34.363056+00:00,OK,True
KRUSN,2026,14,070606,신성호,석유제품운반선,,,SYN070606_2026_014,SYN-070606_2026_014-3,,O,수출,장생포호안,액체,석유증류물(기타),1268,001128,선종(석유제품운반선)·선석 미정·종수가정 3/4,벌크,펌프,TON,19405.4,19405.4,,,21345.9,19405.4,,,울산,,,2026-09-22 05:00:00+00:00,,UPA_SYNTHETIC,IntgCagInfo(SYNTHETIC v4),2026-09-26 06:03:34.363056+00:00,OK,True
KRUSN,2026,10,091031,우빈호,석유제품운반선,,,SYN091031_2026_010,SYN-091031_2026_010-1,,I,수입,장생포호안,액체,디젤 연료/경유,1202,000973,선종(석유제품운반선)·선석 미정·종수가정 3/4,벌크,펌프,TON,5817.7,5817.7,,,6399.5,5817.7,,울산,,,,2026-09-12 07:00:00+00:00,,UPA_SYNTHETIC,IntgCagInfo(SYNTHETIC v4),2026-09-26 06:03:34.366048+00:00,OK,True
KRUSN,2026,10,091031,우빈호,석유제품운반선,,,SYN091031_2026_010,SYN-091031_2026_010-2,,O,수출,장생포호안,액체,가솔린,1203,016420,선종(석유제품운반선)·선석 미정·종수가정 3/4,벌크,펌프,TON,27080.1,27080.1,,,29788.1,27080.1,,,울산,,,2026-09-12 07:00:00+00:00,,UPA_SYNTHETIC,IntgCagInfo(SYNTHETIC v4),2026-09-26 06:03:34.366048+00:00,OK,True
KRUSN,2026,10,091031,우빈호,석유제품운반선,,,SYN091031_2026_010,SYN-091031_2026_010-3,,O,수출,장생포호안,액체,케로신,1223,000756,선종(석유제품운반선)·선석 미정·종수가정 3/4,벌크,펌프,TON,27363.5,27363.5,,,30099.9,27363.5,,,울산,,,2026-09-12 07:00:00+00:00,,UPA_SYNTHETIC,IntgCagInfo(SYNTHETIC v4),2026-09-26 06:03:34.366048+00:00,OK,True
KRUSN,2026,18,092615,홍진호,석유제품운반선,,,SYN092615_2026_018,SYN-092615_2026_018-1,,O,수출,장생포호안,액체,디젤 연료/경유,1202,000973,선종(석유제품운반선)·선석 미정·종수가정 1/4,벌크,펌프,TON,13669.8,13669.8,,,15036.8,13669.8,,,울산,,,2026-09-21 16:00:00+00:00,,UPA_SYNTHETIC,IntgCagInfo(SYNTHETIC v4),2026-09-26 06:03:34.368049+00:00,OK,True
KRUSN,2026,34,120004,뉴동신호,석유제품운반선,,,SYN120004_2026_034,SYN-120004_2026_034-1,,I,수입,현대오일터미널 신항2부두,액체,석유증류물(기타),1268,001128,선종(석유제품운반선)·터미널 취급품목(HYUNDAI_OIL)·PORT-MIS 선석·종수가정 1/3,벌크,펌프,TON,5721.7,5721.7,,,6293.9,5721.7,,울산,,,,2026-09-14 08:00:00+00:00,,UPA_SYNTHETIC,IntgCagInfo(SYNTHETIC v4),2026-09-26 06:03:34.370051+00:00,OK,True
KRUSN,2026,48,120011,봉은호,석유제품운반선,,,SYN120011_2026_048,SYN-120011_2026_048-1,,O,수출,장생포호안,액체,가솔린,1203,016420,선종(석유제품운반선)·선석 미정·종수가정 4/4,벌크,펌프,TON,21278.2,21278.2,,,23406.0,21278.2,,,울산,,,2026-09-26 03:00:00+00:00,,UPA_SYNTHETIC,IntgCagInfo(SYNTHETIC v4),2026-09-26 06:03:34.373593+00:00,OK,True
KRUSN,2026,2,3EPY3,KISO,케미칼운반선,,,SYN3EPY3_2026_002,SYN-3EPY3_2026_002-2,,O,수출,정박지-E1,액체,원유,1267,000751,대표화물코드 27·선석 미정·종수가정 3/8,벌크,펌프,TON,4077.8,4077.8,,,4485.6,4077.8,,,울산,,,2026-09-24 06:00:00+00:00,,UPA_SYNTHETIC,IntgCagInfo(SYNTHETIC v4),2026-09-26 06:03:34.862606+00:00,OK,True
KRUSN,2026,48,120011,봉은호,석유제품운반선,,,SYN120011_2026_048,SYN-120011_2026_048-2,,I,수입,장생포호안,액체,석유증류물(기타),1268,001128,선종(석유제품운반선)·선석 미정·종수가정 4/4,벌크,펌프,TON,18229.4,18229.4,,,20052.3,18229.4,,울산,,,,2026-09-26 03:00:00+00:00,,UPA_SYNTHETIC,IntgCagInfo(SYNTHETIC v4),2026-09-26 06:03:34.373593+00:00,OK,True
KRUSN,2026,48,120011,봉은호,석유제품운반선,,,SYN120011_2026_048,SYN-120011_2026_048-3,,I,수입,장생포호안,액체,케로신,1223,000756,선종(석유제품운반선)·선석 미정·종수가정 4/4,벌크,펌프,TON,17348.6,17348.6,,,19083.5,17348.6,,울산,,,,2026-09-26 03:00:00+00:00,,UPA_SYNTHETIC,IntgCagInfo(SYNTHETIC v4),2026-09-26 06:03:34.374601+00:00,OK,True
KRUSN,2026,48,120011,봉은호,석유제품운반선,,,SYN120011_2026_048,SYN-120011_2026_048-4,,O,수출,장생포호안,액체,디젤 연료/경유,1202,000973,선종(석유제품운반선)·선석 미정·종수가정 4/4,벌크,펌프,TON,23532.7,23532.7,,,25886.0,23532.7,,,울산,,,2026-09-26 03:00:00+00:00,,UPA_SYNTHETIC,IntgCagInfo(SYNTHETIC v4),2026-09-26 06:03:34.374601+00:00,OK,True
KRUSN,2026,47,120021,동방3호,석유제품운반선,,,SYN120021_2026_047,SYN-120021_2026_047-1,,I,수입,장생포호안,액체,가솔린,1203,016420,선종(석유제품운반선)·선석 미정·종수가정 3/4,벌크,펌프,TON,26984.8,26984.8,,,29683.3,26984.8,,울산,,,,2026-09-12 11:24:00+00:00,,UPA_SYNTHETIC,IntgCagInfo(SYNTHETIC v4),2026-09-26 06:03:34.382606+00:00,OK,True
KRUSN,2026,47,120021,동방3호,석유제품운반선,,,SYN120021_2026_047,SYN-120021_2026_047-2,,I,수입,장생포호안,액체,디젤 연료/경유,1202,000973,선종(석유제품운반선)·선석 미정·종수가정 3/4,벌크,펌프,TON,26447.8,26447.8,,,29092.6,26447.8,,울산,,,,2026-09-12 11:24:00+00:00,,UPA_SYNTHETIC,IntgCagInfo(SYNTHETIC v4),2026-09-26 06:03:34.382606+00:00,OK,True
KRUSN,2026,47,120021,동방3호,석유제품운반선,,,SYN120021_2026_047,SYN-120021_2026_047-3,,O,수출,장생포호안,액체,케로신,1223,000756,선종(석유제품운반선)·선석 미정·종수가정 3/4,벌크,펌프,TON,23401.3,23401.3,,,25741.4,23401.3,,,울산,,,2026-09-12 11:24:00+00:00,,UPA_SYNTHETIC,IntgCagInfo(SYNTHETIC v4),2026-09-26 06:03:34.382606+00:00,OK,True
KRUSN,2026,36,120059,부양에이스,석유제품운반선,,,SYN120059_2026_036,SYN-120059_2026_036-1,,I,수입,SK2부두,액체,디젤 연료/경유,1202,000973,선종(석유제품운반선)·선석분류(유류/berth+UPA)·VTS 접안·종수가정 1/4,벌크,펌프,TON,26688.4,26688.4,,,29357.2,26688.4,,울산,,,,2026-09-12 04:00:00+00:00,,UPA_SYNTHETIC,IntgCagInfo(SYNTHETIC v4),2026-09-26 06:03:34.391130+00:00,OK,True
KRUSN,2026,39,120059,부양에이스,석유제품운반선,,,SYN120059_2026_039,SYN-120059_2026_039-1,,O,수출,정박지-M1,액체,가솔린,1203,016420,선종(석유제품운반선)·선석 미정·종수가정 2/4,벌크,펌프,TON,18667.7,18667.7,,,20534.5,18667.7,,,울산,,,2026-09-27 14:00:00+00:00,,UPA_SYNTHETIC,IntgCagInfo(SYNTHETIC v4),2026-09-26 06:03:34.394024+00:00,OK,True
KRUSN,2026,39,120059,부양에이스,석유제품운반선,,,SYN120059_2026_039,SYN-120059_2026_039-2,,I,수입,정박지-M1,액체,케로신,1223,000756,선종(석유제품운반선)·선석 미정·종수가정 2/4,벌크,펌프,TON,13226.6,13226.6,,,14549.3,13226.6,,울산,,,,2026-09-27 14:00:00+00:00,,UPA_SYNTHETIC,IntgCagInfo(SYNTHETIC v4),2026-09-26 06:03:34.394024+00:00,OK,True
KRUSN,2026,13,130001,동진에이스호,급유선,,,SYN130001_2026_013,SYN-130001_2026_013-1,,O,수출,현대오일터미널 신항2부두,액체,디젤 연료/경유,1202,000973,선종(급유선)·터미널 취급품목(HYUNDAI_OIL)·PORT-MIS 선석·종수가정 2/2,벌크,펌프,TON,4786.6,4786.6,,,5265.3,4786.6,,,울산,,,2026-09-27 15:00:00+00:00,,UPA_SYNTHETIC,IntgCagInfo(SYNTHETIC v4),2026-09-26 06:03:34.397567+00:00,OK,True
KRUSN,2026,13,130001,동진에이스호,급유선,,,SYN130001_2026_013,SYN-130001_2026_013-2,,O,수출,현대오일터미널 신항2부두,액체,석유증류물(기타),1268,001128,선종(급유선)·터미널 취급품목(HYUNDAI_OIL)·PORT-MIS 선석·종수가정 2/2,벌크,펌프,TON,12002.0,12002.0,,,13202.2,12002.0,,,울산,,,2026-09-27 15:00:00+00:00,,UPA_SYNTHETIC,IntgCagInfo(SYNTHETIC v4),2026-09-26 06:03:34.397567+00:00,OK,True
KRUSN,2026,34,130047,명진호,급유선,,,SYN130047_2026_034,SYN-130047_2026_034-1,,I,수입,정박지-M1,액체,석유증류물(기타),1268,001128,대표화물코드 27·선석 미정·종수가정 2/2,벌크,펌프,TON,26222.9,26222.9,,,28845.2,26222.9,,울산,,,,2026-09-21 03:30:00+00:00,,UPA_SYNTHETIC,IntgCagInfo(SYNTHETIC v4),2026-09-26 06:03:34.401567+00:00,OK,True
KRUSN,2026,34,130047,명진호,급유선,,,SYN130047_2026_034,SYN-130047_2026_034-2,,O,수출,정박지-M1,액체,디젤 연료/경유,1202,000973,대표화물코드 27·선석 미정·종수가정 2/2,벌크,펌프,TON,13914.1,13914.1,,,15305.5,13914.1,,,울산,,,2026-09-21 03:30:00+00:00,,UPA_SYNTHETIC,IntgCagInfo(SYNTHETIC v4),2026-09-26 06:03:34.401567+00:00,OK,True
KRUSN,2026,43,130088,7보광호,석유제품운반선,,,SYN130088_2026_043,SYN-130088_2026_043-1,,O,수출,SK2부두,액체,케로신,1223,000756,선종(석유제품운반선)·선석분류(유류/berth+UPA)·VTS 접안·종수가정 3/4,벌크,펌프,TON,8977.0,8977.0,,,9874.7,8977.0,,,울산,,,2026-09-20 20:00:00+00:00,,UPA_SYNTHETIC,IntgCagInfo(SYNTHETIC v4),2026-09-26 06:03:34.406836+00:00,OK,True
KRUSN,2026,43,130088,7보광호,석유제품운반선,,,SYN130088_2026_043,SYN-130088_2026_043-2,,O,수출,SK2부두,액체,디젤 연료/경유,1202,000973,선종(석유제품운반선)·선석분류(유류/berth+UPA)·VTS 접안·종수가정 3/4,벌크,펌프,TON,7562.7,7562.7,,,8319.0,7562.7,,,울산,,,2026-09-20 20:00:00+00:00,,UPA_SYNTHETIC,IntgCagInfo(SYNTHETIC v4),2026-09-26 06:03:34.407040+00:00,OK,True
KRUSN,2026,43,130088,7보광호,석유제품운반선,,,SYN130088_2026_043,SYN-130088_2026_043-3,,O,수출,SK2부두,액체,석유증류물(기타),1268,001128,선종(석유제품운반선)·선석분류(유류/berth+UPA)·VTS 접안·종수가정 3/4,벌크,펌프,TON,28580.2,28580.2,,,31438.2,28580.2,,,울산,,,2026-09-20 20:00:00+00:00,,UPA_SYNTHETIC,IntgCagInfo(SYNTHETIC v4),2026-09-26 06:03:34.407040+00:00,OK,True
KRUSN,2026,74,131062,그린오션호,석유제품운반선,,,SYN131062_2026_074,SYN-131062_2026_074-1,,O,수출,SK2부두,액체,디젤 연료/경유,1202,000973,선종(석유제품운반선)·선석분류(유류/berth+UPA)·VTS 접안·종수가정 3/4,벌크,펌프,TON,27162.6,27162.6,,,29878.9,27162.6,,,울산,,,2026-09-12 15:00:00+00:00,,UPA_SYNTHETIC,IntgCagInfo(SYNTHETIC v4),2026-09-26 06:03:34.413720+00:00,OK,True
KRUSN,2026,74,131062,그린오션호,석유제품운반선,,,SYN131062_2026_074,SYN-131062_2026_074-2,,I,수입,SK2부두,액체,가솔린,1203,016420,선종(석유제품운반선)·선석분류(유류/berth+UPA)·VTS 접안·종수가정 3/4,벌크,펌프,TON,552.2,552.2,,,607.4,552.2,,울산,,,,2026-09-12 15:00:00+00:00,,UPA_SYNTHETIC,IntgCagInfo(SYNTHETIC v4),2026-09-26 06:03:34.413720+00:00,OK,True
KRUSN,2026,74,131062,그린오션호,석유제품운반선,,,SYN131062_2026_074,SYN-131062_2026_074-3,,I,수입,SK2부두,액체,케로신,1223,000756,선종(석유제품운반선)·선석분류(유류/berth+UPA)·VTS 접안·종수가정 3/4,벌크,펌프,TON,26048.1,26048.1,,,28652.9,26048.1,,울산,,,,2026-09-12 15:00:00+00:00,,UPA_SYNTHETIC,IntgCagInfo(SYNTHETIC v4),2026-09-26 06:03:34.413720+00:00,OK,True
KRUSN,2026,77,131062,그린오션호,석유제품운반선,,,SYN131062_2026_077,SYN-131062_2026_077-1,,I,수입,SK2부두,액체,디젤 연료/경유,1202,000973,선종(석유제품운반선)·선석분류(유류/berth+UPA)·VTS 접안·종수가정 1/4,벌크,펌프,TON,7682.7,7682.7,,,8451.0,7682.7,,울산,,,,2026-09-20 15:00:00+00:00,,UPA_SYNTHETIC,IntgCagInfo(SYNTHETIC v4),2026-09-26 06:03:34.415994+00:00,OK,True
KRUSN,2026,78,131062,그린오션호,석유제품운반선,,,SYN131062_2026_078,SYN-131062_2026_078-1,,I,수입,장생포호안,액체,케로신,1223,000756,선종(석유제품운반선)·선석 미정·종수가정 1/4,벌크,펌프,TON,2538.0,2538.0,,,2791.8,2538.0,,울산,,,,2026-09-24 15:00:00+00:00,,UPA_SYNTHETIC,IntgCagInfo(SYNTHETIC v4),2026-09-26 06:03:34.417004+00:00,OK,True
KRUSN,2026,79,131062,그린오션호,석유제품운반선,,,SYN131062_2026_079,SYN-131062_2026_079-1,,O,수출,장생포호안,액체,디젤 연료/경유,1202,000973,선종(석유제품운반선)·선석 미정·종수가정 4/4,벌크,펌프,TON,21894.5,21894.5,,,24084.0,21894.5,,,울산,,,2026-09-27 15:00:00+00:00,,UPA_SYNTHETIC,IntgCagInfo(SYNTHETIC v4),2026-09-26 06:03:34.418988+00:00,OK,True
KRUSN,2026,79,131062,그린오션호,석유제품운반선,,,SYN131062_2026_079,SYN-131062_2026_079-2,,I,수입,장생포호안,액체,석유증류물(기타),1268,001128,선종(석유제품운반선)·선석 미정·종수가정 4/4,벌크,펌프,TON,14247.8,14247.8,,,15672.6,14247.8,,울산,,,,2026-09-27 15:00:00+00:00,,UPA_SYNTHETIC,IntgCagInfo(SYNTHETIC v4),2026-09-26 06:03:34.418988+00:00,OK,True
KRUSN,2026,79,131062,그린오션호,석유제품운반선,,,SYN131062_2026_079,SYN-131062_2026_079-3,,O,수출,장생포호안,액체,가솔린,1203,016420,선종(석유제품운반선)·선석 미정·종수가정 4/4,벌크,펌프,TON,17975.5,17975.5,,,19773.1,17975.5,,,울산,,,2026-09-27 15:00:00+00:00,,UPA_SYNTHETIC,IntgCagInfo(SYNTHETIC v4),2026-09-26 06:03:34.418988+00:00,OK,True
KRUSN,2026,79,131062,그린오션호,석유제품운반선,,,SYN131062_2026_079,SYN-131062_2026_079-4,,O,수출,장생포호안,액체,케로신,1223,000756,선종(석유제품운반선)·선석 미정·종수가정 4/4,벌크,펌프,TON,25010.9,25010.9,,,27512.0,25010.9,,,울산,,,2026-09-27 15:00:00+00:00,,UPA_SYNTHETIC,IntgCagInfo(SYNTHETIC v4),2026-09-26 06:03:34.418988+00:00,OK,True
KRUSN,2026,25,134806,지 위즈덤,LPG운반선,,,SYN134806_2026_025,SYN-134806_2026_025-1,,I,수입,가스부두,액체,부탄,1011,000247,선종(LPG운반선)·선석분류(가스·유류/berth+UPA)·PORT-MIS 선석·종수가정 2/2,벌크,펌프,TON,23578.7,23578.7,,,25936.6,23578.7,,울산,,,,2026-09-22 06:00:00+00:00,,UPA_SYNTHETIC,IntgCagInfo(SYNTHETIC v4),2026-09-26 06:03:34.420987+00:00,OK,True
KRUSN,2026,25,134806,지 위즈덤,LPG운반선,,,SYN134806_2026_025,SYN-134806_2026_025-2,,O,수출,가스부두,액체,프로페인,1978,015420,선종(LPG운반선)·선석분류(가스·유류/berth+UPA)·PORT-MIS 선석·종수가정 2/2,벌크,펌프,TON,11884.2,11884.2,,,13072.6,11884.2,,,울산,,,2026-09-22 06:00:00+00:00,,UPA_SYNTHETIC,IntgCagInfo(SYNTHETIC v4),2026-09-26 06:03:34.420987+00:00,OK,True
KRUSN,2026,59,140035,동방7호,석유제품운반선,,,SYN140035_2026_059,SYN-140035_2026_059-1,,I,수입,장생포호안,액체,석유증류물(기타),1268,001128,선종(석유제품운반선)·선석 미정·종수가정 3/4,벌크,펌프,TON,14933.9,14933.9,,,16427.3,14933.9,,울산,,,,2026-09-25 03:00:00+00:00,,UPA_SYNTHETIC,IntgCagInfo(SYNTHETIC v4),2026-09-26 06:03:34.425990+00:00,OK,True
KRUSN,2026,59,140035,동방7호,석유제품운반선,,,SYN140035_2026_059,SYN-140035_2026_059-2,,O,수출,장생포호안,액체,디젤 연료/경유,1202,000973,선종(석유제품운반선)·선석 미정·종수가정 3/4,벌크,펌프,TON,11460.6,11460.6,,,12606.7,11460.6,,,울산,,,2026-09-25 03:00:00+00:00,,UPA_SYNTHETIC,IntgCagInfo(SYNTHETIC v4),2026-09-26 06:03:34.425990+00:00,OK,True
KRUSN,2026,59,140035,동방7호,석유제품운반선,,,SYN140035_2026_059,SYN-140035_2026_059-3,,O,수출,장생포호안,액체,케로신,1223,000756,선종(석유제품운반선)·선석 미정·종수가정 3/4,벌크,펌프,TON,27498.8,27498.8,,,30248.7,27498.8,,,울산,,,2026-09-25 03:00:00+00:00,,UPA_SYNTHETIC,IntgCagInfo(SYNTHETIC v4),2026-09-26 06:03:34.425990+00:00,OK,True
KRUSN,2026,58,140035,동방7호,석유제품운반선,,,SYN140035_2026_058,SYN-140035_2026_058-1,,I,수입,장생포호안,액체,석유증류물(기타),1268,001128,선종(석유제품운반선)·선석 미정·종수가정 4/4,벌크,펌프,TON,17812.6,17812.6,,,19593.9,17812.6,,울산,,,,2026-09-25 16:00:00+00:00,,UPA_SYNTHETIC,IntgCagInfo(SYNTHETIC v4),2026-09-26 06:03:34.429988+00:00,OK,True
KRUSN,2026,58,140035,동방7호,석유제품운반선,,,SYN140035_2026_058,SYN-140035_2026_058-2,,I,수입,장생포호안,액체,케로신,1223,000756,선종(석유제품운반선)·선석 미정·종수가정 4/4,벌크,펌프,TON,18978.1,18978.1,,,20875.9,18978.1,,울산,,,,2026-09-25 16:00:00+00:00,,UPA_SYNTHETIC,IntgCagInfo(SYNTHETIC v4),2026-09-26 06:03:34.429988+00:00,OK,True
KRUSN,2026,58,140035,동방7호,석유제품운반선,,,SYN140035_2026_058,SYN-140035_2026_058-3,,I,수입,장생포호안,액체,디젤 연료/경유,1202,000973,선종(석유제품운반선)·선석 미정·종수가정 4/4,벌크,펌프,TON,20608.2,20608.2,,,22669.0,20608.2,,울산,,,,2026-09-25 16:00:00+00:00,,UPA_SYNTHETIC,IntgCagInfo(SYNTHETIC v4),2026-09-26 06:03:34.429988+00:00,OK,True
KRUSN,2026,58,140035,동방7호,석유제품운반선,,,SYN140035_2026_058,SYN-140035_2026_058-4,,O,수출,장생포호안,액체,가솔린,1203,016420,선종(석유제품운반선)·선석 미정·종수가정 4/4,벌크,펌프,TON,10740.5,10740.5,,,11814.6,10740.5,,,울산,,,2026-09-25 16:00:00+00:00,,UPA_SYNTHETIC,IntgCagInfo(SYNTHETIC v4),2026-09-26 06:03:34.429988+00:00,OK,True
KRUSN,2026,55,140052,세양글로리,석유제품운반선,,,SYN140052_2026_055,SYN-140052_2026_055-1,,I,수입,정박지-M1,액체,석유증류물(기타),1268,001128,선종(석유제품운반선)·선석 미정·종수가정 4/4,벌크,펌프,TON,19131.8,19131.8,,,21045.0,19131.8,,울산,,,,2026-09-20 17:00:00+00:00,,UPA_SYNTHETIC,IntgCagInfo(SYNTHETIC v4),2026-09-26 06:03:34.439080+00:00,OK,True
KRUSN,2026,55,140052,세양글로리,석유제품운반선,,,SYN140052_2026_055,SYN-140052_2026_055-2,,I,수입,정박지-M1,액체,디젤 연료/경유,1202,000973,선종(석유제품운반선)·선석 미정·종수가정 4/4,벌크,펌프,TON,12805.2,12805.2,,,14085.7,12805.2,,울산,,,,2026-09-20 17:00:00+00:00,,UPA_SYNTHETIC,IntgCagInfo(SYNTHETIC v4),2026-09-26 06:03:34.439630+00:00,OK,True
KRUSN,2026,55,140052,세양글로리,석유제품운반선,,,SYN140052_2026_055,SYN-140052_2026_055-3,,I,수입,정박지-M1,액체,케로신,1223,000756,선종(석유제품운반선)·선석 미정·종수가정 4/4,벌크,펌프,TON,11057.6,11057.6,,,12163.4,11057.6,,울산,,,,2026-09-20 17:00:00+00:00,,UPA_SYNTHETIC,IntgCagInfo(SYNTHETIC v4),2026-09-26 06:03:34.439630+00:00,OK,True
KRUSN,2026,55,140052,세양글로리,석유제품운반선,,,SYN140052_2026_055,SYN-140052_2026_055-4,,O,수출,정박지-M1,액체,가솔린,1203,016420,선종(석유제품운반선)·선석 미정·종수가정 4/4,벌크,펌프,TON,27267.5,27267.5,,,29994.3,27267.5,,,울산,,,2026-09-20 17:00:00+00:00,,UPA_SYNTHETIC,IntgCagInfo(SYNTHETIC v4),2026-09-26 06:03:34.439630+00:00,OK,True
KRUSN,2026,26,141076,티앤 루나,석유제품운반선,,,SYN141076_2026_026,SYN-141076_2026_026-1,,O,수출,현대오일터미널 신항2부두,액체,케로신,1223,000756,선종(석유제품운반선)·터미널 취급품목(HYUNDAI_OIL)·PORT-MIS 선석·종수가정 2/3,벌크,펌프,TON,23802.4,23802.4,,,26182.6,23802.4,,,울산,,,2026-09-13 21:00:00+00:00,,UPA_SYNTHETIC,IntgCagInfo(SYNTHETIC v4),2026-09-26 06:03:34.443136+00:00,OK,True
KRUSN,2026,26,141076,티앤 루나,석유제품운반선,,,SYN141076_2026_026,SYN-141076_2026_026-2,,O,수출,현대오일터미널 신항2부두,액체,석유증류물(기타),1268,001128,선종(석유제품운반선)·터미널 취급품목(HYUNDAI_OIL)·PORT-MIS 선석·종수가정 2/3,벌크,펌프,TON,8877.8,8877.8,,,9765.6,8877.8,,,울산,,,2026-09-13 21:00:00+00:00,,UPA_SYNTHETIC,IntgCagInfo(SYNTHETIC v4),2026-09-26 06:03:34.443136+00:00,OK,True
KRUSN,2026,28,141076,티앤 루나,석유제품운반선,,,SYN141076_2026_028,SYN-141076_2026_028-1,,I,수입,정일스톨트헤븐 울산신항3부두,액체,메탄올,1230,001151,대표화물코드 29·터미널 취급품목(JEONGIL_STOLTHAVEN)·PORT-MIS 선석·종수가정 2/2,벌크,펌프,TON,24524.3,24524.3,,,26976.7,24524.3,,울산,,,,2026-09-25 07:00:00+00:00,,UPA_SYNTHETIC,IntgCagInfo(SYNTHETIC v4),2026-09-26 06:03:34.443136+00:00,OK,True
KRUSN,2026,28,141076,티앤 루나,석유제품운반선,,,SYN141076_2026_028,SYN-141076_2026_028-2,,I,수입,정일스톨트헤븐 울산신항3부두,액체,크실렌,1307,001077,대표화물코드 29·터미널 취급품목(JEONGIL_STOLTHAVEN)·PORT-MIS 선석·종수가정 2/2,벌크,펌프,TON,21752.1,21752.1,,,23927.3,21752.1,,울산,,,,2026-09-25 07:00:00+00:00,,UPA_SYNTHETIC,IntgCagInfo(SYNTHETIC v4),2026-09-26 06:03:34.443678+00:00,OK,True
KRUSN,2026,1,150035,한유파이오니아,석유제품운반선,,,SYN150035_2026_001,SYN-150035_2026_001-1,,I,수입,정박지-M5,액체,가솔린,1203,016420,선종(석유제품운반선)·선석 미정·종수가정 2/4,벌크,펌프,TON,22299.2,22299.2,,,24529.1,22299.2,,울산,,,,2026-09-14 22:00:00+00:00,,UPA_SYNTHETIC,IntgCagInfo(SYNTHETIC v4),2026-09-26 06:03:34.446893+00:00,OK,True
KRUSN,2026,1,150035,한유파이오니아,석유제품운반선,,,SYN150035_2026_001,SYN-150035_2026_001-2,,I,수입,정박지-M5,액체,디젤 연료/경유,1202,000973,선종(석유제품운반선)·선석 미정·종수가정 2/4,벌크,펌프,TON,21264.5,21264.5,,,23391.0,21264.5,,울산,,,,2026-09-14 22:00:00+00:00,,UPA_SYNTHETIC,IntgCagInfo(SYNTHETIC v4),2026-09-26 06:03:34.446893+00:00,OK,True
KRUSN,2026,21,151058,미라클 알파,케미칼운반선,,,SYN151058_2026_021,SYN-151058_2026_021-1,,I,수입,정박지-E1,액체,테트라하이드로푸란,2056,001041,선종(케미칼운반선)·선석 미정·종수가정 3/8,벌크,펌프,TON,16303.3,16303.3,,,17933.6,16303.3,,울산,,,,2026-09-14 10:00:00+00:00,,UPA_SYNTHETIC,IntgCagInfo(SYNTHETIC v4),2026-09-26 06:03:34.450904+00:00,OK,True
KRUSN,2026,21,151058,미라클 알파,케미칼운반선,,,SYN151058_2026_021,SYN-151058_2026_021-2,,I,수입,정박지-E1,액체,벤젠,1114,001008,선종(케미칼운반선)·선석 미정·종수가정 3/8,벌크,펌프,TON,11722.7,11722.7,,,12895.0,11722.7,,울산,,,,2026-09-14 10:00:00+00:00,,UPA_SYNTHETIC,IntgCagInfo(SYNTHETIC v4),2026-09-26 06:03:34.450904+00:00,OK,True
KRUSN,2026,21,151058,미라클 알파,케미칼운반선,,,SYN151058_2026_021,SYN-151058_2026_021-3,,I,수입,정박지-E1,액체,톨루엔,1294,001032,선종(케미칼운반선)·선석 미정·종수가정 3/8,벌크,펌프,TON,14848.6,14848.6,,,16333.5,14848.6,,울산,,,,2026-09-14 10:00:00+00:00,,UPA_SYNTHETIC,IntgCagInfo(SYNTHETIC v4),2026-09-26 06:03:34.450904+00:00,OK,True
KRUSN,2026,22,151058,미라클 알파,케미칼운반선,,,SYN151058_2026_022,SYN-151058_2026_022-1,,I,수입,정박지-E1,액체,케로신,1223,000756,대표화물코드 27·선석 미정·종수가정 5/8,벌크,펌프,TON,14767.7,14767.7,,,16244.5,14767.7,,울산,,,,2026-09-23 14:00:00+00:00,,UPA_SYNTHETIC,IntgCagInfo(SYNTHETIC v4),2026-09-26 06:03:34.450904+00:00,OK,True
KRUSN,2026,22,151058,미라클 알파,케미칼운반선,,,SYN151058_2026_022,SYN-151058_2026_022-2,,O,수출,정박지-E1,액체,벤젠,1114,001008,대표화물코드 27·선석 미정·종수가정 5/8,벌크,펌프,TON,7321.7,7321.7,,,8053.9,7321.7,,,울산,,,2026-09-23 14:00:00+00:00,,UPA_SYNTHETIC,IntgCagInfo(SYNTHETIC v4),2026-09-26 06:03:34.450904+00:00,OK,True
KRUSN,2026,22,151058,미라클 알파,케미칼운반선,,,SYN151058_2026_022,SYN-151058_2026_022-3,,I,수입,정박지-E1,액체,원유,1267,000751,대표화물코드 27·선석 미정·종수가정 5/8,벌크,펌프,TON,25489.7,25489.7,,,28038.7,25489.7,,울산,,,,2026-09-23 14:00:00+00:00,,UPA_SYNTHETIC,IntgCagInfo(SYNTHETIC v4),2026-09-26 06:03:34.451905+00:00,OK,True
KRUSN,2026,22,151058,미라클 알파,케미칼운반선,,,SYN151058_2026_022,SYN-151058_2026_022-4,,I,수입,정박지-E1,액체,크실렌,1307,001077,대표화물코드 27·선석 미정·종수가정 5/8,벌크,펌프,TON,22477.7,22477.7,,,24725.5,22477.7,,울산,,,,2026-09-23 14:00:00+00:00,,UPA_SYNTHETIC,IntgCagInfo(SYNTHETIC v4),2026-09-26 06:03:34.451905+00:00,OK,True
KRUSN,2026,22,151058,미라클 알파,케미칼운반선,,,SYN151058_2026_022,SYN-151058_2026_022-5,,I,수입,정박지-E1,액체,가솔린,1203,016420,대표화물코드 27·선석 미정·종수가정 5/8,벌크,펌프,TON,11111.5,11111.5,,,12222.7,11111.5,,울산,,,,2026-09-23 14:00:00+00:00,,UPA_SYNTHETIC,IntgCagInfo(SYNTHETIC v4),2026-09-26 06:03:34.451905+00:00,OK,True
KRUSN,2026,61,160063,스카이케미,석유제품운반선,,,SYN160063_2026_061,SYN-160063_2026_061-1,,O,수출,SK1부두,액체,석유증류물(기타),1268,001128,선종(석유제품운반선)·선석분류(유류/berth+UPA)·VTS 접안·종수가정 2/4,벌크,펌프,TON,10803.9,10803.9,,,11884.3,10803.9,,,울산,,,2026-09-12 15:00:00+00:00,,UPA_SYNTHETIC,IntgCagInfo(SYNTHETIC v4),2026-09-26 06:03:34.456925+00:00,OK,True
KRUSN,2026,61,160063,스카이케미,석유제품운반선,,,SYN160063_2026_061,SYN-160063_2026_061-2,,O,수출,SK1부두,액체,케로신,1223,000756,선종(석유제품운반선)·선석분류(유류/berth+UPA)·VTS 접안·종수가정 2/4,벌크,펌프,TON,29159.0,29159.0,,,32074.9,29159.0,,,울산,,,2026-09-12 15:00:00+00:00,,UPA_SYNTHETIC,IntgCagInfo(SYNTHETIC v4),2026-09-26 06:03:34.456925+00:00,OK,True
KRUSN,2026,38,160064,제1은희호,기타유조선,,,SYN160064_2026_038,SYN-160064_2026_038-1,,I,수입,SK5부두,액체,디젤 연료/경유,1202,000973,대표화물코드 27·선석분류(유류/berth+UPA)·PORT-MIS 선석·종수가정 1/4,벌크,펌프,TON,13590.6,13590.6,,,14949.7,13590.6,,울산,,,,2026-09-20 06:00:00+00:00,,UPA_SYNTHETIC,IntgCagInfo(SYNTHETIC v4),2026-09-26 06:03:34.461942+00:00,OK,True
KRUSN,2026,39,160064,제1은희호,기타유조선,,,SYN160064_2026_039,SYN-160064_2026_039-1,,I,수입,SK5부두,액체,케로신,1223,000756,대표화물코드 27·선석분류(유류/berth+UPA)·PORT-MIS 선석·종수가정 4/4,벌크,펌프,TON,4672.4,4672.4,,,5139.6,4672.4,,울산,,,,2026-09-25 13:00:00+00:00,,UPA_SYNTHETIC,IntgCagInfo(SYNTHETIC v4),2026-09-26 06:03:34.463043+00:00,OK,True
KRUSN,2026,39,160064,제1은희호,기타유조선,,,SYN160064_2026_039,SYN-160064_2026_039-2,,I,수입,SK5부두,액체,가솔린,1203,016420,대표화물코드 27·선석분류(유류/berth+UPA)·PORT-MIS 선석·종수가정 4/4,벌크,펌프,TON,12287.2,12287.2,,,13515.9,12287.2,,울산,,,,2026-09-25 13:00:00+00:00,,UPA_SYNTHETIC,IntgCagInfo(SYNTHETIC v4),2026-09-26 06:03:34.463147+00:00,OK,True
KRUSN,2026,39,160064,제1은희호,기타유조선,,,SYN160064_2026_039,SYN-160064_2026_039-3,,I,수입,SK5부두,액체,디젤 연료/경유,1202,000973,대표화물코드 27·선석분류(유류/berth+UPA)·PORT-MIS 선석·종수가정 4/4,벌크,펌프,TON,12627.7,12627.7,,,13890.5,12627.7,,울산,,,,2026-09-25 13:00:00+00:00,,UPA_SYNTHETIC,IntgCagInfo(SYNTHETIC v4),2026-09-26 06:03:34.463147+00:00,OK,True
KRUSN,2026,39,160064,제1은희호,기타유조선,,,SYN160064_2026_039,SYN-160064_2026_039-4,,O,수출,SK5부두,액체,석유증류물(기타),1268,001128,대표화물코드 27·선석분류(유류/berth+UPA)·PORT-MIS 선석·종수가정 4/4,벌크,펌프,TON,29085.4,29085.4,,,31993.9,29085.4,,,울산,,,2026-09-25 13:00:00+00:00,,UPA_SYNTHETIC,IntgCagInfo(SYNTHETIC v4),2026-09-26 06:03:34.463147+00:00,OK,True
KRUSN,2026,29,161008,우찬,케미칼운반선,,,SYN161008_2026_029,SYN-161008_2026_029-1,,O,수출,정박지-E1,액체,크실렌,1307,001077,선종(케미칼운반선)·선석 미정·종수가정 4/8,벌크,펌프,TON,6517.0,6517.0,,,7168.7,6517.0,,,울산,,,2026-09-12 10:00:00+00:00,,UPA_SYNTHETIC,IntgCagInfo(SYNTHETIC v4),2026-09-26 06:03:34.469430+00:00,OK,True
KRUSN,2026,29,161008,우찬,케미칼운반선,,,SYN161008_2026_029,SYN-161008_2026_029-2,,O,수출,정박지-E1,액체,톨루엔,1294,001032,선종(케미칼운반선)·선석 미정·종수가정 4/8,벌크,펌프,TON,2035.2,2035.2,,,2238.7,2035.2,,,울산,,,2026-09-12 10:00:00+00:00,,UPA_SYNTHETIC,IntgCagInfo(SYNTHETIC v4),2026-09-26 06:03:34.469430+00:00,OK,True
KRUSN,2026,29,161008,우찬,케미칼운반선,,,SYN161008_2026_029,SYN-161008_2026_029-3,,O,수출,정박지-E1,액체,아크릴로니트릴(안정화),1093,001143,선종(케미칼운반선)·선석 미정·종수가정 4/8,벌크,펌프,TON,2956.8,2956.8,,,3252.5,2956.8,,,울산,,,2026-09-12 10:00:00+00:00,,UPA_SYNTHETIC,IntgCagInfo(SYNTHETIC v4),2026-09-26 06:03:34.469430+00:00,OK,True
KRUSN,2026,29,161008,우찬,케미칼운반선,,,SYN161008_2026_029,SYN-161008_2026_029-4,,O,수출,정박지-E1,액체,스티렌 모노머(안정화),2055,001027,선종(케미칼운반선)·선석 미정·종수가정 4/8,벌크,펌프,TON,25610.7,25610.7,,,28171.8,25610.7,,,울산,,,2026-09-12 10:00:00+00:00,,UPA_SYNTHETIC,IntgCagInfo(SYNTHETIC v4),2026-09-26 06:03:34.469982+00:00,OK,True
KRUSN,2026,30,161008,우찬,케미칼운반선,,,SYN161008_2026_030,SYN-161008_2026_030-1,,O,수출,정박지-E1,액체,테트라하이드로푸란,2056,001041,선종(케미칼운반선)·선석 미정·종수가정 5/8,벌크,펌프,TON,25098.2,25098.2,,,27608.0,25098.2,,,울산,,,2026-09-20 09:00:00+00:00,,UPA_SYNTHETIC,IntgCagInfo(SYNTHETIC v4),2026-09-26 06:03:34.471637+00:00,OK,True
KRUSN,2026,30,161008,우찬,케미칼운반선,,,SYN161008_2026_030,SYN-161008_2026_030-2,,O,수출,정박지-E1,액체,스티렌 모노머(안정화),2055,001027,선종(케미칼운반선)·선석 미정·종수가정 5/8,벌크,펌프,TON,14590.6,14590.6,,,16049.7,14590.6,,,울산,,,2026-09-20 09:00:00+00:00,,UPA_SYNTHETIC,IntgCagInfo(SYNTHETIC v4),2026-09-26 06:03:34.471637+00:00,OK,True
KRUSN,2026,30,161008,우찬,케미칼운반선,,,SYN161008_2026_030,SYN-161008_2026_030-3,,I,수입,정박지-E1,액체,크실렌,1307,001077,선종(케미칼운반선)·선석 미정·종수가정 5/8,벌크,펌프,TON,29096.6,29096.6,,,32006.3,29096.6,,울산,,,,2026-09-20 09:00:00+00:00,,UPA_SYNTHETIC,IntgCagInfo(SYNTHETIC v4),2026-09-26 06:03:34.472181+00:00,OK,True
KRUSN,2026,30,161008,우찬,케미칼운반선,,,SYN161008_2026_030,SYN-161008_2026_030-4,,O,수출,정박지-E1,액체,메탄올,1230,001151,선종(케미칼운반선)·선석 미정·종수가정 5/8,벌크,펌프,TON,25235.3,25235.3,,,27758.8,25235.3,,,울산,,,2026-09-20 09:00:00+00:00,,UPA_SYNTHETIC,IntgCagInfo(SYNTHETIC v4),2026-09-26 06:03:34.472181+00:00,OK,True
KRUSN,2026,30,161008,우찬,케미칼운반선,,,SYN161008_2026_030,SYN-161008_2026_030-5,,O,수출,정박지-E1,액체,벤젠,1114,001008,선종(케미칼운반선)·선석 미정·종수가정 5/8,벌크,펌프,TON,26415.1,26415.1,,,29056.6,26415.1,,,울산,,,2026-09-20 09:00:00+00:00,,UPA_SYNTHETIC,IntgCagInfo(SYNTHETIC v4),2026-09-26 06:03:34.472181+00:00,OK,True
KRUSN,2026,29,161063,우현,석유제품운반선,,,SYN161063_2026_029,SYN-161063_2026_029-1,,I,수입,정박지-M1,액체,가솔린,1203,016420,선종(석유제품운반선)·선석 미정·종수가정 2/4,벌크,펌프,TON,12867.5,12867.5,,,14154.3,12867.5,,울산,,,,2026-09-13 00:00:00+00:00,,UPA_SYNTHETIC,IntgCagInfo(SYNTHETIC v4),2026-09-26 06:03:34.474901+00:00,OK,True
KRUSN,2026,29,161063,우현,석유제품운반선,,,SYN161063_2026_029,SYN-161063_2026_029-2,,O,수출,정박지-M1,액체,석유증류물(기타),1268,001128,선종(석유제품운반선)·선석 미정·종수가정 2/4,벌크,펌프,TON,24696.6,24696.6,,,27166.3,24696.6,,,울산,,,2026-09-13 00:00:00+00:00,,UPA_SYNTHETIC,IntgCagInfo(SYNTHETIC v4),2026-09-26 06:03:34.474901+00:00,OK,True
KRUSN,2026,31,161063,우현,석유제품운반선,,,SYN161063_2026_031,SYN-161063_2026_031-1,,I,수입,정박지-M1,액체,석유증류물(기타),1268,001128,선종(석유제품운반선)·선석 미정·종수가정 4/4,벌크,펌프,TON,20953.9,20953.9,,,23049.3,20953.9,,울산,,,,2026-09-26 15:00:00+00:00,,UPA_SYNTHETIC,IntgCagInfo(SYNTHETIC v4),2026-09-26 06:03:34.475431+00:00,OK,True
KRUSN,2026,31,161063,우현,석유제품운반선,,,SYN161063_2026_031,SYN-161063_2026_031-2,,O,수출,정박지-M1,액체,디젤 연료/경유,1202,000973,선종(석유제품운반선)·선석 미정·종수가정 4/4,벌크,펌프,TON,9243.3,9243.3,,,10167.6,9243.3,,,울산,,,2026-09-26 15:00:00+00:00,,UPA_SYNTHETIC,IntgCagInfo(SYNTHETIC v4),2026-09-26 06:03:34.475431+00:00,OK,True
KRUSN,2026,31,161063,우현,석유제품운반선,,,SYN161063_2026_031,SYN-161063_2026_031-3,,I,수입,정박지-M1,액체,케로신,1223,000756,선종(석유제품운반선)·선석 미정·종수가정 4/4,벌크,펌프,TON,26237.4,26237.4,,,28861.1,26237.4,,울산,,,,2026-09-26 15:00:00+00:00,,UPA_SYNTHETIC,IntgCagInfo(SYNTHETIC v4),2026-09-26 06:03:34.475431+00:00,OK,True
KRUSN,2026,31,161063,우현,석유제품운반선,,,SYN161063_2026_031,SYN-161063_2026_031-4,,I,수입,정박지-M1,액체,가솔린,1203,016420,선종(석유제품운반선)·선석 미정·종수가정 4/4,벌크,펌프,TON,12642.4,12642.4,,,13906.6,12642.4,,울산,,,,2026-09-26 15:00:00+00:00,,UPA_SYNTHETIC,IntgCagInfo(SYNTHETIC v4),2026-09-26 06:03:34.475431+00:00,OK,True
KRUSN,2026,65,162805,유한1호,기타유조선,,,SYN162805_2026_065,SYN-162805_2026_065-1,,O,수출,장생포호안,액체,크실렌,1307,001077,대표화물코드 27·선석 미정·종수가정 4/6,벌크,펌프,TON,16703.7,16703.7,,,18374.1,16703.7,,,울산,,,2026-09-21 03:00:00+00:00,,UPA_SYNTHETIC,IntgCagInfo(SYNTHETIC v4),2026-09-26 06:03:34.484345+00:00,OK,True
KRUSN,2026,65,162805,유한1호,기타유조선,,,SYN162805_2026_065,SYN-162805_2026_065-2,,O,수출,장생포호안,액체,원유,1267,000751,대표화물코드 27·선석 미정·종수가정 4/6,벌크,펌프,TON,27618.2,27618.2,,,30380.0,27618.2,,,울산,,,2026-09-21 03:00:00+00:00,,UPA_SYNTHETIC,IntgCagInfo(SYNTHETIC v4),2026-09-26 06:03:34.484395+00:00,OK,True
KRUSN,2026,65,162805,유한1호,기타유조선,,,SYN162805_2026_065,SYN-162805_2026_065-3,,O,수출,장생포호안,액체,디젤 연료/경유,1202,000973,대표화물코드 27·선석 미정·종수가정 4/6,벌크,펌프,TON,16560.6,16560.6,,,18216.7,16560.6,,,울산,,,2026-09-21 03:00:00+00:00,,UPA_SYNTHETIC,IntgCagInfo(SYNTHETIC v4),2026-09-26 06:03:34.484395+00:00,OK,True
KRUSN,2026,65,162805,유한1호,기타유조선,,,SYN162805_2026_065,SYN-162805_2026_065-4,,I,수입,장생포호안,액체,벤젠,1114,001008,대표화물코드 27·선석 미정·종수가정 4/6,벌크,펌프,TON,21583.3,21583.3,,,23741.6,21583.3,,울산,,,,2026-09-21 03:00:00+00:00,,UPA_SYNTHETIC,IntgCagInfo(SYNTHETIC v4),2026-09-26 06:03:34.484518+00:00,OK,True
KRUSN,2026,66,162805,유한1호,기타유조선,,,SYN162805_2026_066,SYN-162805_2026_066-1,,I,수입,정박지-M1,액체,케로신,1223,000756,대표화물코드 27·선석 미정·종수가정 6/6,벌크,펌프,TON,9083.9,9083.9,,,9992.3,9083.9,,울산,,,,2026-09-22 15:00:00+00:00,,UPA_SYNTHETIC,IntgCagInfo(SYNTHETIC v4),2026-09-26 06:03:34.485630+00:00,OK,True
KRUSN,2026,66,162805,유한1호,기타유조선,,,SYN162805_2026_066,SYN-162805_2026_066-2,,I,수입,정박지-M1,액체,톨루엔,1294,001032,대표화물코드 27·선석 미정·종수가정 6/6,벌크,펌프,TON,17367.8,17367.8,,,19104.6,17367.8,,울산,,,,2026-09-22 15:00:00+00:00,,UPA_SYNTHETIC,IntgCagInfo(SYNTHETIC v4),2026-09-26 06:03:34.486213+00:00,OK,True
KRUSN,2026,66,162805,유한1호,기타유조선,,,SYN162805_2026_066,SYN-162805_2026_066-3,,O,수출,정박지-M1,액체,벤젠,1114,001008,대표화물코드 27·선석 미정·종수가정 6/6,벌크,펌프,TON,24076.3,24076.3,,,26483.9,24076.3,,,울산,,,2026-09-22 15:00:00+00:00,,UPA_SYNTHETIC,IntgCagInfo(SYNTHETIC v4),2026-09-26 06:03:34.486213+00:00,OK,True
KRUSN,2026,66,162805,유한1호,기타유조선,,,SYN162805_2026_066,SYN-162805_2026_066-4,,I,수입,정박지-M1,액체,가솔린,1203,016420,대표화물코드 27·선석 미정·종수가정 6/6,벌크,펌프,TON,16242.0,16242.0,,,17866.2,16242.0,,울산,,,,2026-09-22 15:00:00+00:00,,UPA_SYNTHETIC,IntgCagInfo(SYNTHETIC v4),2026-09-26 06:03:34.486213+00:00,OK,True
KRUSN,2026,66,162805,유한1호,기타유조선,,,SYN162805_2026_066,SYN-162805_2026_066-5,,O,수출,정박지-M1,액체,디젤 연료/경유,1202,000973,대표화물코드 27·선석 미정·종수가정 6/6,벌크,펌프,TON,813.2,813.2,,,894.5,813.2,,,울산,,,2026-09-22 15:00:00+00:00,,UPA_SYNTHETIC,IntgCagInfo(SYNTHETIC v4),2026-09-26 06:03:34.486213+00:00,OK,True
KRUSN,2026,66,162805,유한1호,기타유조선,,,SYN162805_2026_066,SYN-162805_2026_066-6,,I,수입,정박지-M1,액체,크실렌,1307,001077,대표화물코드 27·선석 미정·종수가정 6/6,벌크,펌프,TON,15599.2,15599.2,,,17159.1,15599.2,,울산,,,,2026-09-22 15:00:00+00:00,,UPA_SYNTHETIC,IntgCagInfo(SYNTHETIC v4),2026-09-26 06:03:34.486213+00:00,OK,True
KRUSN,2026,67,162805,유한1호,기타유조선,,,SYN162805_2026_067,SYN-162805_2026_067-1,,O,수출,정박지-M1,액체,디젤 연료/경유,1202,000973,대표화물코드 27·선석 미정·종수가정 5/6,벌크,펌프,TON,16900.8,16900.8,,,18590.9,16900.8,,,울산,,,2026-09-24 03:00:00+00:00,,UPA_SYNTHETIC,IntgCagInfo(SYNTHETIC v4),2026-09-26 06:03:34.488736+00:00,OK,True
KRUSN,2026,67,162805,유한1호,기타유조선,,,SYN162805_2026_067,SYN-162805_2026_067-2,,I,수입,정박지-M1,액체,원유,1267,000751,대표화물코드 27·선석 미정·종수가정 5/6,벌크,펌프,TON,11365.5,11365.5,,,12502.1,11365.5,,울산,,,,2026-09-24 03:00:00+00:00,,UPA_SYNTHETIC,IntgCagInfo(SYNTHETIC v4),2026-09-26 06:03:34.488736+00:00,OK,True
KRUSN,2026,67,162805,유한1호,기타유조선,,,SYN162805_2026_067,SYN-162805_2026_067-3,,O,수출,정박지-M1,액체,벤젠,1114,001008,대표화물코드 27·선석 미정·종수가정 5/6,벌크,펌프,TON,2175.7,2175.7,,,2393.3,2175.7,,,울산,,,2026-09-24 03:00:00+00:00,,UPA_SYNTHETIC,IntgCagInfo(SYNTHETIC v4),2026-09-26 06:03:34.488736+00:00,OK,True
KRUSN,2026,67,162805,유한1호,기타유조선,,,SYN162805_2026_067,SYN-162805_2026_067-4,,I,수입,정박지-M1,액체,톨루엔,1294,001032,대표화물코드 27·선석 미정·종수가정 5/6,벌크,펌프,TON,10793.8,10793.8,,,11873.2,10793.8,,울산,,,,2026-09-24 03:00:00+00:00,,UPA_SYNTHETIC,IntgCagInfo(SYNTHETIC v4),2026-09-26 06:03:34.488736+00:00,OK,True
KRUSN,2026,67,162805,유한1호,기타유조선,,,SYN162805_2026_067,SYN-162805_2026_067-5,,O,수출,정박지-M1,액체,크실렌,1307,001077,대표화물코드 27·선석 미정·종수가정 5/6,벌크,펌프,TON,28697.7,28697.7,,,31567.5,28697.7,,,울산,,,2026-09-24 03:00:00+00:00,,UPA_SYNTHETIC,IntgCagInfo(SYNTHETIC v4),2026-09-26 06:03:34.488736+00:00,OK,True
KRUSN,2026,68,162805,유한1호,기타유조선,,,SYN162805_2026_068,SYN-162805_2026_068-1,,O,수출,정박지-M1,액체,벤젠,1114,001008,대표화물코드 27·선석 미정·종수가정 3/6,벌크,펌프,TON,2211.9,2211.9,,,2433.1,2211.9,,,울산,,,2026-09-26 03:00:00+00:00,,UPA_SYNTHETIC,IntgCagInfo(SYNTHETIC v4),2026-09-26 06:03:34.491052+00:00,OK,True
KRUSN,2026,68,162805,유한1호,기타유조선,,,SYN162805_2026_068,SYN-162805_2026_068-2,,O,수출,정박지-M1,액체,원유,1267,000751,대표화물코드 27·선석 미정·종수가정 3/6,벌크,펌프,TON,11326.5,11326.5,,,12459.2,11326.5,,,울산,,,2026-09-26 03:00:00+00:00,,UPA_SYNTHETIC,IntgCagInfo(SYNTHETIC v4),2026-09-26 06:03:34.491052+00:00,OK,True
KRUSN,2026,68,162805,유한1호,기타유조선,,,SYN162805_2026_068,SYN-162805_2026_068-3,,O,수출,정박지-M1,액체,케로신,1223,000756,대표화물코드 27·선석 미정·종수가정 3/6,벌크,펌프,TON,13807.7,13807.7,,,15188.5,13807.7,,,울산,,,2026-09-26 03:00:00+00:00,,UPA_SYNTHETIC,IntgCagInfo(SYNTHETIC v4),2026-09-26 06:03:34.491052+00:00,OK,True
KRUSN,2026,11,170014,건룡호,급유선,,,SYN170014_2026_011,SYN-170014_2026_011-1,,O,수출,온산4부두,액체,디젤 연료/경유,1202,000973,대표화물코드 27·선석분류(유류/berth)·PORT-MIS 선석·종수가정 1/2,벌크,펌프,TON,4901.2,4901.2,,,5391.3,4901.2,,,울산,,,2026-09-21 00:00:00+00:00,,UPA_SYNTHETIC,IntgCagInfo(SYNTHETIC v4),2026-09-26 06:03:34.494512+00:00,OK,True
KRUSN,2026,12,170014,건룡호,급유선,,,SYN170014_2026_012,SYN-170014_2026_012-1,,O,수출,온산4부두,액체,디젤 연료/경유,1202,000973,대표화물코드 27·선석분류(유류/berth)·PORT-MIS 선석·종수가정 2/2,벌크,펌프,TON,9607.1,9607.1,,,10567.8,9607.1,,,울산,,,2026-09-27 20:00:00+00:00,,UPA_SYNTHETIC,IntgCagInfo(SYNTHETIC v4),2026-09-26 06:03:34.495068+00:00,OK,True
KRUSN,2026,12,170014,건룡호,급유선,,,SYN170014_2026_012,SYN-170014_2026_012-2,,O,수출,온산4부두,액체,석유증류물(기타),1268,001128,대표화물코드 27·선석분류(유류/berth)·PORT-MIS 선석·종수가정 2/2,벌크,펌프,TON,25614.5,25614.5,,,28176.0,25614.5,,,울산,,,2026-09-27 20:00:00+00:00,,UPA_SYNTHETIC,IntgCagInfo(SYNTHETIC v4),2026-09-26 06:03:34.495068+00:00,OK,True
KRUSN,2026,45,170035,두라썬,석유제품운반선,,,SYN170035_2026_045,SYN-170035_2026_045-1,,O,수출,정박지-E1,액체,가솔린,1203,016420,선종(석유제품운반선)·선석 미정·종수가정 1/4,벌크,펌프,TON,14377.8,14377.8,,,15815.6,14377.8,,,울산,,,2026-09-27 05:00:00+00:00,,UPA_SYNTHETIC,IntgCagInfo(SYNTHETIC v4),2026-09-26 06:03:34.501458+00:00,OK,True
KRUSN,2026,31,170036,17유성호,석유제품운반선,,,SYN170036_2026_031,SYN-170036_2026_031-1,,O,수출,장생포호안,액체,케로신,1223,000756,선종(석유제품운반선)·선석 미정·종수가정 4/4,벌크,펌프,TON,25946.4,25946.4,,,28541.0,25946.4,,,울산,,,2026-09-12 04:00:00+00:00,,UPA_SYNTHETIC,IntgCagInfo(SYNTHETIC v4),2026-09-26 06:03:34.503644+00:00,OK,True
KRUSN,2026,31,170036,17유성호,석유제품운반선,,,SYN170036_2026_031,SYN-170036_2026_031-2,,I,수입,장생포호안,액체,디젤 연료/경유,1202,000973,선종(석유제품운반선)·선석 미정·종수가정 4/4,벌크,펌프,TON,27909.1,27909.1,,,30700.0,27909.1,,울산,,,,2026-09-12 04:00:00+00:00,,UPA_SYNTHETIC,IntgCagInfo(SYNTHETIC v4),2026-09-26 06:03:34.503644+00:00,OK,True
KRUSN,2026,31,170036,17유성호,석유제품운반선,,,SYN170036_2026_031,SYN-170036_2026_031-3,,O,수출,장생포호안,액체,석유증류물(기타),1268,001128,선종(석유제품운반선)·선석 미정·종수가정 4/4,벌크,펌프,TON,24525.5,24525.5,,,26978.1,24525.5,,,울산,,,2026-09-12 04:00:00+00:00,,UPA_SYNTHETIC,IntgCagInfo(SYNTHETIC v4),2026-09-26 06:03:34.503644+00:00,OK,True
KRUSN,2026,31,170036,17유성호,석유제품운반선,,,SYN170036_2026_031,SYN-170036_2026_031-4,,I,수입,장생포호안,액체,가솔린,1203,016420,선종(석유제품운반선)·선석 미정·종수가정 4/4,벌크,펌프,TON,4308.1,4308.1,,,4738.9,4308.1,,울산,,,,2026-09-12 04:00:00+00:00,,UPA_SYNTHETIC,IntgCagInfo(SYNTHETIC v4),2026-09-26 06:03:34.504174+00:00,OK,True
KRUSN,2026,34,170036,17유성호,석유제품운반선,,,SYN170036_2026_034,SYN-170036_2026_034-1,,O,수출,장생포호안,액체,가솔린,1203,016420,선종(석유제품운반선)·선석 미정·종수가정 1/4,벌크,펌프,TON,13607.2,13607.2,,,14967.9,13607.2,,,울산,,,2026-09-20 12:00:00+00:00,,UPA_SYNTHETIC,IntgCagInfo(SYNTHETIC v4),2026-09-26 06:03:34.504193+00:00,OK,True
KRUSN,2026,36,170036,17유성호,석유제품운반선,,,SYN170036_2026_036,SYN-170036_2026_036-1,,O,수출,정박지-M2,액체,디젤 연료/경유,1202,000973,선종(석유제품운반선)·선석 미정·종수가정 3/4,벌크,펌프,TON,1538.7,1538.7,,,1692.6,1538.7,,,울산,,,2026-09-26 09:00:00+00:00,,UPA_SYNTHETIC,IntgCagInfo(SYNTHETIC v4),2026-09-26 06:03:34.504193+00:00,OK,True
KRUSN,2026,36,170036,17유성호,석유제품운반선,,,SYN170036_2026_036,SYN-170036_2026_036-2,,O,수출,정박지-M2,액체,석유증류물(기타),1268,001128,선종(석유제품운반선)·선석 미정·종수가정 3/4,벌크,펌프,TON,4952.2,4952.2,,,5447.4,4952.2,,,울산,,,2026-09-26 09:00:00+00:00,,UPA_SYNTHETIC,IntgCagInfo(SYNTHETIC v4),2026-09-26 06:03:34.504193+00:00,OK,True
KRUSN,2026,36,170036,17유성호,석유제품운반선,,,SYN170036_2026_036,SYN-170036_2026_036-3,,O,수출,정박지-M2,액체,가솔린,1203,016420,선종(석유제품운반선)·선석 미정·종수가정 3/4,벌크,펌프,TON,22118.0,22118.0,,,24329.8,22118.0,,,울산,,,2026-09-26 09:00:00+00:00,,UPA_SYNTHETIC,IntgCagInfo(SYNTHETIC v4),2026-09-26 06:03:34.504718+00:00,OK,True
KRUSN,2026,24,3E6941,MIR HANA,케미칼운반선,,,SYN3E6941_2026_024,SYN-3E6941_2026_024-1,,I,수입,정박지-E1,액체,벤젠,1114,001008,대표화물코드 29·선석 미정·종수가정 2/8,벌크,펌프,TON,11365.4,11365.4,,,12501.9,11365.4,,울산,,,,2026-09-27 07:00:00+00:00,,UPA_SYNTHETIC,IntgCagInfo(SYNTHETIC v4),2026-09-26 06:03:34.799699+00:00,OK,True
KRUSN,2026,34,171071,티앤 레아,석유제품운반선,,,SYN171071_2026_034,SYN-171071_2026_034-1,,O,수출,S-Oil 1부두,액체,크실렌,1307,001077,대표화물코드 27·선석분류(액체화학·유류/berth+UPA)·PORT-MIS 선석·종수가정 6/6,벌크,펌프,TON,10109.0,10109.0,,,11119.9,10109.0,,,울산,,,2026-09-20 14:00:00+00:00,,UPA_SYNTHETIC,IntgCagInfo(SYNTHETIC v4),2026-09-26 06:03:34.506913+00:00,OK,True
KRUSN,2026,34,171071,티앤 레아,석유제품운반선,,,SYN171071_2026_034,SYN-171071_2026_034-2,,I,수입,S-Oil 1부두,액체,벤젠,1114,001008,대표화물코드 27·선석분류(액체화학·유류/berth+UPA)·PORT-MIS 선석·종수가정 6/6,벌크,펌프,TON,22852.7,22852.7,,,25138.0,22852.7,,울산,,,,2026-09-20 14:00:00+00:00,,UPA_SYNTHETIC,IntgCagInfo(SYNTHETIC v4),2026-09-26 06:03:34.506913+00:00,OK,True
KRUSN,2026,34,171071,티앤 레아,석유제품운반선,,,SYN171071_2026_034,SYN-171071_2026_034-3,,I,수입,S-Oil 1부두,액체,케로신,1223,000756,대표화물코드 27·선석분류(액체화학·유류/berth+UPA)·PORT-MIS 선석·종수가정 6/6,벌크,펌프,TON,27631.7,27631.7,,,30394.9,27631.7,,울산,,,,2026-09-20 14:00:00+00:00,,UPA_SYNTHETIC,IntgCagInfo(SYNTHETIC v4),2026-09-26 06:03:34.506913+00:00,OK,True
KRUSN,2026,34,171071,티앤 레아,석유제품운반선,,,SYN171071_2026_034,SYN-171071_2026_034-4,,I,수입,S-Oil 1부두,액체,톨루엔,1294,001032,대표화물코드 27·선석분류(액체화학·유류/berth+UPA)·PORT-MIS 선석·종수가정 6/6,벌크,펌프,TON,20155.9,20155.9,,,22171.5,20155.9,,울산,,,,2026-09-20 14:00:00+00:00,,UPA_SYNTHETIC,IntgCagInfo(SYNTHETIC v4),2026-09-26 06:03:34.506913+00:00,OK,True
KRUSN,2026,34,171071,티앤 레아,석유제품운반선,,,SYN171071_2026_034,SYN-171071_2026_034-5,,I,수입,S-Oil 1부두,액체,디젤 연료/경유,1202,000973,대표화물코드 27·선석분류(액체화학·유류/berth+UPA)·PORT-MIS 선석·종수가정 6/6,벌크,펌프,TON,19097.9,19097.9,,,21007.7,19097.9,,울산,,,,2026-09-20 14:00:00+00:00,,UPA_SYNTHETIC,IntgCagInfo(SYNTHETIC v4),2026-09-26 06:03:34.507436+00:00,OK,True
KRUSN,2026,34,171071,티앤 레아,석유제품운반선,,,SYN171071_2026_034,SYN-171071_2026_034-6,,I,수입,S-Oil 1부두,액체,가솔린,1203,016420,대표화물코드 27·선석분류(액체화학·유류/berth+UPA)·PORT-MIS 선석·종수가정 6/6,벌크,펌프,TON,13867.8,13867.8,,,15254.6,13867.8,,울산,,,,2026-09-20 14:00:00+00:00,,UPA_SYNTHETIC,IntgCagInfo(SYNTHETIC v4),2026-09-26 06:03:34.507436+00:00,OK,True
KRUSN,2026,64,176801,아람,석유제품운반선,,,SYN176801_2026_064,SYN-176801_2026_064-1,,I,수입,현대오일터미널 신항2부두,액체,케로신,1223,000756,선종(석유제품운반선)·터미널 취급품목(HYUNDAI_OIL)·PORT-MIS 선석·종수가정 1/3,벌크,펌프,TON,5478.4,5478.4,,,6026.2,5478.4,,울산,,,,2026-09-13 05:00:00+00:00,,UPA_SYNTHETIC,IntgCagInfo(SYNTHETIC v4),2026-09-26 06:03:34.510517+00:00,OK,True
KRUSN,2026,65,176801,아람,석유제품운반선,,,SYN176801_2026_065,SYN-176801_2026_065-1,,I,수입,현대오일터미널 신항2부두,액체,케로신,1223,000756,선종(석유제품운반선)·터미널 취급품목(HYUNDAI_OIL)·PORT-MIS 선석·종수가정 2/3,벌크,펌프,TON,26252.8,26252.8,,,28878.1,26252.8,,울산,,,,2026-09-21 12:00:00+00:00,,UPA_SYNTHETIC,IntgCagInfo(SYNTHETIC v4),2026-09-26 06:03:34.511088+00:00,OK,True
KRUSN,2026,65,176801,아람,석유제품운반선,,,SYN176801_2026_065,SYN-176801_2026_065-2,,O,수출,현대오일터미널 신항2부두,액체,석유증류물(기타),1268,001128,선종(석유제품운반선)·터미널 취급품목(HYUNDAI_OIL)·PORT-MIS 선석·종수가정 2/3,벌크,펌프,TON,11356.9,11356.9,,,12492.6,11356.9,,,울산,,,2026-09-21 12:00:00+00:00,,UPA_SYNTHETIC,IntgCagInfo(SYNTHETIC v4),2026-09-26 06:03:34.511088+00:00,OK,True
KRUSN,2026,53,180003,세양프라임,케미칼운반선,,,SYN180003_2026_053,SYN-180003_2026_053-1,,O,수출,정박지-M1,액체,벤젠,1114,001008,선종(케미칼운반선)·선석 미정·종수가정 3/8,벌크,펌프,TON,22590.5,22590.5,,,24849.6,22590.5,,,울산,,,2026-09-22 05:00:00+00:00,,UPA_SYNTHETIC,IntgCagInfo(SYNTHETIC v4),2026-09-26 06:03:34.515185+00:00,OK,True
KRUSN,2026,53,180003,세양프라임,케미칼운반선,,,SYN180003_2026_053,SYN-180003_2026_053-2,,I,수입,정박지-M1,액체,스티렌 모노머(안정화),2055,001027,선종(케미칼운반선)·선석 미정·종수가정 3/8,벌크,펌프,TON,12867.4,12867.4,,,14154.1,12867.4,,울산,,,,2026-09-22 05:00:00+00:00,,UPA_SYNTHETIC,IntgCagInfo(SYNTHETIC v4),2026-09-26 06:03:34.515837+00:00,OK,True
KRUSN,2026,53,180003,세양프라임,케미칼운반선,,,SYN180003_2026_053,SYN-180003_2026_053-3,,I,수입,정박지-M1,액체,"1,2-에폭시프로판(산화프로필렌)",1280,001162,선종(케미칼운반선)·선석 미정·종수가정 3/8,벌크,펌프,TON,3627.6,3627.6,,,3990.4,3627.6,,울산,,,,2026-09-22 05:00:00+00:00,,UPA_SYNTHETIC,IntgCagInfo(SYNTHETIC v4),2026-09-26 06:03:34.515837+00:00,OK,True
KRUSN,2026,4,180020,두라 5,석유제품운반선,,,SYN180020_2026_004,SYN-180020_2026_004-1,,I,수입,정박지-E1,액체,케로신,1223,000756,선종(석유제품운반선)·선석 미정·종수가정 4/4,벌크,펌프,TON,26779.3,26779.3,,,29457.2,26779.3,,울산,,,,2026-09-12 05:00:00+00:00,,UPA_SYNTHETIC,IntgCagInfo(SYNTHETIC v4),2026-09-26 06:03:34.518003+00:00,OK,True
KRUSN,2026,4,180020,두라 5,석유제품운반선,,,SYN180020_2026_004,SYN-180020_2026_004-2,,O,수출,정박지-E1,액체,가솔린,1203,016420,선종(석유제품운반선)·선석 미정·종수가정 4/4,벌크,펌프,TON,20430.5,20430.5,,,22473.6,20430.5,,,울산,,,2026-09-12 05:00:00+00:00,,UPA_SYNTHETIC,IntgCagInfo(SYNTHETIC v4),2026-09-26 06:03:34.518003+00:00,OK,True
KRUSN,2026,4,180020,두라 5,석유제품운반선,,,SYN180020_2026_004,SYN-180020_2026_004-3,,O,수출,정박지-E1,액체,석유증류물(기타),1268,001128,선종(석유제품운반선)·선석 미정·종수가정 4/4,벌크,펌프,TON,9848.1,9848.1,,,10832.9,9848.1,,,울산,,,2026-09-12 05:00:00+00:00,,UPA_SYNTHETIC,IntgCagInfo(SYNTHETIC v4),2026-09-26 06:03:34.518003+00:00,OK,True
KRUSN,2026,4,180020,두라 5,석유제품운반선,,,SYN180020_2026_004,SYN-180020_2026_004-4,,O,수출,정박지-E1,액체,디젤 연료/경유,1202,000973,선종(석유제품운반선)·선석 미정·종수가정 4/4,벌크,펌프,TON,20601.0,20601.0,,,22661.1,20601.0,,,울산,,,2026-09-12 05:00:00+00:00,,UPA_SYNTHETIC,IntgCagInfo(SYNTHETIC v4),2026-09-26 06:03:34.518003+00:00,OK,True
KRUSN,2026,33,180025,디엘 루비,석유제품운반선,,,SYN180025_2026_033,SYN-180025_2026_033-1,,I,수입,SK5부두,액체,석유증류물(기타),1268,001128,선종(석유제품운반선)·선석분류(유류/berth+UPA)·PORT-MIS 선석·종수가정 2/4,벌크,펌프,TON,11887.3,11887.3,,,13076.0,11887.3,,울산,,,,2026-09-12 14:00:00+00:00,,UPA_SYNTHETIC,IntgCagInfo(SYNTHETIC v4),2026-09-26 06:03:34.520153+00:00,OK,True
KRUSN,2026,33,180025,디엘 루비,석유제품운반선,,,SYN180025_2026_033,SYN-180025_2026_033-2,,O,수출,SK5부두,액체,케로신,1223,000756,선종(석유제품운반선)·선석분류(유류/berth+UPA)·PORT-MIS 선석·종수가정 2/4,벌크,펌프,TON,4494.3,4494.3,,,4943.7,4494.3,,,울산,,,2026-09-12 14:00:00+00:00,,UPA_SYNTHETIC,IntgCagInfo(SYNTHETIC v4),2026-09-26 06:03:34.520684+00:00,OK,True
KRUSN,2026,35,180025,디엘 루비,석유제품운반선,,,SYN180025_2026_035,SYN-180025_2026_035-1,,I,수입,SK5부두,액체,석유증류물(기타),1268,001128,대표화물코드 27·선석분류(유류/berth+UPA)·PORT-MIS 선석·종수가정 4/4,벌크,펌프,TON,9712.5,9712.5,,,10683.8,9712.5,,울산,,,,2026-09-23 11:00:00+00:00,,UPA_SYNTHETIC,IntgCagInfo(SYNTHETIC v4),2026-09-26 06:03:34.520684+00:00,OK,True
KRUSN,2026,35,180025,디엘 루비,석유제품운반선,,,SYN180025_2026_035,SYN-180025_2026_035-2,,O,수출,SK5부두,액체,케로신,1223,000756,대표화물코드 27·선석분류(유류/berth+UPA)·PORT-MIS 선석·종수가정 4/4,벌크,펌프,TON,28420.6,28420.6,,,31262.7,28420.6,,,울산,,,2026-09-23 11:00:00+00:00,,UPA_SYNTHETIC,IntgCagInfo(SYNTHETIC v4),2026-09-26 06:03:34.520684+00:00,OK,True
KRUSN,2026,35,180025,디엘 루비,석유제품운반선,,,SYN180025_2026_035,SYN-180025_2026_035-3,,O,수출,SK5부두,액체,가솔린,1203,016420,대표화물코드 27·선석분류(유류/berth+UPA)·PORT-MIS 선석·종수가정 4/4,벌크,펌프,TON,6658.3,6658.3,,,7324.1,6658.3,,,울산,,,2026-09-23 11:00:00+00:00,,UPA_SYNTHETIC,IntgCagInfo(SYNTHETIC v4),2026-09-26 06:03:34.520684+00:00,OK,True
KRUSN,2026,35,180025,디엘 루비,석유제품운반선,,,SYN180025_2026_035,SYN-180025_2026_035-4,,O,수출,SK5부두,액체,디젤 연료/경유,1202,000973,대표화물코드 27·선석분류(유류/berth+UPA)·PORT-MIS 선석·종수가정 4/4,벌크,펌프,TON,4933.1,4933.1,,,5426.4,4933.1,,,울산,,,2026-09-23 11:00:00+00:00,,UPA_SYNTHETIC,IntgCagInfo(SYNTHETIC v4),2026-09-26 06:03:34.520684+00:00,OK,True
KRUSN,2026,36,180025,디엘 루비,석유제품운반선,,,SYN180025_2026_036,SYN-180025_2026_036-1,,I,수입,SK5부두,액체,케로신,1223,000756,대표화물코드 27·선석분류(유류/berth+UPA)·PORT-MIS 선석·종수가정 1/4,벌크,펌프,TON,2609.7,2609.7,,,2870.7,2609.7,,울산,,,,2026-09-27 10:00:00+00:00,,UPA_SYNTHETIC,IntgCagInfo(SYNTHETIC v4),2026-09-26 06:03:34.520684+00:00,OK,True
KRUSN,2026,92,184803,진양1호,석유제품운반선,,,SYN184803_2026_092,SYN-184803_2026_092-1,,O,수출,SK2부두,액체,케로신,1223,000756,선종(석유제품운반선)·선석분류(유류/berth+UPA)·VTS 접안·종수가정 3/4,벌크,펌프,TON,23363.5,23363.5,,,25699.9,23363.5,,,울산,,,2026-09-12 16:00:00+00:00,,UPA_SYNTHETIC,IntgCagInfo(SYNTHETIC v4),2026-09-26 06:03:34.524097+00:00,OK,True
KRUSN,2026,92,184803,진양1호,석유제품운반선,,,SYN184803_2026_092,SYN-184803_2026_092-2,,I,수입,SK2부두,액체,디젤 연료/경유,1202,000973,선종(석유제품운반선)·선석분류(유류/berth+UPA)·VTS 접안·종수가정 3/4,벌크,펌프,TON,17184.2,17184.2,,,18902.6,17184.2,,울산,,,,2026-09-12 16:00:00+00:00,,UPA_SYNTHETIC,IntgCagInfo(SYNTHETIC v4),2026-09-26 06:03:34.524097+00:00,OK,True
KRUSN,2026,92,184803,진양1호,석유제품운반선,,,SYN184803_2026_092,SYN-184803_2026_092-3,,O,수출,SK2부두,액체,가솔린,1203,016420,선종(석유제품운반선)·선석분류(유류/berth+UPA)·VTS 접안·종수가정 3/4,벌크,펌프,TON,13506.9,13506.9,,,14857.6,13506.9,,,울산,,,2026-09-12 16:00:00+00:00,,UPA_SYNTHETIC,IntgCagInfo(SYNTHETIC v4),2026-09-26 06:03:34.524097+00:00,OK,True
KRUSN,2026,93,184803,진양1호,석유제품운반선,,,SYN184803_2026_093,SYN-184803_2026_093-1,,O,수출,SK2부두,액체,케로신,1223,000756,선종(석유제품운반선)·선석분류(유류/berth+UPA)·VTS 접안·종수가정 1/4,벌크,펌프,TON,11761.5,11761.5,,,12937.7,11761.5,,,울산,,,2026-09-14 13:00:00+00:00,,UPA_SYNTHETIC,IntgCagInfo(SYNTHETIC v4),2026-09-26 06:03:34.525774+00:00,OK,True
KRUSN,2026,96,184803,진양1호,석유제품운반선,,,SYN184803_2026_096,SYN-184803_2026_096-1,,O,수출,정박지-M1,액체,가솔린,1203,016420,선종(석유제품운반선)·선석 미정·종수가정 4/4,벌크,펌프,TON,18759.4,18759.4,,,20635.3,18759.4,,,울산,,,2026-09-21 13:00:00+00:00,,UPA_SYNTHETIC,IntgCagInfo(SYNTHETIC v4),2026-09-26 06:03:34.527719+00:00,OK,True
KRUSN,2026,96,184803,진양1호,석유제품운반선,,,SYN184803_2026_096,SYN-184803_2026_096-2,,I,수입,정박지-M1,액체,디젤 연료/경유,1202,000973,선종(석유제품운반선)·선석 미정·종수가정 4/4,벌크,펌프,TON,21077.7,21077.7,,,23185.5,21077.7,,울산,,,,2026-09-21 13:00:00+00:00,,UPA_SYNTHETIC,IntgCagInfo(SYNTHETIC v4),2026-09-26 06:03:34.528261+00:00,OK,True
KRUSN,2026,96,184803,진양1호,석유제품운반선,,,SYN184803_2026_096,SYN-184803_2026_096-3,,I,수입,정박지-M1,액체,석유증류물(기타),1268,001128,선종(석유제품운반선)·선석 미정·종수가정 4/4,벌크,펌프,TON,24937.4,24937.4,,,27431.1,24937.4,,울산,,,,2026-09-21 13:00:00+00:00,,UPA_SYNTHETIC,IntgCagInfo(SYNTHETIC v4),2026-09-26 06:03:34.528261+00:00,OK,True
KRUSN,2026,96,184803,진양1호,석유제품운반선,,,SYN184803_2026_096,SYN-184803_2026_096-4,,I,수입,정박지-M1,액체,케로신,1223,000756,선종(석유제품운반선)·선석 미정·종수가정 4/4,벌크,펌프,TON,14110.1,14110.1,,,15521.1,14110.1,,울산,,,,2026-09-21 13:00:00+00:00,,UPA_SYNTHETIC,IntgCagInfo(SYNTHETIC v4),2026-09-26 06:03:34.528261+00:00,OK,True
KRUSN,2026,97,184803,진양1호,석유제품운반선,,,SYN184803_2026_097,SYN-184803_2026_097-1,,I,수입,정박지-M1,액체,디젤 연료/경유,1202,000973,선종(석유제품운반선)·선석 미정·종수가정 2/4,벌크,펌프,TON,8843.0,8843.0,,,9727.3,8843.0,,울산,,,,2026-09-23 13:00:00+00:00,,UPA_SYNTHETIC,IntgCagInfo(SYNTHETIC v4),2026-09-26 06:03:34.530055+00:00,OK,True
KRUSN,2026,97,184803,진양1호,석유제품운반선,,,SYN184803_2026_097,SYN-184803_2026_097-2,,O,수출,정박지-M1,액체,가솔린,1203,016420,선종(석유제품운반선)·선석 미정·종수가정 2/4,벌크,펌프,TON,27373.4,27373.4,,,30110.7,27373.4,,,울산,,,2026-09-23 13:00:00+00:00,,UPA_SYNTHETIC,IntgCagInfo(SYNTHETIC v4),2026-09-26 06:03:34.530055+00:00,OK,True
KRUSN,2026,98,184803,진양1호,석유제품운반선,,,SYN184803_2026_098,SYN-184803_2026_098-1,,I,수입,정박지-M1,액체,디젤 연료/경유,1202,000973,선종(석유제품운반선)·선석 미정·종수가정 2/4,벌크,펌프,TON,5243.7,5243.7,,,5768.1,5243.7,,울산,,,,2026-09-26 10:00:00+00:00,,UPA_SYNTHETIC,IntgCagInfo(SYNTHETIC v4),2026-09-26 06:03:34.532488+00:00,OK,True
KRUSN,2026,98,184803,진양1호,석유제품운반선,,,SYN184803_2026_098,SYN-184803_2026_098-2,,O,수출,정박지-M1,액체,석유증류물(기타),1268,001128,선종(석유제품운반선)·선석 미정·종수가정 2/4,벌크,펌프,TON,27272.1,27272.1,,,29999.3,27272.1,,,울산,,,2026-09-26 10:00:00+00:00,,UPA_SYNTHETIC,IntgCagInfo(SYNTHETIC v4),2026-09-26 06:03:34.532488+00:00,OK,True
KRUSN,2026,99,184803,진양1호,석유제품운반선,,,SYN184803_2026_099,SYN-184803_2026_099-1,,I,수입,정박지-M1,액체,디젤 연료/경유,1202,000973,선종(석유제품운반선)·선석 미정·종수가정 4/4,벌크,펌프,TON,23942.8,23942.8,,,26337.1,23942.8,,울산,,,,2026-09-28 22:00:00+00:00,,UPA_SYNTHETIC,IntgCagInfo(SYNTHETIC v4),2026-09-26 06:03:34.533632+00:00,OK,True
KRUSN,2026,99,184803,진양1호,석유제품운반선,,,SYN184803_2026_099,SYN-184803_2026_099-2,,I,수입,정박지-M1,액체,케로신,1223,000756,선종(석유제품운반선)·선석 미정·종수가정 4/4,벌크,펌프,TON,21025.1,21025.1,,,23127.6,21025.1,,울산,,,,2026-09-28 22:00:00+00:00,,UPA_SYNTHETIC,IntgCagInfo(SYNTHETIC v4),2026-09-26 06:03:34.533632+00:00,OK,True
KRUSN,2026,99,184803,진양1호,석유제품운반선,,,SYN184803_2026_099,SYN-184803_2026_099-3,,I,수입,정박지-M1,액체,가솔린,1203,016420,선종(석유제품운반선)·선석 미정·종수가정 4/4,벌크,펌프,TON,23219.8,23219.8,,,25541.8,23219.8,,울산,,,,2026-09-28 22:00:00+00:00,,UPA_SYNTHETIC,IntgCagInfo(SYNTHETIC v4),2026-09-26 06:03:34.533632+00:00,OK,True
KRUSN,2026,99,184803,진양1호,석유제품운반선,,,SYN184803_2026_099,SYN-184803_2026_099-4,,O,수출,정박지-M1,액체,석유증류물(기타),1268,001128,선종(석유제품운반선)·선석 미정·종수가정 4/4,벌크,펌프,TON,28057.8,28057.8,,,30863.6,28057.8,,,울산,,,2026-09-28 22:00:00+00:00,,UPA_SYNTHETIC,IntgCagInfo(SYNTHETIC v4),2026-09-26 06:03:34.534194+00:00,OK,True
KRUSN,2026,90,190008,부광호,석유제품운반선,,,SYN190008_2026_090,SYN-190008_2026_090-1,,O,수출,장생포호안,액체,석유증류물(기타),1268,001128,선종(석유제품운반선)·선석 미정·종수가정 4/4,벌크,펌프,TON,21505.1,21505.1,,,23655.6,21505.1,,,울산,,,2026-09-12 14:00:00+00:00,,UPA_SYNTHETIC,IntgCagInfo(SYNTHETIC v4),2026-09-26 06:03:34.536438+00:00,OK,True
KRUSN,2026,90,190008,부광호,석유제품운반선,,,SYN190008_2026_090,SYN-190008_2026_090-2,,O,수출,장생포호안,액체,케로신,1223,000756,선종(석유제품운반선)·선석 미정·종수가정 4/4,벌크,펌프,TON,13399.1,13399.1,,,14739.0,13399.1,,,울산,,,2026-09-12 14:00:00+00:00,,UPA_SYNTHETIC,IntgCagInfo(SYNTHETIC v4),2026-09-26 06:03:34.536438+00:00,OK,True
KRUSN,2026,90,190008,부광호,석유제품운반선,,,SYN190008_2026_090,SYN-190008_2026_090-3,,I,수입,장생포호안,액체,디젤 연료/경유,1202,000973,선종(석유제품운반선)·선석 미정·종수가정 4/4,벌크,펌프,TON,12904.4,12904.4,,,14194.8,12904.4,,울산,,,,2026-09-12 14:00:00+00:00,,UPA_SYNTHETIC,IntgCagInfo(SYNTHETIC v4),2026-09-26 06:03:34.536438+00:00,OK,True
KRUSN,2026,90,190008,부광호,석유제품운반선,,,SYN190008_2026_090,SYN-190008_2026_090-4,,O,수출,장생포호안,액체,가솔린,1203,016420,선종(석유제품운반선)·선석 미정·종수가정 4/4,벌크,펌프,TON,9526.1,9526.1,,,10478.7,9526.1,,,울산,,,2026-09-12 14:00:00+00:00,,UPA_SYNTHETIC,IntgCagInfo(SYNTHETIC v4),2026-09-26 06:03:34.536438+00:00,OK,True
KRUSN,2026,94,190008,부광호,석유제품운반선,,,SYN190008_2026_094,SYN-190008_2026_094-1,,O,수출,현대오일터미널 신항2부두,액체,석유증류물(기타),1268,001128,선종(석유제품운반선)·터미널 취급품목(HYUNDAI_OIL)·PORT-MIS 선석·종수가정 2/3,벌크,펌프,TON,23675.8,23675.8,,,26043.4,23675.8,,,울산,,,2026-09-22 23:00:00+00:00,,UPA_SYNTHETIC,IntgCagInfo(SYNTHETIC v4),2026-09-26 06:03:34.536438+00:00,OK,True
KRUSN,2026,94,190008,부광호,석유제품운반선,,,SYN190008_2026_094,SYN-190008_2026_094-2,,I,수입,현대오일터미널 신항2부두,액체,디젤 연료/경유,1202,000973,선종(석유제품운반선)·터미널 취급품목(HYUNDAI_OIL)·PORT-MIS 선석·종수가정 2/3,벌크,펌프,TON,18427.4,18427.4,,,20270.1,18427.4,,울산,,,,2026-09-22 23:00:00+00:00,,UPA_SYNTHETIC,IntgCagInfo(SYNTHETIC v4),2026-09-26 06:03:34.536438+00:00,OK,True
KRUSN,2026,95,190008,부광호,석유제품운반선,,,SYN190008_2026_095,SYN-190008_2026_095-1,,O,수출,장생포호안,액체,가솔린,1203,016420,선종(석유제품운반선)·선석 미정·종수가정 2/4,벌크,펌프,TON,12121.8,12121.8,,,13334.0,12121.8,,,울산,,,2026-09-23 22:00:00+00:00,,UPA_SYNTHETIC,IntgCagInfo(SYNTHETIC v4),2026-09-26 06:03:34.536438+00:00,OK,True
KRUSN,2026,95,190008,부광호,석유제품운반선,,,SYN190008_2026_095,SYN-190008_2026_095-2,,I,수입,장생포호안,액체,케로신,1223,000756,선종(석유제품운반선)·선석 미정·종수가정 2/4,벌크,펌프,TON,2766.1,2766.1,,,3042.7,2766.1,,울산,,,,2026-09-23 22:00:00+00:00,,UPA_SYNTHETIC,IntgCagInfo(SYNTHETIC v4),2026-09-26 06:03:34.536438+00:00,OK,True
KRUSN,2026,33,190025,케이 가스,LPG운반선,,,SYN190025_2026_033,SYN-190025_2026_033-1,,I,수입,정박지-E1,액체,프로페인,1978,015420,선종(LPG운반선)·선석 미정·종수가정 1/2,벌크,펌프,TON,28364.5,28364.5,,,31201.0,28364.5,,울산,,,,2026-09-19 23:00:00+00:00,,UPA_SYNTHETIC,IntgCagInfo(SYNTHETIC v4),2026-09-26 06:03:34.539716+00:00,OK,True
KRUSN,2026,38,190026,21부영호,석유제품운반선,,,SYN190026_2026_038,SYN-190026_2026_038-1,,O,수출,장생포호안,액체,케로신,1223,000756,선종(석유제품운반선)·선석 미정·종수가정 2/4,벌크,펌프,TON,25726.4,25726.4,,,28299.0,25726.4,,,울산,,,2026-09-25 15:00:00+00:00,,UPA_SYNTHETIC,IntgCagInfo(SYNTHETIC v4),2026-09-26 06:03:34.541714+00:00,OK,True
KRUSN,2026,38,190026,21부영호,석유제품운반선,,,SYN190026_2026_038,SYN-190026_2026_038-2,,O,수출,장생포호안,액체,디젤 연료/경유,1202,000973,선종(석유제품운반선)·선석 미정·종수가정 2/4,벌크,펌프,TON,2866.0,2866.0,,,3152.6,2866.0,,,울산,,,2026-09-25 15:00:00+00:00,,UPA_SYNTHETIC,IntgCagInfo(SYNTHETIC v4),2026-09-26 06:03:34.541714+00:00,OK,True
KRUSN,2026,30,192801,그레이스 알파,석유제품운반선,,,SYN192801_2026_030,SYN-192801_2026_030-1,,I,수입,정박지-E1,액체,크실렌,1307,001077,대표화물코드 29·선석 미정·종수가정 4/6,벌크,펌프,TON,8809.9,8809.9,,,9690.9,8809.9,,울산,,,,2026-09-23 22:00:00+00:00,,UPA_SYNTHETIC,IntgCagInfo(SYNTHETIC v4),2026-09-26 06:03:34.543729+00:00,OK,True
KRUSN,2026,30,192801,그레이스 알파,석유제품운반선,,,SYN192801_2026_030,SYN-192801_2026_030-2,,O,수출,정박지-E1,액체,아크릴로니트릴(안정화),1093,001143,대표화물코드 29·선석 미정·종수가정 4/6,벌크,펌프,TON,18831.1,18831.1,,,20714.2,18831.1,,,울산,,,2026-09-23 22:00:00+00:00,,UPA_SYNTHETIC,IntgCagInfo(SYNTHETIC v4),2026-09-26 06:03:34.543729+00:00,OK,True
KRUSN,2026,30,192801,그레이스 알파,석유제품운반선,,,SYN192801_2026_030,SYN-192801_2026_030-3,,O,수출,정박지-E1,액체,톨루엔,1294,001032,대표화물코드 29·선석 미정·종수가정 4/6,벌크,펌프,TON,14034.7,14034.7,,,15438.2,14034.7,,,울산,,,2026-09-23 22:00:00+00:00,,UPA_SYNTHETIC,IntgCagInfo(SYNTHETIC v4),2026-09-26 06:03:34.543729+00:00,OK,True
KRUSN,2026,30,192801,그레이스 알파,석유제품운반선,,,SYN192801_2026_030,SYN-192801_2026_030-4,,O,수출,정박지-E1,액체,테트라하이드로푸란,2056,001041,대표화물코드 29·선석 미정·종수가정 4/6,벌크,펌프,TON,4660.3,4660.3,,,5126.3,4660.3,,,울산,,,2026-09-23 22:00:00+00:00,,UPA_SYNTHETIC,IntgCagInfo(SYNTHETIC v4),2026-09-26 06:03:34.543729+00:00,OK,True
KRUSN,2026,80,192827,우성,석유제품운반선,,,SYN192827_2026_080,SYN-192827_2026_080-1,,O,수출,정박지-M1,액체,석유증류물(기타),1268,001128,선종(석유제품운반선)·선석 미정·종수가정 4/4,벌크,펌프,TON,22250.2,22250.2,,,24475.2,22250.2,,,울산,,,2026-09-14 12:00:00+00:00,,UPA_SYNTHETIC,IntgCagInfo(SYNTHETIC v4),2026-09-26 06:03:34.547719+00:00,OK,True
KRUSN,2026,80,192827,우성,석유제품운반선,,,SYN192827_2026_080,SYN-192827_2026_080-2,,O,수출,정박지-M1,액체,케로신,1223,000756,선종(석유제품운반선)·선석 미정·종수가정 4/4,벌크,펌프,TON,8805.4,8805.4,,,9685.9,8805.4,,,울산,,,2026-09-14 12:00:00+00:00,,UPA_SYNTHETIC,IntgCagInfo(SYNTHETIC v4),2026-09-26 06:03:34.547719+00:00,OK,True
KRUSN,2026,80,192827,우성,석유제품운반선,,,SYN192827_2026_080,SYN-192827_2026_080-3,,O,수출,정박지-M1,액체,디젤 연료/경유,1202,000973,선종(석유제품운반선)·선석 미정·종수가정 4/4,벌크,펌프,TON,18339.6,18339.6,,,20173.6,18339.6,,,울산,,,2026-09-14 12:00:00+00:00,,UPA_SYNTHETIC,IntgCagInfo(SYNTHETIC v4),2026-09-26 06:03:34.547719+00:00,OK,True
KRUSN,2026,80,192827,우성,석유제품운반선,,,SYN192827_2026_080,SYN-192827_2026_080-4,,I,수입,정박지-M1,액체,가솔린,1203,016420,선종(석유제품운반선)·선석 미정·종수가정 4/4,벌크,펌프,TON,16322.7,16322.7,,,17955.0,16322.7,,울산,,,,2026-09-14 12:00:00+00:00,,UPA_SYNTHETIC,IntgCagInfo(SYNTHETIC v4),2026-09-26 06:03:34.547719+00:00,OK,True
KRUSN,2026,83,192827,우성,석유제품운반선,,,SYN192827_2026_083,SYN-192827_2026_083-1,,O,수출,정박지-M1,액체,디젤 연료/경유,1202,000973,선종(석유제품운반선)·선석 미정·종수가정 2/4,벌크,펌프,TON,17325.8,17325.8,,,19058.4,17325.8,,,울산,,,2026-09-20 22:00:00+00:00,,UPA_SYNTHETIC,IntgCagInfo(SYNTHETIC v4),2026-09-26 06:03:34.547719+00:00,OK,True
KRUSN,2026,83,192827,우성,석유제품운반선,,,SYN192827_2026_083,SYN-192827_2026_083-2,,O,수출,정박지-M1,액체,케로신,1223,000756,선종(석유제품운반선)·선석 미정·종수가정 2/4,벌크,펌프,TON,28796.0,28796.0,,,31675.6,28796.0,,,울산,,,2026-09-20 22:00:00+00:00,,UPA_SYNTHETIC,IntgCagInfo(SYNTHETIC v4),2026-09-26 06:03:34.547719+00:00,OK,True
KRUSN,2026,85,192827,우성,석유제품운반선,,,SYN192827_2026_085,SYN-192827_2026_085-1,,O,수출,정박지-M1,액체,가솔린,1203,016420,선종(석유제품운반선)·선석 미정·종수가정 2/4,벌크,펌프,TON,20499.7,20499.7,,,22549.7,20499.7,,,울산,,,2026-09-26 23:00:00+00:00,,UPA_SYNTHETIC,IntgCagInfo(SYNTHETIC v4),2026-09-26 06:03:34.548720+00:00,OK,True
KRUSN,2026,85,192827,우성,석유제품운반선,,,SYN192827_2026_085,SYN-192827_2026_085-2,,I,수입,정박지-M1,액체,케로신,1223,000756,선종(석유제품운반선)·선석 미정·종수가정 2/4,벌크,펌프,TON,23193.0,23193.0,,,25512.3,23193.0,,울산,,,,2026-09-26 23:00:00+00:00,,UPA_SYNTHETIC,IntgCagInfo(SYNTHETIC v4),2026-09-26 06:03:34.548720+00:00,OK,True
KRUSN,2026,93,200009,송양1호,석유제품운반선,,,SYN200009_2026_093,SYN-200009_2026_093-1,,O,수출,SK2부두,액체,가솔린,1203,016420,선종(석유제품운반선)·선석분류(유류/berth+UPA)·VTS 접안·종수가정 4/4,벌크,펌프,TON,14040.2,14040.2,,,15444.2,14040.2,,,울산,,,2026-09-12 05:00:00+00:00,,UPA_SYNTHETIC,IntgCagInfo(SYNTHETIC v4),2026-09-26 06:03:34.551722+00:00,OK,True
KRUSN,2026,93,200009,송양1호,석유제품운반선,,,SYN200009_2026_093,SYN-200009_2026_093-2,,I,수입,SK2부두,액체,케로신,1223,000756,선종(석유제품운반선)·선석분류(유류/berth+UPA)·VTS 접안·종수가정 4/4,벌크,펌프,TON,15002.0,15002.0,,,16502.2,15002.0,,울산,,,,2026-09-12 05:00:00+00:00,,UPA_SYNTHETIC,IntgCagInfo(SYNTHETIC v4),2026-09-26 06:03:34.551722+00:00,OK,True
KRUSN,2026,93,200009,송양1호,석유제품운반선,,,SYN200009_2026_093,SYN-200009_2026_093-3,,I,수입,SK2부두,액체,석유증류물(기타),1268,001128,선종(석유제품운반선)·선석분류(유류/berth+UPA)·VTS 접안·종수가정 4/4,벌크,펌프,TON,25160.4,25160.4,,,27676.4,25160.4,,울산,,,,2026-09-12 05:00:00+00:00,,UPA_SYNTHETIC,IntgCagInfo(SYNTHETIC v4),2026-09-26 06:03:34.551722+00:00,OK,True
KRUSN,2026,93,200009,송양1호,석유제품운반선,,,SYN200009_2026_093,SYN-200009_2026_093-4,,I,수입,SK2부두,액체,디젤 연료/경유,1202,000973,선종(석유제품운반선)·선석분류(유류/berth+UPA)·VTS 접안·종수가정 4/4,벌크,펌프,TON,16076.8,16076.8,,,17684.5,16076.8,,울산,,,,2026-09-12 05:00:00+00:00,,UPA_SYNTHETIC,IntgCagInfo(SYNTHETIC v4),2026-09-26 06:03:34.551722+00:00,OK,True
KRUSN,2026,94,200009,송양1호,석유제품운반선,,,SYN200009_2026_094,SYN-200009_2026_094-1,,O,수출,SK2부두,액체,가솔린,1203,016420,선종(석유제품운반선)·선석분류(유류/berth+UPA)·VTS 접안·종수가정 1/4,벌크,펌프,TON,11484.6,11484.6,,,12633.1,11484.6,,,울산,,,2026-09-15 00:00:00+00:00,,UPA_SYNTHETIC,IntgCagInfo(SYNTHETIC v4),2026-09-26 06:03:34.553716+00:00,OK,True
KRUSN,2026,98,200009,송양1호,석유제품운반선,,,SYN200009_2026_098,SYN-200009_2026_098-1,,I,수입,정박지-M1,액체,가솔린,1203,016420,선종(석유제품운반선)·선석 미정·종수가정 3/4,벌크,펌프,TON,9580.7,9580.7,,,10538.8,9580.7,,울산,,,,2026-09-25 01:00:00+00:00,,UPA_SYNTHETIC,IntgCagInfo(SYNTHETIC v4),2026-09-26 06:03:34.554716+00:00,OK,True
KRUSN,2026,98,200009,송양1호,석유제품운반선,,,SYN200009_2026_098,SYN-200009_2026_098-2,,I,수입,정박지-M1,액체,디젤 연료/경유,1202,000973,선종(석유제품운반선)·선석 미정·종수가정 3/4,벌크,펌프,TON,29734.2,29734.2,,,32707.6,29734.2,,울산,,,,2026-09-25 01:00:00+00:00,,UPA_SYNTHETIC,IntgCagInfo(SYNTHETIC v4),2026-09-26 06:03:34.554716+00:00,OK,True
KRUSN,2026,98,200009,송양1호,석유제품운반선,,,SYN200009_2026_098,SYN-200009_2026_098-3,,O,수출,정박지-M1,액체,석유증류물(기타),1268,001128,선종(석유제품운반선)·선석 미정·종수가정 3/4,벌크,펌프,TON,24147.4,24147.4,,,26562.1,24147.4,,,울산,,,2026-09-25 01:00:00+00:00,,UPA_SYNTHETIC,IntgCagInfo(SYNTHETIC v4),2026-09-26 06:03:34.554716+00:00,OK,True
KRUSN,2026,91,200013,유성,석유제품운반선,,,SYN200013_2026_091,SYN-200013_2026_091-1,,O,수출,정일스톨트헤븐 울산신항5부두,액체,디젤 연료/경유,1202,000973,선종(석유제품운반선)·터미널 취급품목(JEONGIL_STOLTHAVEN)·VTS 접안·종수가정 1/2,벌크,펌프,TON,18976.7,18976.7,,,20874.4,18976.7,,,울산,,,2026-09-12 22:00:00+00:00,,UPA_SYNTHETIC,IntgCagInfo(SYNTHETIC v4),2026-09-26 06:03:34.557713+00:00,OK,True
KRUSN,2026,93,200013,유성,석유제품운반선,,,SYN200013_2026_093,SYN-200013_2026_093-1,,O,수출,정박지-M1,액체,케로신,1223,000756,선종(석유제품운반선)·선석 미정·종수가정 3/4,벌크,펌프,TON,7921.5,7921.5,,,8713.7,7921.5,,,울산,,,2026-09-21 10:00:00+00:00,,UPA_SYNTHETIC,IntgCagInfo(SYNTHETIC v4),2026-09-26 06:03:34.559723+00:00,OK,True
KRUSN,2026,93,200013,유성,석유제품운반선,,,SYN200013_2026_093,SYN-200013_2026_093-2,,O,수출,정박지-M1,액체,가솔린,1203,016420,선종(석유제품운반선)·선석 미정·종수가정 3/4,벌크,펌프,TON,953.2,953.2,,,1048.5,953.2,,,울산,,,2026-09-21 10:00:00+00:00,,UPA_SYNTHETIC,IntgCagInfo(SYNTHETIC v4),2026-09-26 06:03:34.559723+00:00,OK,True
KRUSN,2026,93,200013,유성,석유제품운반선,,,SYN200013_2026_093,SYN-200013_2026_093-3,,O,수출,정박지-M1,액체,석유증류물(기타),1268,001128,선종(석유제품운반선)·선석 미정·종수가정 3/4,벌크,펌프,TON,17665.1,17665.1,,,19431.6,17665.1,,,울산,,,2026-09-21 10:00:00+00:00,,UPA_SYNTHETIC,IntgCagInfo(SYNTHETIC v4),2026-09-26 06:03:34.559723+00:00,OK,True
KRUSN,2026,40,200031,3명광호,석유제품운반선,,,SYN200031_2026_040,SYN-200031_2026_040-1,,O,수출,달포부두,액체,석유증류물(기타),1268,001128,선종(석유제품운반선)·선석분류(유류/UPA)·PORT-MIS 선석·종수가정 2/4,벌크,펌프,TON,24930.0,24930.0,,,27423.0,24930.0,,,울산,,,2026-09-20 09:00:00+00:00,,UPA_SYNTHETIC,IntgCagInfo(SYNTHETIC v4),2026-09-26 06:03:34.563720+00:00,OK,True
KRUSN,2026,40,200031,3명광호,석유제품운반선,,,SYN200031_2026_040,SYN-200031_2026_040-2,,O,수출,달포부두,액체,가솔린,1203,016420,선종(석유제품운반선)·선석분류(유류/UPA)·PORT-MIS 선석·종수가정 2/4,벌크,펌프,TON,17175.1,17175.1,,,18892.6,17175.1,,,울산,,,2026-09-20 09:00:00+00:00,,UPA_SYNTHETIC,IntgCagInfo(SYNTHETIC v4),2026-09-26 06:03:34.563720+00:00,OK,True
KRUSN,2026,41,200031,3명광호,석유제품운반선,,,SYN200031_2026_041,SYN-200031_2026_041-1,,I,수입,달포부두,액체,케로신,1223,000756,선종(석유제품운반선)·선석분류(유류/UPA)·PORT-MIS 선석·종수가정 4/4,벌크,펌프,TON,10056.4,10056.4,,,11062.0,10056.4,,울산,,,,2026-09-26 06:00:00+00:00,,UPA_SYNTHETIC,IntgCagInfo(SYNTHETIC v4),2026-09-26 06:03:34.563720+00:00,OK,True
KRUSN,2026,41,200031,3명광호,석유제품운반선,,,SYN200031_2026_041,SYN-200031_2026_041-2,,O,수출,달포부두,액체,가솔린,1203,016420,선종(석유제품운반선)·선석분류(유류/UPA)·PORT-MIS 선석·종수가정 4/4,벌크,펌프,TON,26174.6,26174.6,,,28792.1,26174.6,,,울산,,,2026-09-26 06:00:00+00:00,,UPA_SYNTHETIC,IntgCagInfo(SYNTHETIC v4),2026-09-26 06:03:34.563720+00:00,OK,True
KRUSN,2026,41,200031,3명광호,석유제품운반선,,,SYN200031_2026_041,SYN-200031_2026_041-3,,O,수출,달포부두,액체,디젤 연료/경유,1202,000973,선종(석유제품운반선)·선석분류(유류/UPA)·PORT-MIS 선석·종수가정 4/4,벌크,펌프,TON,28713.6,28713.6,,,31585.0,28713.6,,,울산,,,2026-09-26 06:00:00+00:00,,UPA_SYNTHETIC,IntgCagInfo(SYNTHETIC v4),2026-09-26 06:03:34.563720+00:00,OK,True
KRUSN,2026,41,200031,3명광호,석유제품운반선,,,SYN200031_2026_041,SYN-200031_2026_041-4,,O,수출,달포부두,액체,석유증류물(기타),1268,001128,선종(석유제품운반선)·선석분류(유류/UPA)·PORT-MIS 선석·종수가정 4/4,벌크,펌프,TON,2784.2,2784.2,,,3062.6,2784.2,,,울산,,,2026-09-26 06:00:00+00:00,,UPA_SYNTHETIC,IntgCagInfo(SYNTHETIC v4),2026-09-26 06:03:34.563720+00:00,OK,True
KRUSN,2026,19,200033,청담,급유선,,,SYN200033_2026_019,SYN-200033_2026_019-1,,I,수입,정박지-M1,액체,디젤 연료/경유,1202,000973,선종(급유선)·선석 미정·종수가정 1/2,벌크,펌프,TON,27713.9,27713.9,,,30485.3,27713.9,,울산,,,,2026-09-15 00:00:00+00:00,,UPA_SYNTHETIC,IntgCagInfo(SYNTHETIC v4),2026-09-26 06:03:34.567724+00:00,OK,True
KRUSN,2026,57,200035,우원호,석유제품운반선,,,SYN200035_2026_057,SYN-200035_2026_057-1,,O,수출,장생포호안,액체,석유증류물(기타),1268,001128,대표화물코드 27·선석 미정·종수가정 5/6,벌크,펌프,TON,11606.0,11606.0,,,12766.6,11606.0,,,울산,,,2026-09-21 16:00:00+00:00,,UPA_SYNTHETIC,IntgCagInfo(SYNTHETIC v4),2026-09-26 06:03:34.571722+00:00,OK,True
KRUSN,2026,57,200035,우원호,석유제품운반선,,,SYN200035_2026_057,SYN-200035_2026_057-2,,I,수입,장생포호안,액체,원유,1267,000751,대표화물코드 27·선석 미정·종수가정 5/6,벌크,펌프,TON,15019.7,15019.7,,,16521.7,15019.7,,울산,,,,2026-09-21 16:00:00+00:00,,UPA_SYNTHETIC,IntgCagInfo(SYNTHETIC v4),2026-09-26 06:03:34.571722+00:00,OK,True
KRUSN,2026,57,200035,우원호,석유제품운반선,,,SYN200035_2026_057,SYN-200035_2026_057-3,,I,수입,장생포호안,액체,톨루엔,1294,001032,대표화물코드 27·선석 미정·종수가정 5/6,벌크,펌프,TON,27750.9,27750.9,,,30526.0,27750.9,,울산,,,,2026-09-21 16:00:00+00:00,,UPA_SYNTHETIC,IntgCagInfo(SYNTHETIC v4),2026-09-26 06:03:34.571722+00:00,OK,True
KRUSN,2026,57,200035,우원호,석유제품운반선,,,SYN200035_2026_057,SYN-200035_2026_057-4,,O,수출,장생포호안,액체,가솔린,1203,016420,대표화물코드 27·선석 미정·종수가정 5/6,벌크,펌프,TON,21621.3,21621.3,,,23783.4,21621.3,,,울산,,,2026-09-21 16:00:00+00:00,,UPA_SYNTHETIC,IntgCagInfo(SYNTHETIC v4),2026-09-26 06:03:34.571722+00:00,OK,True
KRUSN,2026,57,200035,우원호,석유제품운반선,,,SYN200035_2026_057,SYN-200035_2026_057-5,,I,수입,장생포호안,액체,디젤 연료/경유,1202,000973,대표화물코드 27·선석 미정·종수가정 5/6,벌크,펌프,TON,29290.0,29290.0,,,32219.0,29290.0,,울산,,,,2026-09-21 16:00:00+00:00,,UPA_SYNTHETIC,IntgCagInfo(SYNTHETIC v4),2026-09-26 06:03:34.571722+00:00,OK,True
KRUSN,2026,58,200035,우원호,석유제품운반선,,,SYN200035_2026_058,SYN-200035_2026_058-1,,O,수출,정박지-M1,액체,케로신,1223,000756,대표화물코드 27·선석 미정·종수가정 4/6,벌크,펌프,TON,28856.7,28856.7,,,31742.4,28856.7,,,울산,,,2026-09-23 15:00:00+00:00,,UPA_SYNTHETIC,IntgCagInfo(SYNTHETIC v4),2026-09-26 06:03:34.572730+00:00,OK,True
KRUSN,2026,58,200035,우원호,석유제품운반선,,,SYN200035_2026_058,SYN-200035_2026_058-2,,O,수출,정박지-M1,액체,원유,1267,000751,대표화물코드 27·선석 미정·종수가정 4/6,벌크,펌프,TON,28395.3,28395.3,,,31234.8,28395.3,,,울산,,,2026-09-23 15:00:00+00:00,,UPA_SYNTHETIC,IntgCagInfo(SYNTHETIC v4),2026-09-26 06:03:34.572730+00:00,OK,True
KRUSN,2026,58,200035,우원호,석유제품운반선,,,SYN200035_2026_058,SYN-200035_2026_058-3,,O,수출,정박지-M1,액체,석유증류물(기타),1268,001128,대표화물코드 27·선석 미정·종수가정 4/6,벌크,펌프,TON,18682.0,18682.0,,,20550.2,18682.0,,,울산,,,2026-09-23 15:00:00+00:00,,UPA_SYNTHETIC,IntgCagInfo(SYNTHETIC v4),2026-09-26 06:03:34.572730+00:00,OK,True
KRUSN,2026,58,200035,우원호,석유제품운반선,,,SYN200035_2026_058,SYN-200035_2026_058-4,,O,수출,정박지-M1,액체,톨루엔,1294,001032,대표화물코드 27·선석 미정·종수가정 4/6,벌크,펌프,TON,15260.0,15260.0,,,16786.0,15260.0,,,울산,,,2026-09-23 15:00:00+00:00,,UPA_SYNTHETIC,IntgCagInfo(SYNTHETIC v4),2026-09-26 06:03:34.572730+00:00,OK,True
KRUSN,2026,22,200043,극동3호,석유제품운반선,,,SYN200043_2026_022,SYN-200043_2026_022-1,,O,수출,현대오일터미널 신항2부두,액체,석유증류물(기타),1268,001128,선종(석유제품운반선)·터미널 취급품목(HYUNDAI_OIL)·PORT-MIS 선석·종수가정 1/3,벌크,펌프,TON,18433.3,18433.3,,,20276.6,18433.3,,,울산,,,2026-09-13 10:00:00+00:00,,UPA_SYNTHETIC,IntgCagInfo(SYNTHETIC v4),2026-09-26 06:03:34.574721+00:00,OK,True
KRUSN,2026,66,206808,한남,석유제품운반선,,,SYN206808_2026_066,SYN-206808_2026_066-1,,O,수출,장생포호안,액체,케로신,1223,000756,선종(석유제품운반선)·선석 미정·종수가정 2/4,벌크,펌프,TON,23541.8,23541.8,,,25896.0,23541.8,,,울산,,,2026-09-23 07:00:00+00:00,,UPA_SYNTHETIC,IntgCagInfo(SYNTHETIC v4),2026-09-26 06:03:34.581134+00:00,OK,True
KRUSN,2026,66,206808,한남,석유제품운반선,,,SYN206808_2026_066,SYN-206808_2026_066-2,,I,수입,장생포호안,액체,디젤 연료/경유,1202,000973,선종(석유제품운반선)·선석 미정·종수가정 2/4,벌크,펌프,TON,28399.4,28399.4,,,31239.3,28399.4,,울산,,,,2026-09-23 07:00:00+00:00,,UPA_SYNTHETIC,IntgCagInfo(SYNTHETIC v4),2026-09-26 06:03:34.582136+00:00,OK,True
KRUSN,2026,86,210003,21동방호,석유제품운반선,,,SYN210003_2026_086,SYN-210003_2026_086-1,,O,수출,자동차부두,액체,케로신,1223,000756,선종(석유제품운반선)·선석조건 없음·VTS 접안·종수가정 2/4,벌크,펌프,TON,18364.3,18364.3,,,20200.7,18364.3,,,울산,,,2026-09-12 18:00:00+00:00,,UPA_SYNTHETIC,IntgCagInfo(SYNTHETIC v4),2026-09-26 06:03:34.588125+00:00,OK,True
KRUSN,2026,86,210003,21동방호,석유제품운반선,,,SYN210003_2026_086,SYN-210003_2026_086-2,,O,수출,자동차부두,액체,가솔린,1203,016420,선종(석유제품운반선)·선석조건 없음·VTS 접안·종수가정 2/4,벌크,펌프,TON,12387.6,12387.6,,,13626.4,12387.6,,,울산,,,2026-09-12 18:00:00+00:00,,UPA_SYNTHETIC,IntgCagInfo(SYNTHETIC v4),2026-09-26 06:03:34.588125+00:00,OK,True
KRUSN,2026,88,210003,21동방호,석유제품운반선,,,SYN210003_2026_088,SYN-210003_2026_088-1,,O,수출,2부두,액체,크실렌,1307,001077,대표화물코드 27·선석분류(액체화학/berth)·VTS 접안·종수가정 2/3,벌크,펌프,TON,19469.1,19469.1,,,21416.0,19469.1,,,울산,,,2026-09-20 01:00:00+00:00,,UPA_SYNTHETIC,IntgCagInfo(SYNTHETIC v4),2026-09-26 06:03:34.590123+00:00,OK,True
KRUSN,2026,88,210003,21동방호,석유제품운반선,,,SYN210003_2026_088,SYN-210003_2026_088-2,,I,수입,2부두,액체,벤젠,1114,001008,대표화물코드 27·선석분류(액체화학/berth)·VTS 접안·종수가정 2/3,벌크,펌프,TON,23454.8,23454.8,,,25800.3,23454.8,,울산,,,,2026-09-20 01:00:00+00:00,,UPA_SYNTHETIC,IntgCagInfo(SYNTHETIC v4),2026-09-26 06:03:34.590123+00:00,OK,True
KRUSN,2026,89,210003,21동방호,석유제품운반선,,,SYN210003_2026_089,SYN-210003_2026_089-1,,O,수출,정박지-M5,액체,원유,1267,000751,대표화물코드 27·선석 미정·종수가정 3/6,벌크,펌프,TON,25652.1,25652.1,,,28217.3,25652.1,,,울산,,,2026-09-23 01:05:00+00:00,,UPA_SYNTHETIC,IntgCagInfo(SYNTHETIC v4),2026-09-26 06:03:34.591122+00:00,OK,True
KRUSN,2026,89,210003,21동방호,석유제품운반선,,,SYN210003_2026_089,SYN-210003_2026_089-2,,O,수출,정박지-M5,액체,가솔린,1203,016420,대표화물코드 27·선석 미정·종수가정 3/6,벌크,펌프,TON,24066.7,24066.7,,,26473.4,24066.7,,,울산,,,2026-09-23 01:05:00+00:00,,UPA_SYNTHETIC,IntgCagInfo(SYNTHETIC v4),2026-09-26 06:03:34.591122+00:00,OK,True
KRUSN,2026,89,210003,21동방호,석유제품운반선,,,SYN210003_2026_089,SYN-210003_2026_089-3,,I,수입,정박지-M5,액체,톨루엔,1294,001032,대표화물코드 27·선석 미정·종수가정 3/6,벌크,펌프,TON,14870.6,14870.6,,,16357.7,14870.6,,울산,,,,2026-09-23 01:05:00+00:00,,UPA_SYNTHETIC,IntgCagInfo(SYNTHETIC v4),2026-09-26 06:03:34.592120+00:00,OK,True
KRUSN,2026,90,210003,21동방호,석유제품운반선,,,SYN210003_2026_090,SYN-210003_2026_090-1,,I,수입,정박지-M1,액체,톨루엔,1294,001032,대표화물코드 27·선석 미정·종수가정 4/6,벌크,펌프,TON,12812.8,12812.8,,,14094.1,12812.8,,울산,,,,2026-09-26 07:30:00+00:00,,UPA_SYNTHETIC,IntgCagInfo(SYNTHETIC v4),2026-09-26 06:03:34.595129+00:00,OK,True
KRUSN,2026,90,210003,21동방호,석유제품운반선,,,SYN210003_2026_090,SYN-210003_2026_090-2,,O,수출,정박지-M1,액체,케로신,1223,000756,대표화물코드 27·선석 미정·종수가정 4/6,벌크,펌프,TON,22764.9,22764.9,,,25041.4,22764.9,,,울산,,,2026-09-26 07:30:00+00:00,,UPA_SYNTHETIC,IntgCagInfo(SYNTHETIC v4),2026-09-26 06:03:34.595129+00:00,OK,True
KRUSN,2026,90,210003,21동방호,석유제품운반선,,,SYN210003_2026_090,SYN-210003_2026_090-3,,I,수입,정박지-M1,액체,원유,1267,000751,대표화물코드 27·선석 미정·종수가정 4/6,벌크,펌프,TON,27128.3,27128.3,,,29841.1,27128.3,,울산,,,,2026-09-26 07:30:00+00:00,,UPA_SYNTHETIC,IntgCagInfo(SYNTHETIC v4),2026-09-26 06:03:34.595129+00:00,OK,True
KRUSN,2026,90,210003,21동방호,석유제품운반선,,,SYN210003_2026_090,SYN-210003_2026_090-4,,I,수입,정박지-M1,액체,크실렌,1307,001077,대표화물코드 27·선석 미정·종수가정 4/6,벌크,펌프,TON,20372.8,20372.8,,,22410.1,20372.8,,울산,,,,2026-09-26 07:30:00+00:00,,UPA_SYNTHETIC,IntgCagInfo(SYNTHETIC v4),2026-09-26 06:03:34.595129+00:00,OK,True
KRUSN,2026,54,210016,부광5호,석유제품운반선,,,SYN210016_2026_054,SYN-210016_2026_054-1,,I,수입,정박지-M1,액체,디젤 연료/경유,1202,000973,선종(석유제품운반선)·선석 미정·종수가정 1/4,벌크,펌프,TON,6222.0,6222.0,,,6844.2,6222.0,,울산,,,,2026-09-12 16:00:00+00:00,,UPA_SYNTHETIC,IntgCagInfo(SYNTHETIC v4),2026-09-26 06:03:34.599127+00:00,OK,True
KRUSN,2026,57,210016,부광5호,석유제품운반선,,,SYN210016_2026_057,SYN-210016_2026_057-1,,I,수입,정박지-M2,액체,케로신,1223,000756,대표화물코드 27·선석 미정·종수가정 4/6,벌크,펌프,TON,16074.4,16074.4,,,17681.8,16074.4,,울산,,,,2026-09-21 16:00:00+00:00,,UPA_SYNTHETIC,IntgCagInfo(SYNTHETIC v4),2026-09-26 06:03:34.599127+00:00,OK,True
KRUSN,2026,57,210016,부광5호,석유제품운반선,,,SYN210016_2026_057,SYN-210016_2026_057-2,,I,수입,정박지-M2,액체,크실렌,1307,001077,대표화물코드 27·선석 미정·종수가정 4/6,벌크,펌프,TON,11052.5,11052.5,,,12157.8,11052.5,,울산,,,,2026-09-21 16:00:00+00:00,,UPA_SYNTHETIC,IntgCagInfo(SYNTHETIC v4),2026-09-26 06:03:34.599127+00:00,OK,True
KRUSN,2026,57,210016,부광5호,석유제품운반선,,,SYN210016_2026_057,SYN-210016_2026_057-3,,O,수출,정박지-M2,액체,벤젠,1114,001008,대표화물코드 27·선석 미정·종수가정 4/6,벌크,펌프,TON,28254.5,28254.5,,,31080.0,28254.5,,,울산,,,2026-09-21 16:00:00+00:00,,UPA_SYNTHETIC,IntgCagInfo(SYNTHETIC v4),2026-09-26 06:03:34.599127+00:00,OK,True
KRUSN,2026,57,210016,부광5호,석유제품운반선,,,SYN210016_2026_057,SYN-210016_2026_057-4,,O,수출,정박지-M2,액체,디젤 연료/경유,1202,000973,대표화물코드 27·선석 미정·종수가정 4/6,벌크,펌프,TON,866.6,866.6,,,953.3,866.6,,,울산,,,2026-09-21 16:00:00+00:00,,UPA_SYNTHETIC,IntgCagInfo(SYNTHETIC v4),2026-09-26 06:03:34.599127+00:00,OK,True
KRUSN,2026,56,210016,부광5호,석유제품운반선,,,SYN210016_2026_056,SYN-210016_2026_056-1,,I,수입,정박지-M2,액체,석유증류물(기타),1268,001128,선종(석유제품운반선)·선석 미정·종수가정 1/4,벌크,펌프,TON,29255.8,29255.8,,,32181.4,29255.8,,울산,,,,2026-09-21 16:00:00+00:00,,UPA_SYNTHETIC,IntgCagInfo(SYNTHETIC v4),2026-09-26 06:03:34.600136+00:00,OK,True
KRUSN,2026,49,210023,금일,석유제품운반선,,,SYN210023_2026_049,SYN-210023_2026_049-1,,I,수입,장생포호안,액체,석유증류물(기타),1268,001128,선종(석유제품운반선)·선석 미정·종수가정 3/4,벌크,펌프,TON,13930.1,13930.1,,,15323.1,13930.1,,울산,,,,2026-09-12 01:00:00+00:00,,UPA_SYNTHETIC,IntgCagInfo(SYNTHETIC v4),2026-09-26 06:03:34.602132+00:00,OK,True
KRUSN,2026,49,210023,금일,석유제품운반선,,,SYN210023_2026_049,SYN-210023_2026_049-2,,I,수입,장생포호안,액체,디젤 연료/경유,1202,000973,선종(석유제품운반선)·선석 미정·종수가정 3/4,벌크,펌프,TON,14469.3,14469.3,,,15916.2,14469.3,,울산,,,,2026-09-12 01:00:00+00:00,,UPA_SYNTHETIC,IntgCagInfo(SYNTHETIC v4),2026-09-26 06:03:34.602132+00:00,OK,True
KRUSN,2026,49,210023,금일,석유제품운반선,,,SYN210023_2026_049,SYN-210023_2026_049-3,,I,수입,장생포호안,액체,케로신,1223,000756,선종(석유제품운반선)·선석 미정·종수가정 3/4,벌크,펌프,TON,3798.9,3798.9,,,4178.8,3798.9,,울산,,,,2026-09-12 01:00:00+00:00,,UPA_SYNTHETIC,IntgCagInfo(SYNTHETIC v4),2026-09-26 06:03:34.602132+00:00,OK,True
KRUSN,2026,51,210023,금일,석유제품운반선,,,SYN210023_2026_051,SYN-210023_2026_051-1,,O,수출,신항남방파제 T/S부두,액체,케로신,1223,000756,대표화물코드 27·선석분류(액체화학·유류/berth+UPA)·PORT-MIS 선석·종수가정 3/6,벌크,펌프,TON,25066.4,25066.4,,,27573.0,25066.4,,,울산,,,2026-09-23 07:00:00+00:00,,UPA_SYNTHETIC,IntgCagInfo(SYNTHETIC v4),2026-09-26 06:03:34.602132+00:00,OK,True
KRUSN,2026,51,210023,금일,석유제품운반선,,,SYN210023_2026_051,SYN-210023_2026_051-2,,I,수입,신항남방파제 T/S부두,액체,석유증류물(기타),1268,001128,대표화물코드 27·선석분류(액체화학·유류/berth+UPA)·PORT-MIS 선석·종수가정 3/6,벌크,펌프,TON,25948.6,25948.6,,,28543.5,25948.6,,울산,,,,2026-09-23 07:00:00+00:00,,UPA_SYNTHETIC,IntgCagInfo(SYNTHETIC v4),2026-09-26 06:03:34.602132+00:00,OK,True
KRUSN,2026,51,210023,금일,석유제품운반선,,,SYN210023_2026_051,SYN-210023_2026_051-3,,O,수출,신항남방파제 T/S부두,액체,톨루엔,1294,001032,대표화물코드 27·선석분류(액체화학·유류/berth+UPA)·PORT-MIS 선석·종수가정 3/6,벌크,펌프,TON,18090.2,18090.2,,,19899.2,18090.2,,,울산,,,2026-09-23 07:00:00+00:00,,UPA_SYNTHETIC,IntgCagInfo(SYNTHETIC v4),2026-09-26 06:03:34.602132+00:00,OK,True
KRUSN,2026,12,210031,선영,석유제품운반선,,,SYN210031_2026_012,SYN-210031_2026_012-1,,I,수입,정박지-M1,액체,디젤 연료/경유,1202,000973,대표화물코드 27·선석 미정·종수가정 1/6,벌크,펌프,TON,27755.5,27755.5,,,30531.1,27755.5,,울산,,,,2026-09-26 12:00:00+00:00,,UPA_SYNTHETIC,IntgCagInfo(SYNTHETIC v4),2026-09-26 06:03:34.604133+00:00,OK,True
KRUSN,2026,99,210036,경성,석유제품운반선,,,SYN210036_2026_099,SYN-210036_2026_099-1,,O,수출,SK2부두,액체,케로신,1223,000756,선종(석유제품운반선)·선석분류(유류/berth+UPA)·VTS 접안·종수가정 4/4,벌크,펌프,TON,18688.5,18688.5,,,20557.4,18688.5,,,울산,,,2026-09-12 10:00:00+00:00,,UPA_SYNTHETIC,IntgCagInfo(SYNTHETIC v4),2026-09-26 06:03:34.607121+00:00,OK,True
KRUSN,2026,99,210036,경성,석유제품운반선,,,SYN210036_2026_099,SYN-210036_2026_099-2,,I,수입,SK2부두,액체,가솔린,1203,016420,선종(석유제품운반선)·선석분류(유류/berth+UPA)·VTS 접안·종수가정 4/4,벌크,펌프,TON,13972.6,13972.6,,,15369.9,13972.6,,울산,,,,2026-09-12 10:00:00+00:00,,UPA_SYNTHETIC,IntgCagInfo(SYNTHETIC v4),2026-09-26 06:03:34.607121+00:00,OK,True
KRUSN,2026,99,210036,경성,석유제품운반선,,,SYN210036_2026_099,SYN-210036_2026_099-3,,I,수입,SK2부두,액체,디젤 연료/경유,1202,000973,선종(석유제품운반선)·선석분류(유류/berth+UPA)·VTS 접안·종수가정 4/4,벌크,펌프,TON,5679.0,5679.0,,,6246.9,5679.0,,울산,,,,2026-09-12 10:00:00+00:00,,UPA_SYNTHETIC,IntgCagInfo(SYNTHETIC v4),2026-09-26 06:03:34.607121+00:00,OK,True
KRUSN,2026,99,210036,경성,석유제품운반선,,,SYN210036_2026_099,SYN-210036_2026_099-4,,I,수입,SK2부두,액체,석유증류물(기타),1268,001128,선종(석유제품운반선)·선석분류(유류/berth+UPA)·VTS 접안·종수가정 4/4,벌크,펌프,TON,29665.8,29665.8,,,32632.4,29665.8,,울산,,,,2026-09-12 10:00:00+00:00,,UPA_SYNTHETIC,IntgCagInfo(SYNTHETIC v4),2026-09-26 06:03:34.607121+00:00,OK,True
KRUSN,2026,102,210036,경성,석유제품운반선,,,SYN210036_2026_102,SYN-210036_2026_102-1,,I,수입,정박지-M1,액체,석유증류물(기타),1268,001128,선종(석유제품운반선)·선석 미정·종수가정 1/4,벌크,펌프,TON,14859.4,14859.4,,,16345.3,14859.4,,울산,,,,2026-09-21 22:00:00+00:00,,UPA_SYNTHETIC,IntgCagInfo(SYNTHETIC v4),2026-09-26 06:03:34.608120+00:00,OK,True
KRUSN,2026,103,210036,경성,석유제품운반선,,,SYN210036_2026_103,SYN-210036_2026_103-1,,O,수출,정박지-M1,액체,디젤 연료/경유,1202,000973,선종(석유제품운반선)·선석 미정·종수가정 4/4,벌크,펌프,TON,1074.4,1074.4,,,1181.8,1074.4,,,울산,,,2026-09-23 22:00:00+00:00,,UPA_SYNTHETIC,IntgCagInfo(SYNTHETIC v4),2026-09-26 06:03:34.610134+00:00,OK,True
KRUSN,2026,103,210036,경성,석유제품운반선,,,SYN210036_2026_103,SYN-210036_2026_103-2,,I,수입,정박지-M1,액체,케로신,1223,000756,선종(석유제품운반선)·선석 미정·종수가정 4/4,벌크,펌프,TON,23738.7,23738.7,,,26112.6,23738.7,,울산,,,,2026-09-23 22:00:00+00:00,,UPA_SYNTHETIC,IntgCagInfo(SYNTHETIC v4),2026-09-26 06:03:34.610134+00:00,OK,True
KRUSN,2026,103,210036,경성,석유제품운반선,,,SYN210036_2026_103,SYN-210036_2026_103-3,,I,수입,정박지-M1,액체,석유증류물(기타),1268,001128,선종(석유제품운반선)·선석 미정·종수가정 4/4,벌크,펌프,TON,19682.3,19682.3,,,21650.5,19682.3,,울산,,,,2026-09-23 22:00:00+00:00,,UPA_SYNTHETIC,IntgCagInfo(SYNTHETIC v4),2026-09-26 06:03:34.610134+00:00,OK,True
KRUSN,2026,103,210036,경성,석유제품운반선,,,SYN210036_2026_103,SYN-210036_2026_103-4,,I,수입,정박지-M1,액체,가솔린,1203,016420,선종(석유제품운반선)·선석 미정·종수가정 4/4,벌크,펌프,TON,10286.0,10286.0,,,11314.6,10286.0,,울산,,,,2026-09-23 22:00:00+00:00,,UPA_SYNTHETIC,IntgCagInfo(SYNTHETIC v4),2026-09-26 06:03:34.610134+00:00,OK,True
KRUSN,2026,104,210036,경성,석유제품운반선,,,SYN210036_2026_104,SYN-210036_2026_104-1,,I,수입,정박지-M1,액체,케로신,1223,000756,선종(석유제품운반선)·선석 미정·종수가정 4/4,벌크,펌프,TON,17711.5,17711.5,,,19482.7,17711.5,,울산,,,,2026-09-26 13:00:00+00:00,,UPA_SYNTHETIC,IntgCagInfo(SYNTHETIC v4),2026-09-26 06:03:34.612128+00:00,OK,True
KRUSN,2026,104,210036,경성,석유제품운반선,,,SYN210036_2026_104,SYN-210036_2026_104-2,,O,수출,정박지-M1,액체,가솔린,1203,016420,선종(석유제품운반선)·선석 미정·종수가정 4/4,벌크,펌프,TON,18152.4,18152.4,,,19967.6,18152.4,,,울산,,,2026-09-26 13:00:00+00:00,,UPA_SYNTHETIC,IntgCagInfo(SYNTHETIC v4),2026-09-26 06:03:34.612128+00:00,OK,True
KRUSN,2026,104,210036,경성,석유제품운반선,,,SYN210036_2026_104,SYN-210036_2026_104-3,,O,수출,정박지-M1,액체,디젤 연료/경유,1202,000973,선종(석유제품운반선)·선석 미정·종수가정 4/4,벌크,펌프,TON,16156.9,16156.9,,,17772.6,16156.9,,,울산,,,2026-09-26 13:00:00+00:00,,UPA_SYNTHETIC,IntgCagInfo(SYNTHETIC v4),2026-09-26 06:03:34.612128+00:00,OK,True
KRUSN,2026,104,210036,경성,석유제품운반선,,,SYN210036_2026_104,SYN-210036_2026_104-4,,O,수출,정박지-M1,액체,석유증류물(기타),1268,001128,선종(석유제품운반선)·선석 미정·종수가정 4/4,벌크,펌프,TON,18312.2,18312.2,,,20143.4,18312.2,,,울산,,,2026-09-26 13:00:00+00:00,,UPA_SYNTHETIC,IntgCagInfo(SYNTHETIC v4),2026-09-26 06:03:34.612128+00:00,OK,True
KRUSN,2026,105,210036,경성,석유제품운반선,,,SYN210036_2026_105,SYN-210036_2026_105-1,,O,수출,정박지-M1,액체,디젤 연료/경유,1202,000973,선종(석유제품운반선)·선석 미정·종수가정 4/4,벌크,펌프,TON,12774.7,12774.7,,,14052.2,12774.7,,,울산,,,2026-09-28 13:00:00+00:00,,UPA_SYNTHETIC,IntgCagInfo(SYNTHETIC v4),2026-09-26 06:03:34.614130+00:00,OK,True
KRUSN,2026,105,210036,경성,석유제품운반선,,,SYN210036_2026_105,SYN-210036_2026_105-2,,I,수입,정박지-M1,액체,케로신,1223,000756,선종(석유제품운반선)·선석 미정·종수가정 4/4,벌크,펌프,TON,6106.4,6106.4,,,6717.0,6106.4,,울산,,,,2026-09-28 13:00:00+00:00,,UPA_SYNTHETIC,IntgCagInfo(SYNTHETIC v4),2026-09-26 06:03:34.614130+00:00,OK,True
KRUSN,2026,105,210036,경성,석유제품운반선,,,SYN210036_2026_105,SYN-210036_2026_105-3,,O,수출,정박지-M1,액체,석유증류물(기타),1268,001128,선종(석유제품운반선)·선석 미정·종수가정 4/4,벌크,펌프,TON,27794.9,27794.9,,,30574.4,27794.9,,,울산,,,2026-09-28 13:00:00+00:00,,UPA_SYNTHETIC,IntgCagInfo(SYNTHETIC v4),2026-09-26 06:03:34.614130+00:00,OK,True
KRUSN,2026,105,210036,경성,석유제품운반선,,,SYN210036_2026_105,SYN-210036_2026_105-4,,O,수출,정박지-M1,액체,가솔린,1203,016420,선종(석유제품운반선)·선석 미정·종수가정 4/4,벌크,펌프,TON,27999.7,27999.7,,,30799.7,27999.7,,,울산,,,2026-09-28 13:00:00+00:00,,UPA_SYNTHETIC,IntgCagInfo(SYNTHETIC v4),2026-09-26 06:03:34.614130+00:00,OK,True
KRUSN,2026,56,210041,한유울산,석유제품운반선,,,SYN210041_2026_056,SYN-210041_2026_056-1,,I,수입,정박지-M4,액체,디젤 연료/경유,1202,000973,대표화물코드 27·선석 미정·종수가정 1/6,벌크,펌프,TON,9938.6,9938.6,,,10932.5,9938.6,,울산,,,,2026-09-26 04:00:00+00:00,,UPA_SYNTHETIC,IntgCagInfo(SYNTHETIC v4),2026-09-26 06:03:34.618121+00:00,OK,True
KRUSN,2026,19,212803,다인3호,석유제품운반선,,,SYN212803_2026_019,SYN-212803_2026_019-1,,I,수입,SK2부두,액체,석유증류물(기타),1268,001128,선종(석유제품운반선)·선석분류(유류/berth+UPA)·PORT-MIS 선석·종수가정 4/4,벌크,펌프,TON,12942.8,12942.8,,,14237.1,12942.8,,울산,,,,2026-09-22 17:00:00+00:00,,UPA_SYNTHETIC,IntgCagInfo(SYNTHETIC v4),2026-09-26 06:03:34.620196+00:00,OK,True
KRUSN,2026,19,212803,다인3호,석유제품운반선,,,SYN212803_2026_019,SYN-212803_2026_019-2,,O,수출,SK2부두,액체,디젤 연료/경유,1202,000973,선종(석유제품운반선)·선석분류(유류/berth+UPA)·PORT-MIS 선석·종수가정 4/4,벌크,펌프,TON,4253.3,4253.3,,,4678.6,4253.3,,,울산,,,2026-09-22 17:00:00+00:00,,UPA_SYNTHETIC,IntgCagInfo(SYNTHETIC v4),2026-09-26 06:03:34.620196+00:00,OK,True
KRUSN,2026,19,212803,다인3호,석유제품운반선,,,SYN212803_2026_019,SYN-212803_2026_019-3,,O,수출,SK2부두,액체,케로신,1223,000756,선종(석유제품운반선)·선석분류(유류/berth+UPA)·PORT-MIS 선석·종수가정 4/4,벌크,펌프,TON,8902.7,8902.7,,,9793.0,8902.7,,,울산,,,2026-09-22 17:00:00+00:00,,UPA_SYNTHETIC,IntgCagInfo(SYNTHETIC v4),2026-09-26 06:03:34.620196+00:00,OK,True
KRUSN,2026,19,212803,다인3호,석유제품운반선,,,SYN212803_2026_019,SYN-212803_2026_019-4,,O,수출,SK2부두,액체,가솔린,1203,016420,선종(석유제품운반선)·선석분류(유류/berth+UPA)·PORT-MIS 선석·종수가정 4/4,벌크,펌프,TON,1620.0,1620.0,,,1782.0,1620.0,,,울산,,,2026-09-22 17:00:00+00:00,,UPA_SYNTHETIC,IntgCagInfo(SYNTHETIC v4),2026-09-26 06:03:34.620196+00:00,OK,True
KRUSN,2026,65,212838,제8우진호,석유제품운반선,,,SYN212838_2026_065,SYN-212838_2026_065-1,,O,수출,장생포호안,액체,케로신,1223,000756,선종(석유제품운반선)·선석 미정·종수가정 1/4,벌크,펌프,TON,12153.2,12153.2,,,13368.5,12153.2,,,울산,,,2026-09-11 15:00:00+00:00,,UPA_SYNTHETIC,IntgCagInfo(SYNTHETIC v4),2026-09-26 06:03:34.622345+00:00,OK,True
KRUSN,2026,68,212838,제8우진호,석유제품운반선,,,SYN212838_2026_068,SYN-212838_2026_068-1,,I,수입,장생포호안,액체,디젤 연료/경유,1202,000973,선종(석유제품운반선)·선석 미정·종수가정 1/4,벌크,펌프,TON,13627.1,13627.1,,,14989.8,13627.1,,울산,,,,2026-09-20 05:00:00+00:00,,UPA_SYNTHETIC,IntgCagInfo(SYNTHETIC v4),2026-09-26 06:03:34.622345+00:00,OK,True
KRUSN,2026,69,212838,제8우진호,석유제품운반선,,,SYN212838_2026_069,SYN-212838_2026_069-1,,I,수입,장생포호안,액체,케로신,1223,000756,선종(석유제품운반선)·선석 미정·종수가정 2/4,벌크,펌프,TON,10021.6,10021.6,,,11023.8,10021.6,,울산,,,,2026-09-23 03:00:00+00:00,,UPA_SYNTHETIC,IntgCagInfo(SYNTHETIC v4),2026-09-26 06:03:34.622345+00:00,OK,True
KRUSN,2026,69,212838,제8우진호,석유제품운반선,,,SYN212838_2026_069,SYN-212838_2026_069-2,,I,수입,장생포호안,액체,디젤 연료/경유,1202,000973,선종(석유제품운반선)·선석 미정·종수가정 2/4,벌크,펌프,TON,7906.7,7906.7,,,8697.4,7906.7,,울산,,,,2026-09-23 03:00:00+00:00,,UPA_SYNTHETIC,IntgCagInfo(SYNTHETIC v4),2026-09-26 06:03:34.622345+00:00,OK,True
KRUSN,2026,34,220007,무성,석유제품운반선,,,SYN220007_2026_034,SYN-220007_2026_034-1,,O,수출,장생포호안,액체,케로신,1223,000756,선종(석유제품운반선)·선석 미정·종수가정 3/4,벌크,펌프,TON,596.4,596.4,,,656.0,596.4,,,울산,,,2026-09-26 07:00:00+00:00,,UPA_SYNTHETIC,IntgCagInfo(SYNTHETIC v4),2026-09-26 06:03:34.624864+00:00,OK,True
KRUSN,2026,34,220007,무성,석유제품운반선,,,SYN220007_2026_034,SYN-220007_2026_034-2,,O,수출,장생포호안,액체,디젤 연료/경유,1202,000973,선종(석유제품운반선)·선석 미정·종수가정 3/4,벌크,펌프,TON,897.2,897.2,,,986.9,897.2,,,울산,,,2026-09-26 07:00:00+00:00,,UPA_SYNTHETIC,IntgCagInfo(SYNTHETIC v4),2026-09-26 06:03:34.624864+00:00,OK,True
KRUSN,2026,34,220007,무성,석유제품운반선,,,SYN220007_2026_034,SYN-220007_2026_034-3,,O,수출,장생포호안,액체,석유증류물(기타),1268,001128,선종(석유제품운반선)·선석 미정·종수가정 3/4,벌크,펌프,TON,10245.7,10245.7,,,11270.3,10245.7,,,울산,,,2026-09-26 07:00:00+00:00,,UPA_SYNTHETIC,IntgCagInfo(SYNTHETIC v4),2026-09-26 06:03:34.624864+00:00,OK,True
KRUSN,2026,93,220023,창용1호,석유제품운반선,,,SYN220023_2026_093,SYN-220023_2026_093-1,,O,수출,달포부두,액체,석유증류물(기타),1268,001128,선종(석유제품운반선)·선석분류(유류/UPA)·VTS 접안·종수가정 4/4,벌크,펌프,TON,7755.1,7755.1,,,8530.6,7755.1,,,울산,,,2026-09-20 06:00:00+00:00,,UPA_SYNTHETIC,IntgCagInfo(SYNTHETIC v4),2026-09-26 06:03:34.630870+00:00,OK,True
KRUSN,2026,93,220023,창용1호,석유제품운반선,,,SYN220023_2026_093,SYN-220023_2026_093-2,,O,수출,달포부두,액체,디젤 연료/경유,1202,000973,선종(석유제품운반선)·선석분류(유류/UPA)·VTS 접안·종수가정 4/4,벌크,펌프,TON,26193.1,26193.1,,,28812.4,26193.1,,,울산,,,2026-09-20 06:00:00+00:00,,UPA_SYNTHETIC,IntgCagInfo(SYNTHETIC v4),2026-09-26 06:03:34.630870+00:00,OK,True
KRUSN,2026,93,220023,창용1호,석유제품운반선,,,SYN220023_2026_093,SYN-220023_2026_093-3,,O,수출,달포부두,액체,케로신,1223,000756,선종(석유제품운반선)·선석분류(유류/UPA)·VTS 접안·종수가정 4/4,벌크,펌프,TON,2035.5,2035.5,,,2239.1,2035.5,,,울산,,,2026-09-20 06:00:00+00:00,,UPA_SYNTHETIC,IntgCagInfo(SYNTHETIC v4),2026-09-26 06:03:34.630870+00:00,OK,True
KRUSN,2026,93,220023,창용1호,석유제품운반선,,,SYN220023_2026_093,SYN-220023_2026_093-4,,O,수출,달포부두,액체,가솔린,1203,016420,선종(석유제품운반선)·선석분류(유류/UPA)·VTS 접안·종수가정 4/4,벌크,펌프,TON,12426.3,12426.3,,,13668.9,12426.3,,,울산,,,2026-09-20 06:00:00+00:00,,UPA_SYNTHETIC,IntgCagInfo(SYNTHETIC v4),2026-09-26 06:03:34.630870+00:00,OK,True
KRUSN,2026,94,220023,창용1호,석유제품운반선,,,SYN220023_2026_094,SYN-220023_2026_094-1,,I,수입,정박지-M1,액체,케로신,1223,000756,선종(석유제품운반선)·선석 미정·종수가정 4/4,벌크,펌프,TON,17591.4,17591.4,,,19350.5,17591.4,,울산,,,,2026-09-21 11:00:00+00:00,,UPA_SYNTHETIC,IntgCagInfo(SYNTHETIC v4),2026-09-26 06:03:34.633062+00:00,OK,True
KRUSN,2026,94,220023,창용1호,석유제품운반선,,,SYN220023_2026_094,SYN-220023_2026_094-2,,O,수출,정박지-M1,액체,디젤 연료/경유,1202,000973,선종(석유제품운반선)·선석 미정·종수가정 4/4,벌크,펌프,TON,24868.7,24868.7,,,27355.6,24868.7,,,울산,,,2026-09-21 11:00:00+00:00,,UPA_SYNTHETIC,IntgCagInfo(SYNTHETIC v4),2026-09-26 06:03:34.633062+00:00,OK,True
KRUSN,2026,94,220023,창용1호,석유제품운반선,,,SYN220023_2026_094,SYN-220023_2026_094-3,,O,수출,정박지-M1,액체,가솔린,1203,016420,선종(석유제품운반선)·선석 미정·종수가정 4/4,벌크,펌프,TON,18941.0,18941.0,,,20835.1,18941.0,,,울산,,,2026-09-21 11:00:00+00:00,,UPA_SYNTHETIC,IntgCagInfo(SYNTHETIC v4),2026-09-26 06:03:34.633616+00:00,OK,True
KRUSN,2026,94,220023,창용1호,석유제품운반선,,,SYN220023_2026_094,SYN-220023_2026_094-4,,O,수출,정박지-M1,액체,석유증류물(기타),1268,001128,선종(석유제품운반선)·선석 미정·종수가정 4/4,벌크,펌프,TON,4485.4,4485.4,,,4933.9,4485.4,,,울산,,,2026-09-21 11:00:00+00:00,,UPA_SYNTHETIC,IntgCagInfo(SYNTHETIC v4),2026-09-26 06:03:34.633616+00:00,OK,True
KRUSN,2026,95,220023,창용1호,석유제품운반선,,,SYN220023_2026_095,SYN-220023_2026_095-1,,O,수출,정박지-M1,액체,석유증류물(기타),1268,001128,선종(석유제품운반선)·선석 미정·종수가정 2/4,벌크,펌프,TON,18264.7,18264.7,,,20091.2,18264.7,,,울산,,,2026-09-24 05:00:00+00:00,,UPA_SYNTHETIC,IntgCagInfo(SYNTHETIC v4),2026-09-26 06:03:34.635263+00:00,OK,True
KRUSN,2026,95,220023,창용1호,석유제품운반선,,,SYN220023_2026_095,SYN-220023_2026_095-2,,O,수출,정박지-M1,액체,케로신,1223,000756,선종(석유제품운반선)·선석 미정·종수가정 2/4,벌크,펌프,TON,4916.0,4916.0,,,5407.6,4916.0,,,울산,,,2026-09-24 05:00:00+00:00,,UPA_SYNTHETIC,IntgCagInfo(SYNTHETIC v4),2026-09-26 06:03:34.635263+00:00,OK,True
KRUSN,2026,71,224805,다온,석유제품운반선,,,SYN224805_2026_071,SYN-224805_2026_071-1,,O,수출,SK2부두,액체,디젤 연료/경유,1202,000973,선종(석유제품운반선)·선석분류(유류/berth+UPA)·VTS 접안·종수가정 4/4,벌크,펌프,TON,21925.0,21925.0,,,24117.5,21925.0,,,울산,,,2026-09-12 10:00:00+00:00,,UPA_SYNTHETIC,IntgCagInfo(SYNTHETIC v4),2026-09-26 06:03:34.639894+00:00,OK,True
KRUSN,2026,71,224805,다온,석유제품운반선,,,SYN224805_2026_071,SYN-224805_2026_071-2,,I,수입,SK2부두,액체,케로신,1223,000756,선종(석유제품운반선)·선석분류(유류/berth+UPA)·VTS 접안·종수가정 4/4,벌크,펌프,TON,16541.6,16541.6,,,18195.8,16541.6,,울산,,,,2026-09-12 10:00:00+00:00,,UPA_SYNTHETIC,IntgCagInfo(SYNTHETIC v4),2026-09-26 06:03:34.639894+00:00,OK,True
KRUSN,2026,71,224805,다온,석유제품운반선,,,SYN224805_2026_071,SYN-224805_2026_071-3,,O,수출,SK2부두,액체,가솔린,1203,016420,선종(석유제품운반선)·선석분류(유류/berth+UPA)·VTS 접안·종수가정 4/4,벌크,펌프,TON,18680.0,18680.0,,,20548.0,18680.0,,,울산,,,2026-09-12 10:00:00+00:00,,UPA_SYNTHETIC,IntgCagInfo(SYNTHETIC v4),2026-09-26 06:03:34.639894+00:00,OK,True
KRUSN,2026,71,224805,다온,석유제품운반선,,,SYN224805_2026_071,SYN-224805_2026_071-4,,I,수입,SK2부두,액체,석유증류물(기타),1268,001128,선종(석유제품운반선)·선석분류(유류/berth+UPA)·VTS 접안·종수가정 4/4,벌크,펌프,TON,22040.4,22040.4,,,24244.4,22040.4,,울산,,,,2026-09-12 10:00:00+00:00,,UPA_SYNTHETIC,IntgCagInfo(SYNTHETIC v4),2026-09-26 06:03:34.639894+00:00,OK,True
KRUSN,2026,74,224805,다온,석유제품운반선,,,SYN224805_2026_074,SYN-224805_2026_074-1,,I,수입,SK2부두,액체,석유증류물(기타),1268,001128,선종(석유제품운반선)·선석분류(유류/berth+UPA)·VTS 접안·종수가정 4/4,벌크,펌프,TON,3836.2,3836.2,,,4219.8,3836.2,,울산,,,,2026-09-20 20:00:00+00:00,,UPA_SYNTHETIC,IntgCagInfo(SYNTHETIC v4),2026-09-26 06:03:34.642899+00:00,OK,True
KRUSN,2026,74,224805,다온,석유제품운반선,,,SYN224805_2026_074,SYN-224805_2026_074-2,,O,수출,SK2부두,액체,가솔린,1203,016420,선종(석유제품운반선)·선석분류(유류/berth+UPA)·VTS 접안·종수가정 4/4,벌크,펌프,TON,23803.7,23803.7,,,26184.1,23803.7,,,울산,,,2026-09-20 20:00:00+00:00,,UPA_SYNTHETIC,IntgCagInfo(SYNTHETIC v4),2026-09-26 06:03:34.642899+00:00,OK,True
KRUSN,2026,74,224805,다온,석유제품운반선,,,SYN224805_2026_074,SYN-224805_2026_074-3,,O,수출,SK2부두,액체,케로신,1223,000756,선종(석유제품운반선)·선석분류(유류/berth+UPA)·VTS 접안·종수가정 4/4,벌크,펌프,TON,14089.9,14089.9,,,15498.9,14089.9,,,울산,,,2026-09-20 20:00:00+00:00,,UPA_SYNTHETIC,IntgCagInfo(SYNTHETIC v4),2026-09-26 06:03:34.642899+00:00,OK,True
KRUSN,2026,74,224805,다온,석유제품운반선,,,SYN224805_2026_074,SYN-224805_2026_074-4,,I,수입,SK2부두,액체,디젤 연료/경유,1202,000973,선종(석유제품운반선)·선석분류(유류/berth+UPA)·VTS 접안·종수가정 4/4,벌크,펌프,TON,6247.4,6247.4,,,6872.1,6247.4,,울산,,,,2026-09-20 20:00:00+00:00,,UPA_SYNTHETIC,IntgCagInfo(SYNTHETIC v4),2026-09-26 06:03:34.642899+00:00,OK,True
KRUSN,2026,75,224805,다온,석유제품운반선,,,SYN224805_2026_075,SYN-224805_2026_075-1,,I,수입,장생포호안,액체,케로신,1223,000756,선종(석유제품운반선)·선석 미정·종수가정 4/4,벌크,펌프,TON,1721.7,1721.7,,,1893.9,1721.7,,울산,,,,2026-09-22 14:00:00+00:00,,UPA_SYNTHETIC,IntgCagInfo(SYNTHETIC v4),2026-09-26 06:03:34.644899+00:00,OK,True
KRUSN,2026,75,224805,다온,석유제품운반선,,,SYN224805_2026_075,SYN-224805_2026_075-2,,O,수출,장생포호안,액체,가솔린,1203,016420,선종(석유제품운반선)·선석 미정·종수가정 4/4,벌크,펌프,TON,12543.2,12543.2,,,13797.5,12543.2,,,울산,,,2026-09-22 14:00:00+00:00,,UPA_SYNTHETIC,IntgCagInfo(SYNTHETIC v4),2026-09-26 06:03:34.644899+00:00,OK,True
KRUSN,2026,75,224805,다온,석유제품운반선,,,SYN224805_2026_075,SYN-224805_2026_075-3,,O,수출,장생포호안,액체,디젤 연료/경유,1202,000973,선종(석유제품운반선)·선석 미정·종수가정 4/4,벌크,펌프,TON,15837.1,15837.1,,,17420.8,15837.1,,,울산,,,2026-09-22 14:00:00+00:00,,UPA_SYNTHETIC,IntgCagInfo(SYNTHETIC v4),2026-09-26 06:03:34.644899+00:00,OK,True
KRUSN,2026,75,224805,다온,석유제품운반선,,,SYN224805_2026_075,SYN-224805_2026_075-4,,O,수출,장생포호안,액체,석유증류물(기타),1268,001128,선종(석유제품운반선)·선석 미정·종수가정 4/4,벌크,펌프,TON,1913.0,1913.0,,,2104.3,1913.0,,,울산,,,2026-09-22 14:00:00+00:00,,UPA_SYNTHETIC,IntgCagInfo(SYNTHETIC v4),2026-09-26 06:03:34.645894+00:00,OK,True
KRUSN,2026,30,224810,케이에스 아너,석유제품운반선,,,SYN224810_2026_030,SYN-224810_2026_030-1,,O,수출,정박지-E1,액체,디젤 연료/경유,1202,000973,선종(석유제품운반선)·선석 미정·종수가정 3/4,벌크,펌프,TON,11261.4,11261.4,,,12387.5,11261.4,,,울산,,,2026-09-24 19:00:00+00:00,,UPA_SYNTHETIC,IntgCagInfo(SYNTHETIC v4),2026-09-26 06:03:34.649897+00:00,OK,True
KRUSN,2026,30,224810,케이에스 아너,석유제품운반선,,,SYN224810_2026_030,SYN-224810_2026_030-2,,I,수입,정박지-E1,액체,석유증류물(기타),1268,001128,선종(석유제품운반선)·선석 미정·종수가정 3/4,벌크,펌프,TON,14210.1,14210.1,,,15631.1,14210.1,,울산,,,,2026-09-24 19:00:00+00:00,,UPA_SYNTHETIC,IntgCagInfo(SYNTHETIC v4),2026-09-26 06:03:34.649897+00:00,OK,True
KRUSN,2026,30,224810,케이에스 아너,석유제품운반선,,,SYN224810_2026_030,SYN-224810_2026_030-3,,I,수입,정박지-E1,액체,가솔린,1203,016420,선종(석유제품운반선)·선석 미정·종수가정 3/4,벌크,펌프,TON,26703.9,26703.9,,,29374.3,26703.9,,울산,,,,2026-09-24 19:00:00+00:00,,UPA_SYNTHETIC,IntgCagInfo(SYNTHETIC v4),2026-09-26 06:03:34.649897+00:00,OK,True
KRUSN,2026,48,224814,엠에스클린,석유제품운반선,,,SYN224814_2026_048,SYN-224814_2026_048-1,,O,수출,정박지-E1,액체,케로신,1223,000756,선종(석유제품운반선)·선석 미정·종수가정 1/4,벌크,펌프,TON,22332.3,22332.3,,,24565.5,22332.3,,,울산,,,2026-09-25 06:00:00+00:00,,UPA_SYNTHETIC,IntgCagInfo(SYNTHETIC v4),2026-09-26 06:03:34.653893+00:00,OK,True
KRUSN,2026,49,224814,엠에스클린,석유제품운반선,,,SYN224814_2026_049,SYN-224814_2026_049-1,,O,수출,정박지-E1,액체,가솔린,1203,016420,선종(석유제품운반선)·선석 미정·종수가정 2/4,벌크,펌프,TON,9313.5,9313.5,,,10244.9,9313.5,,,울산,,,2026-09-28 00:00:00+00:00,,UPA_SYNTHETIC,IntgCagInfo(SYNTHETIC v4),2026-09-26 06:03:34.654896+00:00,OK,True
KRUSN,2026,49,224814,엠에스클린,석유제품운반선,,,SYN224814_2026_049,SYN-224814_2026_049-2,,I,수입,정박지-E1,액체,석유증류물(기타),1268,001128,선종(석유제품운반선)·선석 미정·종수가정 2/4,벌크,펌프,TON,3043.0,3043.0,,,3347.3,3043.0,,울산,,,,2026-09-28 00:00:00+00:00,,UPA_SYNTHETIC,IntgCagInfo(SYNTHETIC v4),2026-09-26 06:03:34.654896+00:00,OK,True
KRUSN,2026,90,224816,루비오션호,석유제품운반선,,,SYN224816_2026_090,SYN-224816_2026_090-1,,I,수입,장생포호안,액체,가솔린,1203,016420,선종(석유제품운반선)·선석 미정·종수가정 3/4,벌크,펌프,TON,2822.5,2822.5,,,3104.8,2822.5,,울산,,,,2026-09-20 15:00:00+00:00,,UPA_SYNTHETIC,IntgCagInfo(SYNTHETIC v4),2026-09-26 06:03:34.656895+00:00,OK,True
KRUSN,2026,90,224816,루비오션호,석유제품운반선,,,SYN224816_2026_090,SYN-224816_2026_090-2,,O,수출,장생포호안,액체,케로신,1223,000756,선종(석유제품운반선)·선석 미정·종수가정 3/4,벌크,펌프,TON,20367.7,20367.7,,,22404.5,20367.7,,,울산,,,2026-09-20 15:00:00+00:00,,UPA_SYNTHETIC,IntgCagInfo(SYNTHETIC v4),2026-09-26 06:03:34.656895+00:00,OK,True
KRUSN,2026,90,224816,루비오션호,석유제품운반선,,,SYN224816_2026_090,SYN-224816_2026_090-3,,O,수출,장생포호안,액체,디젤 연료/경유,1202,000973,선종(석유제품운반선)·선석 미정·종수가정 3/4,벌크,펌프,TON,16631.6,16631.6,,,18294.8,16631.6,,,울산,,,2026-09-20 15:00:00+00:00,,UPA_SYNTHETIC,IntgCagInfo(SYNTHETIC v4),2026-09-26 06:03:34.656895+00:00,OK,True
KRUSN,2026,91,224816,루비오션호,석유제품운반선,,,SYN224816_2026_091,SYN-224816_2026_091-1,,I,수입,장생포호안,액체,가솔린,1203,016420,선종(석유제품운반선)·선석 미정·종수가정 3/4,벌크,펌프,TON,29158.5,29158.5,,,32074.4,29158.5,,울산,,,,2026-09-25 15:00:00+00:00,,UPA_SYNTHETIC,IntgCagInfo(SYNTHETIC v4),2026-09-26 06:03:34.657893+00:00,OK,True
KRUSN,2026,91,224816,루비오션호,석유제품운반선,,,SYN224816_2026_091,SYN-224816_2026_091-2,,I,수입,장생포호안,액체,디젤 연료/경유,1202,000973,선종(석유제품운반선)·선석 미정·종수가정 3/4,벌크,펌프,TON,23167.7,23167.7,,,25484.5,23167.7,,울산,,,,2026-09-25 15:00:00+00:00,,UPA_SYNTHETIC,IntgCagInfo(SYNTHETIC v4),2026-09-26 06:03:34.657893+00:00,OK,True
KRUSN,2026,91,224816,루비오션호,석유제품운반선,,,SYN224816_2026_091,SYN-224816_2026_091-3,,I,수입,장생포호안,액체,케로신,1223,000756,선종(석유제품운반선)·선석 미정·종수가정 3/4,벌크,펌프,TON,23736.1,23736.1,,,26109.7,23736.1,,울산,,,,2026-09-25 15:00:00+00:00,,UPA_SYNTHETIC,IntgCagInfo(SYNTHETIC v4),2026-09-26 06:03:34.657893+00:00,OK,True
KRUSN,2026,13,224820,대일,석유제품운반선,,,SYN224820_2026_013,SYN-224820_2026_013-1,,O,수출,장생포호안,액체,디젤 연료/경유,1202,000973,선종(석유제품운반선)·선석 미정·종수가정 1/4,벌크,펌프,TON,13087.5,13087.5,,,14396.3,13087.5,,,울산,,,2026-09-23 09:00:00+00:00,,UPA_SYNTHETIC,IntgCagInfo(SYNTHETIC v4),2026-09-26 06:03:34.661343+00:00,OK,True
KRUSN,2026,66,230007,카리스(CHARIS),석유제품운반선,,,SYN230007_2026_066,SYN-230007_2026_066-1,,I,수입,S-Oil 2부두,액체,케로신,1223,000756,선종(석유제품운반선)·선석분류(액체화학·유류/berth+UPA)·VTS 접안·종수가정 1/4,벌크,펌프,TON,28349.2,28349.2,,,31184.1,28349.2,,울산,,,,2026-09-12 09:00:00+00:00,,UPA_SYNTHETIC,IntgCagInfo(SYNTHETIC v4),2026-09-26 06:03:34.668028+00:00,OK,True
KRUSN,2026,69,230007,카리스(CHARIS),석유제품운반선,,,SYN230007_2026_069,SYN-230007_2026_069-1,,O,수출,정박지-M1,액체,가솔린,1203,016420,선종(석유제품운반선)·선석 미정·종수가정 4/4,벌크,펌프,TON,14258.8,14258.8,,,15684.7,14258.8,,,울산,,,2026-09-22 23:00:00+00:00,,UPA_SYNTHETIC,IntgCagInfo(SYNTHETIC v4),2026-09-26 06:03:34.669152+00:00,OK,True
KRUSN,2026,69,230007,카리스(CHARIS),석유제품운반선,,,SYN230007_2026_069,SYN-230007_2026_069-2,,I,수입,정박지-M1,액체,케로신,1223,000756,선종(석유제품운반선)·선석 미정·종수가정 4/4,벌크,펌프,TON,29116.2,29116.2,,,32027.8,29116.2,,울산,,,,2026-09-22 23:00:00+00:00,,UPA_SYNTHETIC,IntgCagInfo(SYNTHETIC v4),2026-09-26 06:03:34.669152+00:00,OK,True
KRUSN,2026,69,230007,카리스(CHARIS),석유제품운반선,,,SYN230007_2026_069,SYN-230007_2026_069-3,,O,수출,정박지-M1,액체,디젤 연료/경유,1202,000973,선종(석유제품운반선)·선석 미정·종수가정 4/4,벌크,펌프,TON,10442.0,10442.0,,,11486.2,10442.0,,,울산,,,2026-09-22 23:00:00+00:00,,UPA_SYNTHETIC,IntgCagInfo(SYNTHETIC v4),2026-09-26 06:03:34.669152+00:00,OK,True
KRUSN,2026,69,230007,카리스(CHARIS),석유제품운반선,,,SYN230007_2026_069,SYN-230007_2026_069-4,,O,수출,정박지-M1,액체,석유증류물(기타),1268,001128,선종(석유제품운반선)·선석 미정·종수가정 4/4,벌크,펌프,TON,4502.3,4502.3,,,4952.5,4502.3,,,울산,,,2026-09-22 23:00:00+00:00,,UPA_SYNTHETIC,IntgCagInfo(SYNTHETIC v4),2026-09-26 06:03:34.669670+00:00,OK,True
KRUSN,2026,70,230007,카리스(CHARIS),석유제품운반선,,,SYN230007_2026_070,SYN-230007_2026_070-1,,O,수출,장생포호안,액체,가솔린,1203,016420,선종(석유제품운반선)·선석 미정·종수가정 3/4,벌크,펌프,TON,10074.8,10074.8,,,11082.3,10074.8,,,울산,,,2026-09-24 18:00:00+00:00,,UPA_SYNTHETIC,IntgCagInfo(SYNTHETIC v4),2026-09-26 06:03:34.671037+00:00,OK,True
KRUSN,2026,70,230007,카리스(CHARIS),석유제품운반선,,,SYN230007_2026_070,SYN-230007_2026_070-2,,O,수출,장생포호안,액체,케로신,1223,000756,선종(석유제품운반선)·선석 미정·종수가정 3/4,벌크,펌프,TON,25748.8,25748.8,,,28323.7,25748.8,,,울산,,,2026-09-24 18:00:00+00:00,,UPA_SYNTHETIC,IntgCagInfo(SYNTHETIC v4),2026-09-26 06:03:34.671037+00:00,OK,True
KRUSN,2026,70,230007,카리스(CHARIS),석유제품운반선,,,SYN230007_2026_070,SYN-230007_2026_070-3,,O,수출,장생포호안,액체,석유증류물(기타),1268,001128,선종(석유제품운반선)·선석 미정·종수가정 3/4,벌크,펌프,TON,4801.4,4801.4,,,5281.5,4801.4,,,울산,,,2026-09-24 18:00:00+00:00,,UPA_SYNTHETIC,IntgCagInfo(SYNTHETIC v4),2026-09-26 06:03:34.671037+00:00,OK,True
KRUSN,2026,69,230010,스카이마스,석유제품운반선,,,SYN230010_2026_069,SYN-230010_2026_069-1,,I,수입,장생포호안,액체,가솔린,1203,016420,선종(석유제품운반선)·선석 미정·종수가정 1/4,벌크,펌프,TON,844.2,844.2,,,928.6,844.2,,울산,,,,2026-09-11 15:00:00+00:00,,UPA_SYNTHETIC,IntgCagInfo(SYNTHETIC v4),2026-09-26 06:03:34.676049+00:00,OK,True
KRUSN,2026,70,230010,스카이마스,석유제품운반선,,,SYN230010_2026_070,SYN-230010_2026_070-1,,O,수출,신항컨부두,액체,디젤 연료/경유,1202,000973,선종(석유제품운반선)·선석조건 없음·VTS 접안·종수가정 2/4,벌크,펌프,TON,9451.5,9451.5,,,10396.7,9451.5,,,울산,,,2026-09-12 15:00:00+00:00,,UPA_SYNTHETIC,IntgCagInfo(SYNTHETIC v4),2026-09-26 06:03:34.679067+00:00,OK,True
KRUSN,2026,70,230010,스카이마스,석유제품운반선,,,SYN230010_2026_070,SYN-230010_2026_070-2,,O,수출,신항컨부두,액체,석유증류물(기타),1268,001128,선종(석유제품운반선)·선석조건 없음·VTS 접안·종수가정 2/4,벌크,펌프,TON,24273.6,24273.6,,,26701.0,24273.6,,,울산,,,2026-09-12 15:00:00+00:00,,UPA_SYNTHETIC,IntgCagInfo(SYNTHETIC v4),2026-09-26 06:03:34.679584+00:00,OK,True
KRUSN,2026,74,230010,스카이마스,석유제품운반선,,,SYN230010_2026_074,SYN-230010_2026_074-1,,O,수출,현대오일터미널 신항2부두,액체,석유증류물(기타),1268,001128,선종(석유제품운반선)·터미널 취급품목(HYUNDAI_OIL)·PORT-MIS 선석·종수가정 1/3,벌크,펌프,TON,23040.6,23040.6,,,25344.7,23040.6,,,울산,,,2026-09-25 15:00:00+00:00,,UPA_SYNTHETIC,IntgCagInfo(SYNTHETIC v4),2026-09-26 06:03:34.679611+00:00,OK,True
KRUSN,2026,42,230014,23부광호,급유선,,,SYN230014_2026_042,SYN-230014_2026_042-1,,O,수출,달포부두,액체,석유증류물(기타),1268,001128,선종(급유선)·선석분류(유류/UPA)·VTS 접안·종수가정 1/2,벌크,펌프,TON,2549.2,2549.2,,,2804.1,2549.2,,,울산,,,2026-09-12 16:00:00+00:00,,UPA_SYNTHETIC,IntgCagInfo(SYNTHETIC v4),2026-09-26 06:03:34.684602+00:00,OK,True
KRUSN,2026,46,230014,23부광호,급유선,,,SYN230014_2026_046,SYN-230014_2026_046-1,,O,수출,장생포호안,액체,디젤 연료/경유,1202,000973,선종(급유선)·선석 미정·종수가정 1/2,벌크,펌프,TON,23382.6,23382.6,,,25720.9,23382.6,,,울산,,,2026-09-23 16:00:00+00:00,,UPA_SYNTHETIC,IntgCagInfo(SYNTHETIC v4),2026-09-26 06:03:34.685606+00:00,OK,True
KRUSN,2026,51,230024,경성호,석유제품운반선,,,SYN230024_2026_051,SYN-230024_2026_051-1,,O,수출,현대오일터미널 신항2부두,액체,디젤 연료/경유,1202,000973,선종(석유제품운반선)·터미널 취급품목(HYUNDAI_OIL)·PORT-MIS 선석·종수가정 1/3,벌크,펌프,TON,5378.6,5378.6,,,5916.5,5378.6,,,울산,,,2026-09-12 09:55:00+00:00,,UPA_SYNTHETIC,IntgCagInfo(SYNTHETIC v4),2026-09-26 06:03:34.688604+00:00,OK,True
KRUSN,2026,53,230024,경성호,석유제품운반선,,,SYN230024_2026_053,SYN-230024_2026_053-1,,O,수출,정박지-M1,액체,원유,1267,000751,대표화물코드 27·선석 미정·종수가정 6/6,벌크,펌프,TON,2946.0,2946.0,,,3240.6,2946.0,,,울산,,,2026-09-23 13:00:00+00:00,,UPA_SYNTHETIC,IntgCagInfo(SYNTHETIC v4),2026-09-26 06:03:34.689601+00:00,OK,True
KRUSN,2026,53,230024,경성호,석유제품운반선,,,SYN230024_2026_053,SYN-230024_2026_053-2,,I,수입,정박지-M1,액체,디젤 연료/경유,1202,000973,대표화물코드 27·선석 미정·종수가정 6/6,벌크,펌프,TON,27026.6,27026.6,,,29729.3,27026.6,,울산,,,,2026-09-23 13:00:00+00:00,,UPA_SYNTHETIC,IntgCagInfo(SYNTHETIC v4),2026-09-26 06:03:34.689601+00:00,OK,True
KRUSN,2026,53,230024,경성호,석유제품운반선,,,SYN230024_2026_053,SYN-230024_2026_053-3,,I,수입,정박지-M1,액체,크실렌,1307,001077,대표화물코드 27·선석 미정·종수가정 6/6,벌크,펌프,TON,9367.7,9367.7,,,10304.5,9367.7,,울산,,,,2026-09-23 13:00:00+00:00,,UPA_SYNTHETIC,IntgCagInfo(SYNTHETIC v4),2026-09-26 06:03:34.689601+00:00,OK,True
KRUSN,2026,53,230024,경성호,석유제품운반선,,,SYN230024_2026_053,SYN-230024_2026_053-4,,I,수입,정박지-M1,액체,케로신,1223,000756,대표화물코드 27·선석 미정·종수가정 6/6,벌크,펌프,TON,8984.7,8984.7,,,9883.2,8984.7,,울산,,,,2026-09-23 13:00:00+00:00,,UPA_SYNTHETIC,IntgCagInfo(SYNTHETIC v4),2026-09-26 06:03:34.689601+00:00,OK,True
KRUSN,2026,53,230024,경성호,석유제품운반선,,,SYN230024_2026_053,SYN-230024_2026_053-5,,I,수입,정박지-M1,액체,가솔린,1203,016420,대표화물코드 27·선석 미정·종수가정 6/6,벌크,펌프,TON,26920.1,26920.1,,,29612.1,26920.1,,울산,,,,2026-09-23 13:00:00+00:00,,UPA_SYNTHETIC,IntgCagInfo(SYNTHETIC v4),2026-09-26 06:03:34.689601+00:00,OK,True
KRUSN,2026,53,230024,경성호,석유제품운반선,,,SYN230024_2026_053,SYN-230024_2026_053-6,,I,수입,정박지-M1,액체,벤젠,1114,001008,대표화물코드 27·선석 미정·종수가정 6/6,벌크,펌프,TON,29864.1,29864.1,,,32850.5,29864.1,,울산,,,,2026-09-23 13:00:00+00:00,,UPA_SYNTHETIC,IntgCagInfo(SYNTHETIC v4),2026-09-26 06:03:34.689601+00:00,OK,True
KRUSN,2026,35,230025,부광9호,석유제품운반선,,,SYN230025_2026_035,SYN-230025_2026_035-1,,I,수입,신항컨부두,액체,디젤 연료/경유,1202,000973,선종(석유제품운반선)·선석조건 없음·VTS 접안·종수가정 3/4,벌크,펌프,TON,13261.3,13261.3,,,14587.4,13261.3,,울산,,,,2026-09-11 15:00:00+00:00,,UPA_SYNTHETIC,IntgCagInfo(SYNTHETIC v4),2026-09-26 06:03:34.695604+00:00,OK,True
KRUSN,2026,35,230025,부광9호,석유제품운반선,,,SYN230025_2026_035,SYN-230025_2026_035-2,,O,수출,신항컨부두,액체,가솔린,1203,016420,선종(석유제품운반선)·선석조건 없음·VTS 접안·종수가정 3/4,벌크,펌프,TON,13123.3,13123.3,,,14435.6,13123.3,,,울산,,,2026-09-11 15:00:00+00:00,,UPA_SYNTHETIC,IntgCagInfo(SYNTHETIC v4),2026-09-26 06:03:34.695604+00:00,OK,True
KRUSN,2026,35,230025,부광9호,석유제품운반선,,,SYN230025_2026_035,SYN-230025_2026_035-3,,O,수출,신항컨부두,액체,석유증류물(기타),1268,001128,선종(석유제품운반선)·선석조건 없음·VTS 접안·종수가정 3/4,벌크,펌프,TON,14102.2,14102.2,,,15512.4,14102.2,,,울산,,,2026-09-11 15:00:00+00:00,,UPA_SYNTHETIC,IntgCagInfo(SYNTHETIC v4),2026-09-26 06:03:34.696606+00:00,OK,True
KRUSN,2026,85,230026,5우영,기타유조선,,,SYN230026_2026_085,SYN-230026_2026_085-1,,O,수출,SK2부두,액체,석유증류물(기타),1268,001128,선종(기타유조선)·선석분류(유류/berth+UPA)·VTS 접안·종수가정 2/2,벌크,펌프,TON,23387.2,23387.2,,,25725.9,23387.2,,,울산,,,2026-09-12 22:00:00+00:00,,UPA_SYNTHETIC,IntgCagInfo(SYNTHETIC v4),2026-09-26 06:03:34.702612+00:00,OK,True
KRUSN,2026,24,3E6941,MIR HANA,케미칼운반선,,,SYN3E6941_2026_024,SYN-3E6941_2026_024-2,,I,수입,정박지-E1,액체,톨루엔,1294,001032,대표화물코드 29·선석 미정·종수가정 2/8,벌크,펌프,TON,20573.2,20573.2,,,22630.5,20573.2,,울산,,,,2026-09-27 07:00:00+00:00,,UPA_SYNTHETIC,IntgCagInfo(SYNTHETIC v4),2026-09-26 06:03:34.799699+00:00,OK,True
KRUSN,2026,85,230026,5우영,기타유조선,,,SYN230026_2026_085,SYN-230026_2026_085-2,,I,수입,SK2부두,액체,인화성 액체(기타),1993,000751,선종(기타유조선)·선석분류(유류/berth+UPA)·VTS 접안·종수가정 2/2,벌크,펌프,TON,18960.2,18960.2,,,20856.2,18960.2,,울산,,,,2026-09-12 22:00:00+00:00,,UPA_SYNTHETIC,IntgCagInfo(SYNTHETIC v4),2026-09-26 06:03:34.702612+00:00,OK,True
KRUSN,2026,88,230026,5우영,기타유조선,,,SYN230026_2026_088,SYN-230026_2026_088-1,,O,수출,SK2부두,액체,인화성 액체(기타),1993,000751,선종(기타유조선)·선석분류(유류/berth+UPA)·VTS 접안·종수가정 1/2,벌크,펌프,TON,21368.6,21368.6,,,23505.5,21368.6,,,울산,,,2026-09-19 20:00:00+00:00,,UPA_SYNTHETIC,IntgCagInfo(SYNTHETIC v4),2026-09-26 06:03:34.704610+00:00,OK,True
KRUSN,2026,89,230026,5우영,기타유조선,,,SYN230026_2026_089,SYN-230026_2026_089-1,,I,수입,SK2부두,액체,인화성 액체(기타),1993,000751,선종(기타유조선)·선석분류(유류/berth+UPA)·PORT-MIS 선석·종수가정 2/2,벌크,펌프,TON,2446.7,2446.7,,,2691.4,2446.7,,울산,,,,2026-09-21 06:00:00+00:00,,UPA_SYNTHETIC,IntgCagInfo(SYNTHETIC v4),2026-09-26 06:03:34.704610+00:00,OK,True
KRUSN,2026,89,230026,5우영,기타유조선,,,SYN230026_2026_089,SYN-230026_2026_089-2,,O,수출,SK2부두,액체,석유증류물(기타),1268,001128,선종(기타유조선)·선석분류(유류/berth+UPA)·PORT-MIS 선석·종수가정 2/2,벌크,펌프,TON,7912.8,7912.8,,,8704.1,7912.8,,,울산,,,2026-09-21 06:00:00+00:00,,UPA_SYNTHETIC,IntgCagInfo(SYNTHETIC v4),2026-09-26 06:03:34.704610+00:00,OK,True
KRUSN,2026,90,230026,5우영,기타유조선,,,SYN230026_2026_090,SYN-230026_2026_090-1,,O,수출,정박지-M2,액체,석유증류물(기타),1268,001128,선종(기타유조선)·선석 미정·종수가정 2/2,벌크,펌프,TON,29150.9,29150.9,,,32066.0,29150.9,,,울산,,,2026-09-23 03:00:00+00:00,,UPA_SYNTHETIC,IntgCagInfo(SYNTHETIC v4),2026-09-26 06:03:34.705607+00:00,OK,True
KRUSN,2026,90,230026,5우영,기타유조선,,,SYN230026_2026_090,SYN-230026_2026_090-2,,O,수출,정박지-M2,액체,인화성 액체(기타),1993,000751,선종(기타유조선)·선석 미정·종수가정 2/2,벌크,펌프,TON,22989.6,22989.6,,,25288.6,22989.6,,,울산,,,2026-09-23 03:00:00+00:00,,UPA_SYNTHETIC,IntgCagInfo(SYNTHETIC v4),2026-09-26 06:03:34.706602+00:00,OK,True
KRUSN,2026,45,232806,뉴금창골드,기타유조선,,,SYN232806_2026_045,SYN-232806_2026_045-1,,O,수출,정박지-M1,액체,석유증류물(기타),1268,001128,선종(기타유조선)·선석 미정·종수가정 1/2,벌크,펌프,TON,2277.4,2277.4,,,2505.1,2277.4,,,울산,,,2026-09-11 16:00:00+00:00,,UPA_SYNTHETIC,IntgCagInfo(SYNTHETIC v4),2026-09-26 06:03:34.709611+00:00,OK,True
KRUSN,2026,48,232806,뉴금창골드,기타유조선,,,SYN232806_2026_048,SYN-232806_2026_048-1,,I,수입,정박지-M1,액체,석유증류물(기타),1268,001128,선종(기타유조선)·선석 미정·종수가정 2/2,벌크,펌프,TON,1685.5,1685.5,,,1854.1,1685.5,,울산,,,,2026-09-26 19:00:00+00:00,,UPA_SYNTHETIC,IntgCagInfo(SYNTHETIC v4),2026-09-26 06:03:34.709611+00:00,OK,True
KRUSN,2026,48,232806,뉴금창골드,기타유조선,,,SYN232806_2026_048,SYN-232806_2026_048-2,,I,수입,정박지-M1,액체,인화성 액체(기타),1993,000751,선종(기타유조선)·선석 미정·종수가정 2/2,벌크,펌프,TON,3534.6,3534.6,,,3888.1,3534.6,,울산,,,,2026-09-26 19:00:00+00:00,,UPA_SYNTHETIC,IntgCagInfo(SYNTHETIC v4),2026-09-26 06:03:34.710606+00:00,OK,True
KRUSN,2026,50,236808,한동27호,석유제품운반선,,,SYN236808_2026_050,SYN-236808_2026_050-1,,I,수입,S-Oil 2부두,액체,디젤 연료/경유,1202,000973,선종(석유제품운반선)·선석분류(액체화학·유류/berth+UPA)·VTS 접안·종수가정 4/4,벌크,펌프,TON,4811.9,4811.9,,,5293.1,4811.9,,울산,,,,2026-09-12 21:00:00+00:00,,UPA_SYNTHETIC,IntgCagInfo(SYNTHETIC v4),2026-09-26 06:03:34.716615+00:00,OK,True
KRUSN,2026,50,236808,한동27호,석유제품운반선,,,SYN236808_2026_050,SYN-236808_2026_050-2,,I,수입,S-Oil 2부두,액체,석유증류물(기타),1268,001128,선종(석유제품운반선)·선석분류(액체화학·유류/berth+UPA)·VTS 접안·종수가정 4/4,벌크,펌프,TON,18323.8,18323.8,,,20156.2,18323.8,,울산,,,,2026-09-12 21:00:00+00:00,,UPA_SYNTHETIC,IntgCagInfo(SYNTHETIC v4),2026-09-26 06:03:34.716615+00:00,OK,True
KRUSN,2026,50,236808,한동27호,석유제품운반선,,,SYN236808_2026_050,SYN-236808_2026_050-3,,O,수출,S-Oil 2부두,액체,케로신,1223,000756,선종(석유제품운반선)·선석분류(액체화학·유류/berth+UPA)·VTS 접안·종수가정 4/4,벌크,펌프,TON,16675.4,16675.4,,,18342.9,16675.4,,,울산,,,2026-09-12 21:00:00+00:00,,UPA_SYNTHETIC,IntgCagInfo(SYNTHETIC v4),2026-09-26 06:03:34.716615+00:00,OK,True
KRUSN,2026,50,236808,한동27호,석유제품운반선,,,SYN236808_2026_050,SYN-236808_2026_050-4,,I,수입,S-Oil 2부두,액체,가솔린,1203,016420,선종(석유제품운반선)·선석분류(액체화학·유류/berth+UPA)·VTS 접안·종수가정 4/4,벌크,펌프,TON,15838.5,15838.5,,,17422.4,15838.5,,울산,,,,2026-09-12 21:00:00+00:00,,UPA_SYNTHETIC,IntgCagInfo(SYNTHETIC v4),2026-09-26 06:03:34.716615+00:00,OK,True
KRUSN,2026,51,236808,한동27호,석유제품운반선,,,SYN236808_2026_051,SYN-236808_2026_051-1,,O,수출,장생포호안,액체,가솔린,1203,016420,대표화물코드 27·선석 미정·종수가정 1/6,벌크,펌프,TON,18826.0,18826.0,,,20708.6,18826.0,,,울산,,,2026-09-19 23:00:00+00:00,,UPA_SYNTHETIC,IntgCagInfo(SYNTHETIC v4),2026-09-26 06:03:34.718277+00:00,OK,True
KRUSN,2026,52,236808,한동27호,석유제품운반선,,,SYN236808_2026_052,SYN-236808_2026_052-1,,O,수출,4부두,액체,톨루엔,1294,001032,대표화물코드 27·선석분류(액체화학/berth+UPA)·PORT-MIS 선석·종수가정 3/3,벌크,펌프,TON,21861.3,21861.3,,,24047.4,21861.3,,,울산,,,2026-09-26 18:00:00+00:00,,UPA_SYNTHETIC,IntgCagInfo(SYNTHETIC v4),2026-09-26 06:03:34.719276+00:00,OK,True
KRUSN,2026,52,236808,한동27호,석유제품운반선,,,SYN236808_2026_052,SYN-236808_2026_052-2,,O,수출,4부두,액체,벤젠,1114,001008,대표화물코드 27·선석분류(액체화학/berth+UPA)·PORT-MIS 선석·종수가정 3/3,벌크,펌프,TON,14359.6,14359.6,,,15795.6,14359.6,,,울산,,,2026-09-26 18:00:00+00:00,,UPA_SYNTHETIC,IntgCagInfo(SYNTHETIC v4),2026-09-26 06:03:34.719276+00:00,OK,True
KRUSN,2026,52,236808,한동27호,석유제품운반선,,,SYN236808_2026_052,SYN-236808_2026_052-3,,O,수출,4부두,액체,크실렌,1307,001077,대표화물코드 27·선석분류(액체화학/berth+UPA)·PORT-MIS 선석·종수가정 3/3,벌크,펌프,TON,27137.2,27137.2,,,29850.9,27137.2,,,울산,,,2026-09-26 18:00:00+00:00,,UPA_SYNTHETIC,IntgCagInfo(SYNTHETIC v4),2026-09-26 06:03:34.719276+00:00,OK,True
KRUSN,2026,81,240001,에이치와이 광양,석유제품운반선,,,SYN240001_2026_081,SYN-240001_2026_081-1,,I,수입,SK2부두,액체,디젤 연료/경유,1202,000973,선종(석유제품운반선)·선석분류(유류/berth+UPA)·VTS 접안·종수가정 2/4,벌크,펌프,TON,2629.9,2629.9,,,2892.9,2629.9,,울산,,,,2026-09-12 07:00:00+00:00,,UPA_SYNTHETIC,IntgCagInfo(SYNTHETIC v4),2026-09-26 06:03:34.722270+00:00,OK,True
KRUSN,2026,81,240001,에이치와이 광양,석유제품운반선,,,SYN240001_2026_081,SYN-240001_2026_081-2,,I,수입,SK2부두,액체,케로신,1223,000756,선종(석유제품운반선)·선석분류(유류/berth+UPA)·VTS 접안·종수가정 2/4,벌크,펌프,TON,27928.6,27928.6,,,30721.5,27928.6,,울산,,,,2026-09-12 07:00:00+00:00,,UPA_SYNTHETIC,IntgCagInfo(SYNTHETIC v4),2026-09-26 06:03:34.722270+00:00,OK,True
KRUSN,2026,83,240001,에이치와이 광양,석유제품운반선,,,SYN240001_2026_083,SYN-240001_2026_083-1,,O,수출,장생포호안,액체,디젤 연료/경유,1202,000973,선종(석유제품운반선)·선석 미정·종수가정 3/4,벌크,펌프,TON,9093.9,9093.9,,,10003.3,9093.9,,,울산,,,2026-09-23 23:00:00+00:00,,UPA_SYNTHETIC,IntgCagInfo(SYNTHETIC v4),2026-09-26 06:03:34.723267+00:00,OK,True
KRUSN,2026,83,240001,에이치와이 광양,석유제품운반선,,,SYN240001_2026_083,SYN-240001_2026_083-2,,I,수입,장생포호안,액체,석유증류물(기타),1268,001128,선종(석유제품운반선)·선석 미정·종수가정 3/4,벌크,펌프,TON,28918.9,28918.9,,,31810.8,28918.9,,울산,,,,2026-09-23 23:00:00+00:00,,UPA_SYNTHETIC,IntgCagInfo(SYNTHETIC v4),2026-09-26 06:03:34.723267+00:00,OK,True
KRUSN,2026,83,240001,에이치와이 광양,석유제품운반선,,,SYN240001_2026_083,SYN-240001_2026_083-3,,O,수출,장생포호안,액체,케로신,1223,000756,선종(석유제품운반선)·선석 미정·종수가정 3/4,벌크,펌프,TON,16603.3,16603.3,,,18263.6,16603.3,,,울산,,,2026-09-23 23:00:00+00:00,,UPA_SYNTHETIC,IntgCagInfo(SYNTHETIC v4),2026-09-26 06:03:34.723267+00:00,OK,True
KRUSN,2026,53,240018,에코 가스,LPG운반선,,,SYN240018_2026_053,SYN-240018_2026_053-1,,I,수입,가스부두,액체,프로페인,1978,015420,선종(LPG운반선)·선석분류(가스·유류/berth+UPA)·VTS 접안·종수가정 2/2,벌크,펌프,TON,7540.0,7540.0,,,8294.0,7540.0,,울산,,,,2026-09-11 22:00:00+00:00,,UPA_SYNTHETIC,IntgCagInfo(SYNTHETIC v4),2026-09-26 06:03:34.728277+00:00,OK,True
KRUSN,2026,53,240018,에코 가스,LPG운반선,,,SYN240018_2026_053,SYN-240018_2026_053-2,,O,수출,가스부두,액체,부탄,1011,000247,선종(LPG운반선)·선석분류(가스·유류/berth+UPA)·VTS 접안·종수가정 2/2,벌크,펌프,TON,15668.4,15668.4,,,17235.2,15668.4,,,울산,,,2026-09-11 22:00:00+00:00,,UPA_SYNTHETIC,IntgCagInfo(SYNTHETIC v4),2026-09-26 06:03:34.728277+00:00,OK,True
KRUSN,2026,55,240018,에코 가스,LPG운반선,,,SYN240018_2026_055,SYN-240018_2026_055-1,,O,수출,정박지-M1,액체,프로페인,1978,015420,선종(LPG운반선)·선석 미정·종수가정 2/2,벌크,펌프,TON,14502.3,14502.3,,,15952.5,14502.3,,,울산,,,2026-09-23 12:00:00+00:00,,UPA_SYNTHETIC,IntgCagInfo(SYNTHETIC v4),2026-09-26 06:03:34.730275+00:00,OK,True
KRUSN,2026,55,240018,에코 가스,LPG운반선,,,SYN240018_2026_055,SYN-240018_2026_055-2,,I,수입,정박지-M1,액체,부탄,1011,000247,선종(LPG운반선)·선석 미정·종수가정 2/2,벌크,펌프,TON,14028.1,14028.1,,,15430.9,14028.1,,울산,,,,2026-09-23 12:00:00+00:00,,UPA_SYNTHETIC,IntgCagInfo(SYNTHETIC v4),2026-09-26 06:03:34.730275+00:00,OK,True
KRUSN,2026,54,240019,천왕,석유제품운반선,,,SYN240019_2026_054,SYN-240019_2026_054-1,,I,수입,SK2부두,액체,디젤 연료/경유,1202,000973,선종(석유제품운반선)·선석분류(유류/berth+UPA)·PORT-MIS 선석·종수가정 2/4,벌크,펌프,TON,17706.4,17706.4,,,19477.0,17706.4,,울산,,,,2026-09-23 09:00:00+00:00,,UPA_SYNTHETIC,IntgCagInfo(SYNTHETIC v4),2026-09-26 06:03:34.732274+00:00,OK,True
KRUSN,2026,54,240019,천왕,석유제품운반선,,,SYN240019_2026_054,SYN-240019_2026_054-2,,O,수출,SK2부두,액체,석유증류물(기타),1268,001128,선종(석유제품운반선)·선석분류(유류/berth+UPA)·PORT-MIS 선석·종수가정 2/4,벌크,펌프,TON,17654.8,17654.8,,,19420.3,17654.8,,,울산,,,2026-09-23 09:00:00+00:00,,UPA_SYNTHETIC,IntgCagInfo(SYNTHETIC v4),2026-09-26 06:03:34.732274+00:00,OK,True
KRUSN,2026,30,240026,비케이 25,석유제품운반선,,,SYN240026_2026_030,SYN-240026_2026_030-1,,I,수입,신항컨부두,액체,디젤 연료/경유,1202,000973,선종(석유제품운반선)·선석조건 없음·VTS 접안·종수가정 3/4,벌크,펌프,TON,3932.7,3932.7,,,4326.0,3932.7,,울산,,,,2026-09-12 16:00:00+00:00,,UPA_SYNTHETIC,IntgCagInfo(SYNTHETIC v4),2026-09-26 06:03:34.736541+00:00,OK,True
KRUSN,2026,30,240026,비케이 25,석유제품운반선,,,SYN240026_2026_030,SYN-240026_2026_030-2,,O,수출,신항컨부두,액체,가솔린,1203,016420,선종(석유제품운반선)·선석조건 없음·VTS 접안·종수가정 3/4,벌크,펌프,TON,923.4,923.4,,,1015.7,923.4,,,울산,,,2026-09-12 16:00:00+00:00,,UPA_SYNTHETIC,IntgCagInfo(SYNTHETIC v4),2026-09-26 06:03:34.736541+00:00,OK,True
KRUSN,2026,30,240026,비케이 25,석유제품운반선,,,SYN240026_2026_030,SYN-240026_2026_030-3,,I,수입,신항컨부두,액체,석유증류물(기타),1268,001128,선종(석유제품운반선)·선석조건 없음·VTS 접안·종수가정 3/4,벌크,펌프,TON,1927.5,1927.5,,,2120.2,1927.5,,울산,,,,2026-09-12 16:00:00+00:00,,UPA_SYNTHETIC,IntgCagInfo(SYNTHETIC v4),2026-09-26 06:03:34.736541+00:00,OK,True
KRUSN,2026,33,240026,비케이 25,석유제품운반선,,,SYN240026_2026_033,SYN-240026_2026_033-1,,O,수출,장생포호안,액체,가솔린,1203,016420,선종(석유제품운반선)·선석 미정·종수가정 1/4,벌크,펌프,TON,13577.7,13577.7,,,14935.5,13577.7,,,울산,,,2026-09-20 16:00:00+00:00,,UPA_SYNTHETIC,IntgCagInfo(SYNTHETIC v4),2026-09-26 06:03:34.738222+00:00,OK,True
KRUSN,2026,34,240026,비케이 25,석유제품운반선,,,SYN240026_2026_034,SYN-240026_2026_034-1,,I,수입,온산3부두,액체,디젤 연료/경유,1202,000973,선종(석유제품운반선)·선석분류(유류/berth)·VTS 접안·종수가정 1/4,벌크,펌프,TON,7371.5,7371.5,,,8108.7,7371.5,,울산,,,,2026-09-20 16:00:00+00:00,,UPA_SYNTHETIC,IntgCagInfo(SYNTHETIC v4),2026-09-26 06:03:34.739746+00:00,OK,True
KRUSN,2026,27,240030,스프링 알파,케미칼운반선,,,SYN240030_2026_027,SYN-240030_2026_027-1,,O,수출,UTK 신항부두,액체,톨루엔,1294,001032,선종(케미칼운반선)·터미널 취급품목(UTK)·VTS 접안·종수가정 2/2,벌크,펌프,TON,2503.8,2503.8,,,2754.2,2503.8,,,울산,,,2026-09-12 22:00:00+00:00,,UPA_SYNTHETIC,IntgCagInfo(SYNTHETIC v4),2026-09-26 06:03:34.743751+00:00,OK,True
KRUSN,2026,27,240030,스프링 알파,케미칼운반선,,,SYN240030_2026_027,SYN-240030_2026_027-2,,I,수입,UTK 신항부두,액체,벤젠,1114,001008,선종(케미칼운반선)·터미널 취급품목(UTK)·VTS 접안·종수가정 2/2,벌크,펌프,TON,24459.1,24459.1,,,26905.0,24459.1,,울산,,,,2026-09-12 22:00:00+00:00,,UPA_SYNTHETIC,IntgCagInfo(SYNTHETIC v4),2026-09-26 06:03:34.743751+00:00,OK,True
KRUSN,2026,29,240030,스프링 알파,케미칼운반선,,,SYN240030_2026_029,SYN-240030_2026_029-1,,O,수출,정박지-E1,액체,케로신,1223,000756,대표화물코드 27·선석 미정·종수가정 3/8,벌크,펌프,TON,9443.2,9443.2,,,10387.5,9443.2,,,울산,,,2026-09-23 02:00:00+00:00,,UPA_SYNTHETIC,IntgCagInfo(SYNTHETIC v4),2026-09-26 06:03:34.746750+00:00,OK,True
KRUSN,2026,29,240030,스프링 알파,케미칼운반선,,,SYN240030_2026_029,SYN-240030_2026_029-2,,I,수입,정박지-E1,액체,디젤 연료/경유,1202,000973,대표화물코드 27·선석 미정·종수가정 3/8,벌크,펌프,TON,8635.6,8635.6,,,9499.2,8635.6,,울산,,,,2026-09-23 02:00:00+00:00,,UPA_SYNTHETIC,IntgCagInfo(SYNTHETIC v4),2026-09-26 06:03:34.746750+00:00,OK,True
KRUSN,2026,29,240030,스프링 알파,케미칼운반선,,,SYN240030_2026_029,SYN-240030_2026_029-3,,O,수출,정박지-E1,액체,원유,1267,000751,대표화물코드 27·선석 미정·종수가정 3/8,벌크,펌프,TON,561.3,561.3,,,617.4,561.3,,,울산,,,2026-09-23 02:00:00+00:00,,UPA_SYNTHETIC,IntgCagInfo(SYNTHETIC v4),2026-09-26 06:03:34.746750+00:00,OK,True
KRUSN,2026,30,240030,스프링 알파,케미칼운반선,,,SYN240030_2026_030,SYN-240030_2026_030-1,,I,수입,용잠2부두,액체,"1,2-에폭시프로판(산화프로필렌)",1280,001162,대표화물코드 29·터미널 취급품목(TAEYOUNG)·PORT-MIS 선석·종수가정 2/4,벌크,펌프,TON,20236.8,20236.8,,,22260.5,20236.8,,울산,,,,2026-09-25 23:00:00+00:00,,UPA_SYNTHETIC,IntgCagInfo(SYNTHETIC v4),2026-09-26 06:03:34.747763+00:00,OK,True
KRUSN,2026,30,240030,스프링 알파,케미칼운반선,,,SYN240030_2026_030,SYN-240030_2026_030-2,,O,수출,용잠2부두,액체,크실렌,1307,001077,대표화물코드 29·터미널 취급품목(TAEYOUNG)·PORT-MIS 선석·종수가정 2/4,벌크,펌프,TON,26377.7,26377.7,,,29015.5,26377.7,,,울산,,,2026-09-25 23:00:00+00:00,,UPA_SYNTHETIC,IntgCagInfo(SYNTHETIC v4),2026-09-26 06:03:34.747763+00:00,OK,True
KRUSN,2026,84,240037,청해3호,석유제품운반선,,,SYN240037_2026_084,SYN-240037_2026_084-1,,O,수출,장생포호안,액체,케로신,1223,000756,선종(석유제품운반선)·선석 미정·종수가정 2/4,벌크,펌프,TON,12802.9,12802.9,,,14083.2,12802.9,,,울산,,,2026-09-21 06:00:00+00:00,,UPA_SYNTHETIC,IntgCagInfo(SYNTHETIC v4),2026-09-26 06:03:34.752927+00:00,OK,True
KRUSN,2026,84,240037,청해3호,석유제품운반선,,,SYN240037_2026_084,SYN-240037_2026_084-2,,O,수출,장생포호안,액체,석유증류물(기타),1268,001128,선종(석유제품운반선)·선석 미정·종수가정 2/4,벌크,펌프,TON,28403.1,28403.1,,,31243.4,28403.1,,,울산,,,2026-09-21 06:00:00+00:00,,UPA_SYNTHETIC,IntgCagInfo(SYNTHETIC v4),2026-09-26 06:03:34.752927+00:00,OK,True
KRUSN,2026,72,240047,동남 에이스,석유제품운반선,,,SYN240047_2026_072,SYN-240047_2026_072-1,,I,수입,정박지-M1,액체,디젤 연료/경유,1202,000973,선종(석유제품운반선)·선석 미정·종수가정 3/4,벌크,펌프,TON,26409.7,26409.7,,,29050.7,26409.7,,울산,,,,2026-09-26 15:00:00+00:00,,UPA_SYNTHETIC,IntgCagInfo(SYNTHETIC v4),2026-09-26 06:03:34.756937+00:00,OK,True
KRUSN,2026,72,240047,동남 에이스,석유제품운반선,,,SYN240047_2026_072,SYN-240047_2026_072-2,,O,수출,정박지-M1,액체,케로신,1223,000756,선종(석유제품운반선)·선석 미정·종수가정 3/4,벌크,펌프,TON,19306.4,19306.4,,,21237.0,19306.4,,,울산,,,2026-09-26 15:00:00+00:00,,UPA_SYNTHETIC,IntgCagInfo(SYNTHETIC v4),2026-09-26 06:03:34.756937+00:00,OK,True
KRUSN,2026,72,240047,동남 에이스,석유제품운반선,,,SYN240047_2026_072,SYN-240047_2026_072-3,,I,수입,정박지-M1,액체,가솔린,1203,016420,선종(석유제품운반선)·선석 미정·종수가정 3/4,벌크,펌프,TON,22424.7,22424.7,,,24667.2,22424.7,,울산,,,,2026-09-26 15:00:00+00:00,,UPA_SYNTHETIC,IntgCagInfo(SYNTHETIC v4),2026-09-26 06:03:34.756937+00:00,OK,True
KRUSN,2026,89,244807,블루오션,석유제품운반선,,,SYN244807_2026_089,SYN-244807_2026_089-1,,O,수출,장생포호안,액체,석유증류물(기타),1268,001128,선종(석유제품운반선)·선석 미정·종수가정 4/4,벌크,펌프,TON,18655.6,18655.6,,,20521.2,18655.6,,,울산,,,2026-09-13 15:00:00+00:00,,UPA_SYNTHETIC,IntgCagInfo(SYNTHETIC v4),2026-09-26 06:03:34.760934+00:00,OK,True
KRUSN,2026,89,244807,블루오션,석유제품운반선,,,SYN244807_2026_089,SYN-244807_2026_089-2,,I,수입,장생포호안,액체,가솔린,1203,016420,선종(석유제품운반선)·선석 미정·종수가정 4/4,벌크,펌프,TON,15889.3,15889.3,,,17478.2,15889.3,,울산,,,,2026-09-13 15:00:00+00:00,,UPA_SYNTHETIC,IntgCagInfo(SYNTHETIC v4),2026-09-26 06:03:34.760934+00:00,OK,True
KRUSN,2026,89,244807,블루오션,석유제품운반선,,,SYN244807_2026_089,SYN-244807_2026_089-3,,I,수입,장생포호안,액체,디젤 연료/경유,1202,000973,선종(석유제품운반선)·선석 미정·종수가정 4/4,벌크,펌프,TON,10913.5,10913.5,,,12004.9,10913.5,,울산,,,,2026-09-13 15:00:00+00:00,,UPA_SYNTHETIC,IntgCagInfo(SYNTHETIC v4),2026-09-26 06:03:34.760934+00:00,OK,True
KRUSN,2026,89,244807,블루오션,석유제품운반선,,,SYN244807_2026_089,SYN-244807_2026_089-4,,I,수입,장생포호안,액체,케로신,1223,000756,선종(석유제품운반선)·선석 미정·종수가정 4/4,벌크,펌프,TON,26425.5,26425.5,,,29068.1,26425.5,,울산,,,,2026-09-13 15:00:00+00:00,,UPA_SYNTHETIC,IntgCagInfo(SYNTHETIC v4),2026-09-26 06:03:34.760934+00:00,OK,True
KRUSN,2026,92,244807,블루오션,석유제품운반선,,,SYN244807_2026_092,SYN-244807_2026_092-1,,O,수출,장생포호안,액체,케로신,1223,000756,선종(석유제품운반선)·선석 미정·종수가정 2/4,벌크,펌프,TON,26969.4,26969.4,,,29666.3,26969.4,,,울산,,,2026-09-22 15:00:00+00:00,,UPA_SYNTHETIC,IntgCagInfo(SYNTHETIC v4),2026-09-26 06:03:34.760934+00:00,OK,True
KRUSN,2026,92,244807,블루오션,석유제품운반선,,,SYN244807_2026_092,SYN-244807_2026_092-2,,I,수입,장생포호안,액체,디젤 연료/경유,1202,000973,선종(석유제품운반선)·선석 미정·종수가정 2/4,벌크,펌프,TON,4918.3,4918.3,,,5410.1,4918.3,,울산,,,,2026-09-22 15:00:00+00:00,,UPA_SYNTHETIC,IntgCagInfo(SYNTHETIC v4),2026-09-26 06:03:34.761935+00:00,OK,True
KRUSN,2026,93,244807,블루오션,석유제품운반선,,,SYN244807_2026_093,SYN-244807_2026_093-1,,O,수출,장생포호안,액체,케로신,1223,000756,선종(석유제품운반선)·선석 미정·종수가정 2/4,벌크,펌프,TON,13694.6,13694.6,,,15064.1,13694.6,,,울산,,,2026-09-27 15:00:00+00:00,,UPA_SYNTHETIC,IntgCagInfo(SYNTHETIC v4),2026-09-26 06:03:34.761935+00:00,OK,True
KRUSN,2026,93,244807,블루오션,석유제품운반선,,,SYN244807_2026_093,SYN-244807_2026_093-2,,O,수출,장생포호안,액체,디젤 연료/경유,1202,000973,선종(석유제품운반선)·선석 미정·종수가정 2/4,벌크,펌프,TON,29391.1,29391.1,,,32330.2,29391.1,,,울산,,,2026-09-27 15:00:00+00:00,,UPA_SYNTHETIC,IntgCagInfo(SYNTHETIC v4),2026-09-26 06:03:34.761935+00:00,OK,True
KRUSN,2026,10,250025,선 프린세스,케미칼운반선,,,SYN250025_2026_010,SYN-250025_2026_010-1,,I,수입,정박지-E1,액체,케로신,1223,000756,대표화물코드 27·선석 미정·종수가정 8/8,벌크,펌프,TON,24596.9,24596.9,,,27056.6,24596.9,,울산,,,,2026-09-26 21:00:00+00:00,,UPA_SYNTHETIC,IntgCagInfo(SYNTHETIC v4),2026-09-26 06:03:34.765934+00:00,OK,True
KRUSN,2026,10,250025,선 프린세스,케미칼운반선,,,SYN250025_2026_010,SYN-250025_2026_010-2,,I,수입,정박지-E1,액체,벤젠,1114,001008,대표화물코드 27·선석 미정·종수가정 8/8,벌크,펌프,TON,20276.4,20276.4,,,22304.0,20276.4,,울산,,,,2026-09-26 21:00:00+00:00,,UPA_SYNTHETIC,IntgCagInfo(SYNTHETIC v4),2026-09-26 06:03:34.766933+00:00,OK,True
KRUSN,2026,10,250025,선 프린세스,케미칼운반선,,,SYN250025_2026_010,SYN-250025_2026_010-3,,I,수입,정박지-E1,액체,크실렌,1307,001077,대표화물코드 27·선석 미정·종수가정 8/8,벌크,펌프,TON,16308.0,16308.0,,,17938.8,16308.0,,울산,,,,2026-09-26 21:00:00+00:00,,UPA_SYNTHETIC,IntgCagInfo(SYNTHETIC v4),2026-09-26 06:03:34.766933+00:00,OK,True
KRUSN,2026,10,250025,선 프린세스,케미칼운반선,,,SYN250025_2026_010,SYN-250025_2026_010-4,,I,수입,정박지-E1,액체,원유,1267,000751,대표화물코드 27·선석 미정·종수가정 8/8,벌크,펌프,TON,18073.4,18073.4,,,19880.7,18073.4,,울산,,,,2026-09-26 21:00:00+00:00,,UPA_SYNTHETIC,IntgCagInfo(SYNTHETIC v4),2026-09-26 06:03:34.767006+00:00,OK,True
KRUSN,2026,10,250025,선 프린세스,케미칼운반선,,,SYN250025_2026_010,SYN-250025_2026_010-5,,I,수입,정박지-E1,액체,가솔린,1203,016420,대표화물코드 27·선석 미정·종수가정 8/8,벌크,펌프,TON,6416.8,6416.8,,,7058.5,6416.8,,울산,,,,2026-09-26 21:00:00+00:00,,UPA_SYNTHETIC,IntgCagInfo(SYNTHETIC v4),2026-09-26 06:03:34.767006+00:00,OK,True
KRUSN,2026,10,250025,선 프린세스,케미칼운반선,,,SYN250025_2026_010,SYN-250025_2026_010-6,,I,수입,정박지-E1,액체,디젤 연료/경유,1202,000973,대표화물코드 27·선석 미정·종수가정 8/8,벌크,펌프,TON,4180.4,4180.4,,,4598.4,4180.4,,울산,,,,2026-09-26 21:00:00+00:00,,UPA_SYNTHETIC,IntgCagInfo(SYNTHETIC v4),2026-09-26 06:03:34.767006+00:00,OK,True
KRUSN,2026,10,250025,선 프린세스,케미칼운반선,,,SYN250025_2026_010,SYN-250025_2026_010-7,,I,수입,정박지-E1,액체,톨루엔,1294,001032,대표화물코드 27·선석 미정·종수가정 8/8,벌크,펌프,TON,10784.0,10784.0,,,11862.4,10784.0,,울산,,,,2026-09-26 21:00:00+00:00,,UPA_SYNTHETIC,IntgCagInfo(SYNTHETIC v4),2026-09-26 06:03:34.767006+00:00,OK,True
KRUSN,2026,10,250025,선 프린세스,케미칼운반선,,,SYN250025_2026_010,SYN-250025_2026_010-8,,O,수출,정박지-E1,액체,석유증류물(기타),1268,001128,대표화물코드 27·선석 미정·종수가정 8/8,벌크,펌프,TON,5127.4,5127.4,,,5640.1,5127.4,,,울산,,,2026-09-26 21:00:00+00:00,,UPA_SYNTHETIC,IntgCagInfo(SYNTHETIC v4),2026-09-26 06:03:34.767006+00:00,OK,True
KRUSN,2026,29,250026,티앤 레토,케미칼운반선,,,SYN250026_2026_029,SYN-250026_2026_029-1,,I,수입,OTK1부두,액체,톨루엔,1294,001032,대표화물코드 29·터미널 취급품목(ODFJELL)·PORT-MIS 선석·종수가정 2/2,벌크,펌프,TON,19959.8,19959.8,,,21955.8,19959.8,,울산,,,,2026-09-19 16:00:00+00:00,,UPA_SYNTHETIC,IntgCagInfo(SYNTHETIC v4),2026-09-26 06:03:34.769215+00:00,OK,True
KRUSN,2026,29,250026,티앤 레토,케미칼운반선,,,SYN250026_2026_029,SYN-250026_2026_029-2,,O,수출,OTK1부두,액체,벤젠,1114,001008,대표화물코드 29·터미널 취급품목(ODFJELL)·PORT-MIS 선석·종수가정 2/2,벌크,펌프,TON,21444.9,21444.9,,,23589.4,21444.9,,,울산,,,2026-09-19 16:00:00+00:00,,UPA_SYNTHETIC,IntgCagInfo(SYNTHETIC v4),2026-09-26 06:03:34.769215+00:00,OK,True
KRUSN,2026,30,250026,티앤 레토,케미칼운반선,,,SYN250026_2026_030,SYN-250026_2026_030-1,,O,수출,정박지-E1,액체,벤젠,1114,001008,대표화물코드 27·선석 미정·종수가정 7/8,벌크,펌프,TON,842.9,842.9,,,927.2,842.9,,,울산,,,2026-09-25 09:00:00+00:00,,UPA_SYNTHETIC,IntgCagInfo(SYNTHETIC v4),2026-09-26 06:03:34.770739+00:00,OK,True
KRUSN,2026,30,250026,티앤 레토,케미칼운반선,,,SYN250026_2026_030,SYN-250026_2026_030-2,,I,수입,정박지-E1,액체,가솔린,1203,016420,대표화물코드 27·선석 미정·종수가정 7/8,벌크,펌프,TON,7508.6,7508.6,,,8259.5,7508.6,,울산,,,,2026-09-25 09:00:00+00:00,,UPA_SYNTHETIC,IntgCagInfo(SYNTHETIC v4),2026-09-26 06:03:34.770739+00:00,OK,True
KRUSN,2026,30,250026,티앤 레토,케미칼운반선,,,SYN250026_2026_030,SYN-250026_2026_030-3,,O,수출,정박지-E1,액체,톨루엔,1294,001032,대표화물코드 27·선석 미정·종수가정 7/8,벌크,펌프,TON,14467.5,14467.5,,,15914.3,14467.5,,,울산,,,2026-09-25 09:00:00+00:00,,UPA_SYNTHETIC,IntgCagInfo(SYNTHETIC v4),2026-09-26 06:03:34.770739+00:00,OK,True
KRUSN,2026,30,250026,티앤 레토,케미칼운반선,,,SYN250026_2026_030,SYN-250026_2026_030-4,,O,수출,정박지-E1,액체,디젤 연료/경유,1202,000973,대표화물코드 27·선석 미정·종수가정 7/8,벌크,펌프,TON,15288.4,15288.4,,,16817.2,15288.4,,,울산,,,2026-09-25 09:00:00+00:00,,UPA_SYNTHETIC,IntgCagInfo(SYNTHETIC v4),2026-09-26 06:03:34.770739+00:00,OK,True
KRUSN,2026,30,250026,티앤 레토,케미칼운반선,,,SYN250026_2026_030,SYN-250026_2026_030-5,,O,수출,정박지-E1,액체,크실렌,1307,001077,대표화물코드 27·선석 미정·종수가정 7/8,벌크,펌프,TON,24774.3,24774.3,,,27251.7,24774.3,,,울산,,,2026-09-25 09:00:00+00:00,,UPA_SYNTHETIC,IntgCagInfo(SYNTHETIC v4),2026-09-26 06:03:34.770739+00:00,OK,True
KRUSN,2026,30,250026,티앤 레토,케미칼운반선,,,SYN250026_2026_030,SYN-250026_2026_030-6,,I,수입,정박지-E1,액체,케로신,1223,000756,대표화물코드 27·선석 미정·종수가정 7/8,벌크,펌프,TON,23697.2,23697.2,,,26066.9,23697.2,,울산,,,,2026-09-25 09:00:00+00:00,,UPA_SYNTHETIC,IntgCagInfo(SYNTHETIC v4),2026-09-26 06:03:34.770739+00:00,OK,True
KRUSN,2026,30,250026,티앤 레토,케미칼운반선,,,SYN250026_2026_030,SYN-250026_2026_030-7,,I,수입,정박지-E1,액체,원유,1267,000751,대표화물코드 27·선석 미정·종수가정 7/8,벌크,펌프,TON,19292.4,19292.4,,,21221.6,19292.4,,울산,,,,2026-09-25 09:00:00+00:00,,UPA_SYNTHETIC,IntgCagInfo(SYNTHETIC v4),2026-09-26 06:03:34.770739+00:00,OK,True
KRUSN,2026,30,260002,타히티,석유제품운반선,,,SYN260002_2026_030,SYN-260002_2026_030-1,,O,수출,현대오일터미널 신항2부두,액체,케로신,1223,000756,선종(석유제품운반선)·터미널 취급품목(HYUNDAI_OIL)·PORT-MIS 선석·종수가정 1/3,벌크,펌프,TON,20861.8,20861.8,,,22948.0,20861.8,,,울산,,,2026-09-20 04:00:00+00:00,,UPA_SYNTHETIC,IntgCagInfo(SYNTHETIC v4),2026-09-26 06:03:34.772738+00:00,OK,True
KRUSN,2026,31,260002,타히티,석유제품운반선,,,SYN260002_2026_031,SYN-260002_2026_031-1,,O,수출,신항컨부두,액체,석유증류물(기타),1268,001128,선종(석유제품운반선)·선석조건 없음·PORT-MIS 선석·종수가정 4/4,벌크,펌프,TON,14924.9,14924.9,,,16417.4,14924.9,,,울산,,,2026-09-21 23:05:00+00:00,,UPA_SYNTHETIC,IntgCagInfo(SYNTHETIC v4),2026-09-26 06:03:34.773740+00:00,OK,True
KRUSN,2026,31,260002,타히티,석유제품운반선,,,SYN260002_2026_031,SYN-260002_2026_031-2,,O,수출,신항컨부두,액체,디젤 연료/경유,1202,000973,선종(석유제품운반선)·선석조건 없음·PORT-MIS 선석·종수가정 4/4,벌크,펌프,TON,26888.4,26888.4,,,29577.2,26888.4,,,울산,,,2026-09-21 23:05:00+00:00,,UPA_SYNTHETIC,IntgCagInfo(SYNTHETIC v4),2026-09-26 06:03:34.773740+00:00,OK,True
KRUSN,2026,31,260002,타히티,석유제품운반선,,,SYN260002_2026_031,SYN-260002_2026_031-3,,O,수출,신항컨부두,액체,가솔린,1203,016420,선종(석유제품운반선)·선석조건 없음·PORT-MIS 선석·종수가정 4/4,벌크,펌프,TON,12225.6,12225.6,,,13448.2,12225.6,,,울산,,,2026-09-21 23:05:00+00:00,,UPA_SYNTHETIC,IntgCagInfo(SYNTHETIC v4),2026-09-26 06:03:34.773740+00:00,OK,True
KRUSN,2026,31,260002,타히티,석유제품운반선,,,SYN260002_2026_031,SYN-260002_2026_031-4,,I,수입,신항컨부두,액체,케로신,1223,000756,선종(석유제품운반선)·선석조건 없음·PORT-MIS 선석·종수가정 4/4,벌크,펌프,TON,6680.9,6680.9,,,7349.0,6680.9,,울산,,,,2026-09-21 23:05:00+00:00,,UPA_SYNTHETIC,IntgCagInfo(SYNTHETIC v4),2026-09-26 06:03:34.773740+00:00,OK,True
KRUSN,2026,21,300KTSRED,케이티에스 레드,석유제품운반선,,,SYN300KTSRED_2026_021,SYN-300KTSRED_2026_021-1,,O,수출,정박지-E1,액체,가솔린,1203,016420,선종(석유제품운반선)·선석 미정·종수가정 4/4,벌크,펌프,TON,11954.6,11954.6,,,13150.1,11954.6,,,울산,,,2026-09-13 13:30:00+00:00,,UPA_SYNTHETIC,IntgCagInfo(SYNTHETIC v4),2026-09-26 06:03:34.775264+00:00,OK,True
KRUSN,2026,21,300KTSRED,케이티에스 레드,석유제품운반선,,,SYN300KTSRED_2026_021,SYN-300KTSRED_2026_021-2,,I,수입,정박지-E1,액체,케로신,1223,000756,선종(석유제품운반선)·선석 미정·종수가정 4/4,벌크,펌프,TON,8552.8,8552.8,,,9408.1,8552.8,,울산,,,,2026-09-13 13:30:00+00:00,,UPA_SYNTHETIC,IntgCagInfo(SYNTHETIC v4),2026-09-26 06:03:34.775264+00:00,OK,True
KRUSN,2026,21,300KTSRED,케이티에스 레드,석유제품운반선,,,SYN300KTSRED_2026_021,SYN-300KTSRED_2026_021-3,,I,수입,정박지-E1,액체,디젤 연료/경유,1202,000973,선종(석유제품운반선)·선석 미정·종수가정 4/4,벌크,펌프,TON,531.1,531.1,,,584.2,531.1,,울산,,,,2026-09-13 13:30:00+00:00,,UPA_SYNTHETIC,IntgCagInfo(SYNTHETIC v4),2026-09-26 06:03:34.775264+00:00,OK,True
KRUSN,2026,21,300KTSRED,케이티에스 레드,석유제품운반선,,,SYN300KTSRED_2026_021,SYN-300KTSRED_2026_021-4,,O,수출,정박지-E1,액체,석유증류물(기타),1268,001128,선종(석유제품운반선)·선석 미정·종수가정 4/4,벌크,펌프,TON,2525.7,2525.7,,,2778.3,2525.7,,,울산,,,2026-09-13 13:30:00+00:00,,UPA_SYNTHETIC,IntgCagInfo(SYNTHETIC v4),2026-09-26 06:03:34.775264+00:00,OK,True
KRUSN,2026,9,3E3399,골든 그레이스 하나,케미칼운반선,,,SYN3E3399_2026_009,SYN-3E3399_2026_009-1,,I,수입,신항남방파제 T/S부두,액체,톨루엔,1294,001032,대표화물코드 29·선석분류(액체화학·유류/berth+UPA)·PORT-MIS 선석·종수가정 8/8,벌크,펌프,TON,28513.9,28513.9,,,31365.3,28513.9,,울산,,,,2026-09-27 10:00:00+00:00,,UPA_SYNTHETIC,IntgCagInfo(SYNTHETIC v4),2026-09-26 06:03:34.780396+00:00,OK,True
KRUSN,2026,9,3E3399,골든 그레이스 하나,케미칼운반선,,,SYN3E3399_2026_009,SYN-3E3399_2026_009-2,,O,수출,신항남방파제 T/S부두,액체,벤젠,1114,001008,대표화물코드 29·선석분류(액체화학·유류/berth+UPA)·PORT-MIS 선석·종수가정 8/8,벌크,펌프,TON,2448.6,2448.6,,,2693.5,2448.6,,,울산,,,2026-09-27 10:00:00+00:00,,UPA_SYNTHETIC,IntgCagInfo(SYNTHETIC v4),2026-09-26 06:03:34.780396+00:00,OK,True
KRUSN,2026,9,3E3399,골든 그레이스 하나,케미칼운반선,,,SYN3E3399_2026_009,SYN-3E3399_2026_009-3,,I,수입,신항남방파제 T/S부두,액체,메탄올,1230,001151,대표화물코드 29·선석분류(액체화학·유류/berth+UPA)·PORT-MIS 선석·종수가정 8/8,벌크,펌프,TON,21255.4,21255.4,,,23380.9,21255.4,,울산,,,,2026-09-27 10:00:00+00:00,,UPA_SYNTHETIC,IntgCagInfo(SYNTHETIC v4),2026-09-26 06:03:34.780396+00:00,OK,True
KRUSN,2026,9,3E3399,골든 그레이스 하나,케미칼운반선,,,SYN3E3399_2026_009,SYN-3E3399_2026_009-4,,O,수출,신항남방파제 T/S부두,액체,"1,2-에폭시프로판(산화프로필렌)",1280,001162,대표화물코드 29·선석분류(액체화학·유류/berth+UPA)·PORT-MIS 선석·종수가정 8/8,벌크,펌프,TON,9438.0,9438.0,,,10381.8,9438.0,,,울산,,,2026-09-27 10:00:00+00:00,,UPA_SYNTHETIC,IntgCagInfo(SYNTHETIC v4),2026-09-26 06:03:34.780396+00:00,OK,True
KRUSN,2026,9,3E3399,골든 그레이스 하나,케미칼운반선,,,SYN3E3399_2026_009,SYN-3E3399_2026_009-5,,O,수출,신항남방파제 T/S부두,액체,스티렌 모노머(안정화),2055,001027,대표화물코드 29·선석분류(액체화학·유류/berth+UPA)·PORT-MIS 선석·종수가정 8/8,벌크,펌프,TON,23404.9,23404.9,,,25745.4,23404.9,,,울산,,,2026-09-27 10:00:00+00:00,,UPA_SYNTHETIC,IntgCagInfo(SYNTHETIC v4),2026-09-26 06:03:34.780396+00:00,OK,True
KRUSN,2026,9,3E3399,골든 그레이스 하나,케미칼운반선,,,SYN3E3399_2026_009,SYN-3E3399_2026_009-6,,O,수출,신항남방파제 T/S부두,액체,아크릴로니트릴(안정화),1093,001143,대표화물코드 29·선석분류(액체화학·유류/berth+UPA)·PORT-MIS 선석·종수가정 8/8,벌크,펌프,TON,22728.3,22728.3,,,25001.1,22728.3,,,울산,,,2026-09-27 10:00:00+00:00,,UPA_SYNTHETIC,IntgCagInfo(SYNTHETIC v4),2026-09-26 06:03:34.780396+00:00,OK,True
KRUSN,2026,9,3E3399,골든 그레이스 하나,케미칼운반선,,,SYN3E3399_2026_009,SYN-3E3399_2026_009-7,,O,수출,신항남방파제 T/S부두,액체,크실렌,1307,001077,대표화물코드 29·선석분류(액체화학·유류/berth+UPA)·PORT-MIS 선석·종수가정 8/8,벌크,펌프,TON,21458.3,21458.3,,,23604.1,21458.3,,,울산,,,2026-09-27 10:00:00+00:00,,UPA_SYNTHETIC,IntgCagInfo(SYNTHETIC v4),2026-09-26 06:03:34.780396+00:00,OK,True
KRUSN,2026,9,3E3399,골든 그레이스 하나,케미칼운반선,,,SYN3E3399_2026_009,SYN-3E3399_2026_009-8,,I,수입,신항남방파제 T/S부두,액체,테트라하이드로푸란,2056,001041,대표화물코드 29·선석분류(액체화학·유류/berth+UPA)·PORT-MIS 선석·종수가정 8/8,벌크,펌프,TON,21073.5,21073.5,,,23180.9,21073.5,,울산,,,,2026-09-27 10:00:00+00:00,,UPA_SYNTHETIC,IntgCagInfo(SYNTHETIC v4),2026-09-26 06:03:34.780912+00:00,OK,True
KRUSN,2026,1,3E3699,ENEOS WISDOM,LPG운반선,,,SYN3E3699_2026_001,SYN-3E3699_2026_001-1,,I,수입,SK6부두,액체,메탄(냉동액화)/LNG,1972,,대표화물코드 27·선석분류(가스·유류/berth+UPA)·PORT-MIS 선석·종수가정 2/2,벌크,펌프,TON,28808.5,28808.5,,,31689.4,28808.5,,울산,,,,2026-09-20 05:00:00+00:00,,UPA_SYNTHETIC,IntgCagInfo(SYNTHETIC v4),2026-09-26 06:03:34.783269+00:00,OK,True
KRUSN,2026,1,3E3699,ENEOS WISDOM,LPG운반선,,,SYN3E3699_2026_001,SYN-3E3699_2026_001-2,,O,수출,SK6부두,액체,프로필렌,1077,002524,대표화물코드 27·선석분류(가스·유류/berth+UPA)·PORT-MIS 선석·종수가정 2/2,벌크,펌프,TON,1379.0,1379.0,,,1516.9,1379.0,,,울산,,,2026-09-20 05:00:00+00:00,,UPA_SYNTHETIC,IntgCagInfo(SYNTHETIC v4),2026-09-26 06:03:34.783269+00:00,OK,True
KRUSN,2026,3,3E3767,GOLDEN AXIS,케미칼운반선,,,SYN3E3767_2026_003,SYN-3E3767_2026_003-1,,O,수출,정박지-E1,액체,테트라하이드로푸란,2056,001041,선종(케미칼운반선)·선석 미정·종수가정 3/8,벌크,펌프,TON,6233.9,6233.9,,,6857.3,6233.9,,,울산,,,2026-09-21 04:00:00+00:00,,UPA_SYNTHETIC,IntgCagInfo(SYNTHETIC v4),2026-09-26 06:03:34.785801+00:00,OK,True
KRUSN,2026,3,3E3767,GOLDEN AXIS,케미칼운반선,,,SYN3E3767_2026_003,SYN-3E3767_2026_003-2,,O,수출,정박지-E1,액체,메탄올,1230,001151,선종(케미칼운반선)·선석 미정·종수가정 3/8,벌크,펌프,TON,12700.6,12700.6,,,13970.7,12700.6,,,울산,,,2026-09-21 04:00:00+00:00,,UPA_SYNTHETIC,IntgCagInfo(SYNTHETIC v4),2026-09-26 06:03:34.785801+00:00,OK,True
KRUSN,2026,3,3E3767,GOLDEN AXIS,케미칼운반선,,,SYN3E3767_2026_003,SYN-3E3767_2026_003-3,,O,수출,정박지-E1,액체,크실렌,1307,001077,선종(케미칼운반선)·선석 미정·종수가정 3/8,벌크,펌프,TON,19821.2,19821.2,,,21803.3,19821.2,,,울산,,,2026-09-21 04:00:00+00:00,,UPA_SYNTHETIC,IntgCagInfo(SYNTHETIC v4),2026-09-26 06:03:34.785801+00:00,OK,True
KRUSN,2026,1,3E3945,PRISM COURAGE,LNG운반선,,,SYN3E3945_2026_001,SYN-3E3945_2026_001-1,,I,수입,북신항 에너지부두02,액체,물질 미특정,,,대표화물코드 29·선석 미정·물질 미특정,벌크,펌프,TON,6009.1,6009.1,,,6610.0,6009.1,,울산,,,,2026-09-20 22:00:00+00:00,,UPA_SYNTHETIC,IntgCagInfo(SYNTHETIC v4),2026-09-26 06:03:34.787802+00:00,UNSPECIFIED_SUBSTANCE,True
KRUSN,2026,16,3E3975,CS BREEZE,석유제품운반선,,,SYN3E3975_2026_016,SYN-3E3975_2026_016-1,,I,수입,정박지-E1,액체,석유증류물(기타),1268,001128,선종(석유제품운반선)·선석 미정·종수가정 4/4,벌크,펌프,TON,16857.3,16857.3,,,18543.0,16857.3,,울산,,,,2026-09-28 19:00:00+00:00,,UPA_SYNTHETIC,IntgCagInfo(SYNTHETIC v4),2026-09-26 06:03:34.790803+00:00,OK,True
KRUSN,2026,16,3E3975,CS BREEZE,석유제품운반선,,,SYN3E3975_2026_016,SYN-3E3975_2026_016-2,,O,수출,정박지-E1,액체,디젤 연료/경유,1202,000973,선종(석유제품운반선)·선석 미정·종수가정 4/4,벌크,펌프,TON,16696.7,16696.7,,,18366.4,16696.7,,,울산,,,2026-09-28 19:00:00+00:00,,UPA_SYNTHETIC,IntgCagInfo(SYNTHETIC v4),2026-09-26 06:03:34.790803+00:00,OK,True
KRUSN,2026,16,3E3975,CS BREEZE,석유제품운반선,,,SYN3E3975_2026_016,SYN-3E3975_2026_016-3,,O,수출,정박지-E1,액체,케로신,1223,000756,선종(석유제품운반선)·선석 미정·종수가정 4/4,벌크,펌프,TON,17848.2,17848.2,,,19633.0,17848.2,,,울산,,,2026-09-28 19:00:00+00:00,,UPA_SYNTHETIC,IntgCagInfo(SYNTHETIC v4),2026-09-26 06:03:34.790803+00:00,OK,True
KRUSN,2026,16,3E3975,CS BREEZE,석유제품운반선,,,SYN3E3975_2026_016,SYN-3E3975_2026_016-4,,O,수출,정박지-E1,액체,가솔린,1203,016420,선종(석유제품운반선)·선석 미정·종수가정 4/4,벌크,펌프,TON,824.3,824.3,,,906.7,824.3,,,울산,,,2026-09-28 19:00:00+00:00,,UPA_SYNTHETIC,IntgCagInfo(SYNTHETIC v4),2026-09-26 06:03:34.790803+00:00,OK,True
KRUSN,2026,2,3E4071,ANDEAN SUN,석유제품운반선,,,SYN3E4071_2026_002,SYN-3E4071_2026_002-1,,I,수입,정일스톨트헤븐 울산신항5부두,액체,가솔린,1203,016420,대표화물코드 27·터미널 취급품목(JEONGIL_STOLTHAVEN)·VTS 접안·종수가정 2/3,벌크,펌프,TON,18013.1,18013.1,,,19814.4,18013.1,,울산,,,,2026-09-20 20:00:00+00:00,,UPA_SYNTHETIC,IntgCagInfo(SYNTHETIC v4),2026-09-26 06:03:34.796481+00:00,OK,True
KRUSN,2026,2,3E4071,ANDEAN SUN,석유제품운반선,,,SYN3E4071_2026_002,SYN-3E4071_2026_002-2,,I,수입,정일스톨트헤븐 울산신항5부두,액체,디젤 연료/경유,1202,000973,대표화물코드 27·터미널 취급품목(JEONGIL_STOLTHAVEN)·VTS 접안·종수가정 2/3,벌크,펌프,TON,28901.9,28901.9,,,31792.1,28901.9,,울산,,,,2026-09-20 20:00:00+00:00,,UPA_SYNTHETIC,IntgCagInfo(SYNTHETIC v4),2026-09-26 06:03:34.796481+00:00,OK,True
KRUSN,2026,23,3E6941,MIR HANA,케미칼운반선,,,SYN3E6941_2026_023,SYN-3E6941_2026_023-1,,O,수출,정박지-M3,액체,벤젠,1114,001008,선종(케미칼운반선)·선석 미정·종수가정 2/8,벌크,펌프,TON,7895.8,7895.8,,,8685.4,7895.8,,,울산,,,2026-09-13 19:00:00+00:00,,UPA_SYNTHETIC,IntgCagInfo(SYNTHETIC v4),2026-09-26 06:03:34.799699+00:00,OK,True
KRUSN,2026,23,3E6941,MIR HANA,케미칼운반선,,,SYN3E6941_2026_023,SYN-3E6941_2026_023-2,,I,수입,정박지-M3,액체,스티렌 모노머(안정화),2055,001027,선종(케미칼운반선)·선석 미정·종수가정 2/8,벌크,펌프,TON,14944.6,14944.6,,,16439.1,14944.6,,울산,,,,2026-09-13 19:00:00+00:00,,UPA_SYNTHETIC,IntgCagInfo(SYNTHETIC v4),2026-09-26 06:03:34.799699+00:00,OK,True
KRUSN,2026,1,3E7177,IRIS CORAL,LPG운반선,,,SYN3E7177_2026_001,SYN-3E7177_2026_001-1,,O,수출,정박지-E1,액체,프로페인,1978,015420,선종(LPG운반선)·선석 미정·종수가정 1/2,벌크,펌프,TON,20795.7,20795.7,,,22875.3,20795.7,,,울산,,,2026-09-23 00:00:00+00:00,,UPA_SYNTHETIC,IntgCagInfo(SYNTHETIC v4),2026-09-26 06:03:34.802695+00:00,OK,True
KRUSN,2026,17,3E7244,씨에스 크레인 2,석유제품운반선,,,SYN3E7244_2026_017,SYN-3E7244_2026_017-1,,O,수출,정박지-E1,액체,가솔린,1203,016420,선종(석유제품운반선)·선석 미정·종수가정 3/4,벌크,펌프,TON,27373.8,27373.8,,,30111.2,27373.8,,,울산,,,2026-09-25 04:00:00+00:00,,UPA_SYNTHETIC,IntgCagInfo(SYNTHETIC v4),2026-09-26 06:03:34.805697+00:00,OK,True
KRUSN,2026,17,3E7244,씨에스 크레인 2,석유제품운반선,,,SYN3E7244_2026_017,SYN-3E7244_2026_017-2,,I,수입,정박지-E1,액체,케로신,1223,000756,선종(석유제품운반선)·선석 미정·종수가정 3/4,벌크,펌프,TON,5894.0,5894.0,,,6483.4,5894.0,,울산,,,,2026-09-25 04:00:00+00:00,,UPA_SYNTHETIC,IntgCagInfo(SYNTHETIC v4),2026-09-26 06:03:34.805697+00:00,OK,True
KRUSN,2026,17,3E7244,씨에스 크레인 2,석유제품운반선,,,SYN3E7244_2026_017,SYN-3E7244_2026_017-3,,I,수입,정박지-E1,액체,디젤 연료/경유,1202,000973,선종(석유제품운반선)·선석 미정·종수가정 3/4,벌크,펌프,TON,17308.5,17308.5,,,19039.4,17308.5,,울산,,,,2026-09-25 04:00:00+00:00,,UPA_SYNTHETIC,IntgCagInfo(SYNTHETIC v4),2026-09-26 06:03:34.805697+00:00,OK,True
KRUSN,2026,1,3E7418,TORERO,기타유조선,,,SYN3E7418_2026_001,SYN-3E7418_2026_001-1,,O,수출,정박지-E1,액체,석유증류물(기타),1268,001128,선종(기타유조선)·선석 미정·종수가정 2/2,벌크,펌프,TON,4944.6,4944.6,,,5439.1,4944.6,,,울산,,,2026-09-13 03:00:00+00:00,,UPA_SYNTHETIC,IntgCagInfo(SYNTHETIC v4),2026-09-26 06:03:34.809602+00:00,OK,True
KRUSN,2026,1,3E7418,TORERO,기타유조선,,,SYN3E7418_2026_001,SYN-3E7418_2026_001-2,,O,수출,정박지-E1,액체,인화성 액체(기타),1993,000751,선종(기타유조선)·선석 미정·종수가정 2/2,벌크,펌프,TON,22980.5,22980.5,,,25278.6,22980.5,,,울산,,,2026-09-13 03:00:00+00:00,,UPA_SYNTHETIC,IntgCagInfo(SYNTHETIC v4),2026-09-26 06:03:34.809602+00:00,OK,True
KRUSN,2026,1,3E7496,SAQR,석유제품운반선,,,SYN3E7496_2026_001,SYN-3E7496_2026_001-1,,O,수출,정박지-E3,액체,케로신,1223,000756,대표화물코드 27·선석 미정·종수가정 2/6,벌크,펌프,TON,4610.4,4610.4,,,5071.4,4610.4,,,울산,,,2026-09-22 19:00:00+00:00,,UPA_SYNTHETIC,IntgCagInfo(SYNTHETIC v4),2026-09-26 06:03:34.812502+00:00,OK,True
KRUSN,2026,1,3E7496,SAQR,석유제품운반선,,,SYN3E7496_2026_001,SYN-3E7496_2026_001-2,,O,수출,정박지-E3,액체,디젤 연료/경유,1202,000973,대표화물코드 27·선석 미정·종수가정 2/6,벌크,펌프,TON,17746.6,17746.6,,,19521.3,17746.6,,,울산,,,2026-09-22 19:00:00+00:00,,UPA_SYNTHETIC,IntgCagInfo(SYNTHETIC v4),2026-09-26 06:03:34.812502+00:00,OK,True
KRUSN,2026,23,3E8686,씨에스 오션,케미칼운반선,,,SYN3E8686_2026_023,SYN-3E8686_2026_023-1,,I,수입,정박지-E1,액체,아크릴로니트릴(안정화),1093,001143,선종(케미칼운반선)·선석 미정·종수가정 5/8,벌크,펌프,TON,3499.9,3499.9,,,3849.9,3499.9,,울산,,,,2026-09-24 09:00:00+00:00,,UPA_SYNTHETIC,IntgCagInfo(SYNTHETIC v4),2026-09-26 06:03:34.814493+00:00,OK,True
KRUSN,2026,23,3E8686,씨에스 오션,케미칼운반선,,,SYN3E8686_2026_023,SYN-3E8686_2026_023-2,,I,수입,정박지-E1,액체,크실렌,1307,001077,선종(케미칼운반선)·선석 미정·종수가정 5/8,벌크,펌프,TON,24819.7,24819.7,,,27301.7,24819.7,,울산,,,,2026-09-24 09:00:00+00:00,,UPA_SYNTHETIC,IntgCagInfo(SYNTHETIC v4),2026-09-26 06:03:34.814493+00:00,OK,True
KRUSN,2026,23,3E8686,씨에스 오션,케미칼운반선,,,SYN3E8686_2026_023,SYN-3E8686_2026_023-3,,I,수입,정박지-E1,액체,메탄올,1230,001151,선종(케미칼운반선)·선석 미정·종수가정 5/8,벌크,펌프,TON,24761.3,24761.3,,,27237.4,24761.3,,울산,,,,2026-09-24 09:00:00+00:00,,UPA_SYNTHETIC,IntgCagInfo(SYNTHETIC v4),2026-09-26 06:03:34.814493+00:00,OK,True
KRUSN,2026,23,3E8686,씨에스 오션,케미칼운반선,,,SYN3E8686_2026_023,SYN-3E8686_2026_023-4,,O,수출,정박지-E1,액체,"1,2-에폭시프로판(산화프로필렌)",1280,001162,선종(케미칼운반선)·선석 미정·종수가정 5/8,벌크,펌프,TON,25327.3,25327.3,,,27860.0,25327.3,,,울산,,,2026-09-24 09:00:00+00:00,,UPA_SYNTHETIC,IntgCagInfo(SYNTHETIC v4),2026-09-26 06:03:34.814493+00:00,OK,True
KRUSN,2026,23,3E8686,씨에스 오션,케미칼운반선,,,SYN3E8686_2026_023,SYN-3E8686_2026_023-5,,O,수출,정박지-E1,액체,스티렌 모노머(안정화),2055,001027,선종(케미칼운반선)·선석 미정·종수가정 5/8,벌크,펌프,TON,24450.5,24450.5,,,26895.6,24450.5,,,울산,,,2026-09-24 09:00:00+00:00,,UPA_SYNTHETIC,IntgCagInfo(SYNTHETIC v4),2026-09-26 06:03:34.814493+00:00,OK,True
KRUSN,2026,24,3E8686,씨에스 오션,케미칼운반선,,,SYN3E8686_2026_024,SYN-3E8686_2026_024-1,,I,수입,정박지-E1,액체,메탄올,1230,001151,선종(케미칼운반선)·선석 미정·종수가정 7/8,벌크,펌프,TON,5078.9,5078.9,,,5586.8,5078.9,,울산,,,,2026-09-27 23:00:00+00:00,,UPA_SYNTHETIC,IntgCagInfo(SYNTHETIC v4),2026-09-26 06:03:34.814493+00:00,OK,True
KRUSN,2026,24,3E8686,씨에스 오션,케미칼운반선,,,SYN3E8686_2026_024,SYN-3E8686_2026_024-2,,O,수출,정박지-E1,액체,톨루엔,1294,001032,선종(케미칼운반선)·선석 미정·종수가정 7/8,벌크,펌프,TON,24023.5,24023.5,,,26425.9,24023.5,,,울산,,,2026-09-27 23:00:00+00:00,,UPA_SYNTHETIC,IntgCagInfo(SYNTHETIC v4),2026-09-26 06:03:34.815495+00:00,OK,True
KRUSN,2026,24,3E8686,씨에스 오션,케미칼운반선,,,SYN3E8686_2026_024,SYN-3E8686_2026_024-3,,I,수입,정박지-E1,액체,스티렌 모노머(안정화),2055,001027,선종(케미칼운반선)·선석 미정·종수가정 7/8,벌크,펌프,TON,14634.7,14634.7,,,16098.2,14634.7,,울산,,,,2026-09-27 23:00:00+00:00,,UPA_SYNTHETIC,IntgCagInfo(SYNTHETIC v4),2026-09-26 06:03:34.815495+00:00,OK,True
KRUSN,2026,24,3E8686,씨에스 오션,케미칼운반선,,,SYN3E8686_2026_024,SYN-3E8686_2026_024-4,,O,수출,정박지-E1,액체,"1,2-에폭시프로판(산화프로필렌)",1280,001162,선종(케미칼운반선)·선석 미정·종수가정 7/8,벌크,펌프,TON,22952.7,22952.7,,,25248.0,22952.7,,,울산,,,2026-09-27 23:00:00+00:00,,UPA_SYNTHETIC,IntgCagInfo(SYNTHETIC v4),2026-09-26 06:03:34.815495+00:00,OK,True
KRUSN,2026,24,3E8686,씨에스 오션,케미칼운반선,,,SYN3E8686_2026_024,SYN-3E8686_2026_024-5,,I,수입,정박지-E1,액체,아크릴로니트릴(안정화),1093,001143,선종(케미칼운반선)·선석 미정·종수가정 7/8,벌크,펌프,TON,9008.0,9008.0,,,9908.8,9008.0,,울산,,,,2026-09-27 23:00:00+00:00,,UPA_SYNTHETIC,IntgCagInfo(SYNTHETIC v4),2026-09-26 06:03:34.815495+00:00,OK,True
KRUSN,2026,24,3E8686,씨에스 오션,케미칼운반선,,,SYN3E8686_2026_024,SYN-3E8686_2026_024-6,,I,수입,정박지-E1,액체,테트라하이드로푸란,2056,001041,선종(케미칼운반선)·선석 미정·종수가정 7/8,벌크,펌프,TON,1923.1,1923.1,,,2115.4,1923.1,,울산,,,,2026-09-27 23:00:00+00:00,,UPA_SYNTHETIC,IntgCagInfo(SYNTHETIC v4),2026-09-26 06:03:34.815495+00:00,OK,True
KRUSN,2026,24,3E8686,씨에스 오션,케미칼운반선,,,SYN3E8686_2026_024,SYN-3E8686_2026_024-7,,O,수출,정박지-E1,액체,벤젠,1114,001008,선종(케미칼운반선)·선석 미정·종수가정 7/8,벌크,펌프,TON,970.2,970.2,,,1067.2,970.2,,,울산,,,2026-09-27 23:00:00+00:00,,UPA_SYNTHETIC,IntgCagInfo(SYNTHETIC v4),2026-09-26 06:03:34.815495+00:00,OK,True
KRUSN,2026,2,3E8738,GORDONS BAY,석유제품운반선,,,SYN3E8738_2026_002,SYN-3E8738_2026_002-1,,O,수출,정박지-E2,액체,디젤 연료/경유,1202,000973,선종(석유제품운반선)·선석 미정·종수가정 4/4,벌크,펌프,TON,22127.4,22127.4,,,24340.1,22127.4,,,울산,,,2026-09-21 15:01:00+00:00,,UPA_SYNTHETIC,IntgCagInfo(SYNTHETIC v4),2026-09-26 06:03:34.817490+00:00,OK,True
KRUSN,2026,2,3E8738,GORDONS BAY,석유제품운반선,,,SYN3E8738_2026_002,SYN-3E8738_2026_002-2,,O,수출,정박지-E2,액체,케로신,1223,000756,선종(석유제품운반선)·선석 미정·종수가정 4/4,벌크,펌프,TON,22155.3,22155.3,,,24370.8,22155.3,,,울산,,,2026-09-21 15:01:00+00:00,,UPA_SYNTHETIC,IntgCagInfo(SYNTHETIC v4),2026-09-26 06:03:34.817490+00:00,OK,True
KRUSN,2026,2,3E8738,GORDONS BAY,석유제품운반선,,,SYN3E8738_2026_002,SYN-3E8738_2026_002-3,,I,수입,정박지-E2,액체,가솔린,1203,016420,선종(석유제품운반선)·선석 미정·종수가정 4/4,벌크,펌프,TON,21284.6,21284.6,,,23413.1,21284.6,,울산,,,,2026-09-21 15:01:00+00:00,,UPA_SYNTHETIC,IntgCagInfo(SYNTHETIC v4),2026-09-26 06:03:34.817490+00:00,OK,True
KRUSN,2026,2,3E8738,GORDONS BAY,석유제품운반선,,,SYN3E8738_2026_002,SYN-3E8738_2026_002-4,,I,수입,정박지-E2,액체,석유증류물(기타),1268,001128,선종(석유제품운반선)·선석 미정·종수가정 4/4,벌크,펌프,TON,29589.7,29589.7,,,32548.7,29589.7,,울산,,,,2026-09-21 15:01:00+00:00,,UPA_SYNTHETIC,IntgCagInfo(SYNTHETIC v4),2026-09-26 06:03:34.817490+00:00,OK,True
KRUSN,2026,1,3E8867,NORD MATE,석유제품운반선,,,SYN3E8867_2026_001,SYN-3E8867_2026_001-1,,I,수입,대한유화부두,액체,스티렌 모노머(안정화),2055,001027,대표화물코드 29·선석분류(액체화학·유류/berth+UPA)·PORT-MIS 선석·종수가정 1/6,벌크,펌프,TON,9836.6,9836.6,,,10820.3,9836.6,,울산,,,,2026-09-28 18:00:00+00:00,,UPA_SYNTHETIC,IntgCagInfo(SYNTHETIC v4),2026-09-26 06:03:34.819485+00:00,OK,True
KRUSN,2026,26,3E8881,SUN BIRDIE,석유제품운반선,,,SYN3E8881_2026_026,SYN-3E8881_2026_026-1,,I,수입,정박지-E1,액체,메탄올,1230,001151,대표화물코드 29·선석 미정·종수가정 2/6,벌크,펌프,TON,26356.2,26356.2,,,28991.8,26356.2,,울산,,,,2026-09-21 03:00:00+00:00,,UPA_SYNTHETIC,IntgCagInfo(SYNTHETIC v4),2026-09-26 06:03:34.821491+00:00,OK,True
KRUSN,2026,26,3E8881,SUN BIRDIE,석유제품운반선,,,SYN3E8881_2026_026,SYN-3E8881_2026_026-2,,I,수입,정박지-E1,액체,벤젠,1114,001008,대표화물코드 29·선석 미정·종수가정 2/6,벌크,펌프,TON,2794.8,2794.8,,,3074.3,2794.8,,울산,,,,2026-09-21 03:00:00+00:00,,UPA_SYNTHETIC,IntgCagInfo(SYNTHETIC v4),2026-09-26 06:03:34.821491+00:00,OK,True
KRUSN,2026,27,3E8881,SUN BIRDIE,석유제품운반선,,,SYN3E8881_2026_027,SYN-3E8881_2026_027-1,,I,수입,정박지-E1,액체,디젤 연료/경유,1202,000973,선종(석유제품운반선)·선석 미정·종수가정 1/4,벌크,펌프,TON,3452.4,3452.4,,,3797.6,3452.4,,울산,,,,2026-09-23 22:00:00+00:00,,UPA_SYNTHETIC,IntgCagInfo(SYNTHETIC v4),2026-09-26 06:03:34.821491+00:00,OK,True
KRUSN,2026,8,3E9554,SUN EAGLE,석유제품운반선,,,SYN3E9554_2026_008,SYN-3E9554_2026_008-1,,O,수출,정일스톨트헤븐 울산신항4부두,액체,디젤 연료/경유,1202,000973,선종(석유제품운반선)·터미널 취급품목(JEONGIL_STOLTHAVEN)·VTS 접안·종수가정 2/2,벌크,펌프,TON,11285.8,11285.8,,,12414.4,11285.8,,,울산,,,2026-09-15 03:00:00+00:00,,UPA_SYNTHETIC,IntgCagInfo(SYNTHETIC v4),2026-09-26 06:03:34.824487+00:00,OK,True
KRUSN,2026,8,3E9554,SUN EAGLE,석유제품운반선,,,SYN3E9554_2026_008,SYN-3E9554_2026_008-2,,I,수입,정일스톨트헤븐 울산신항4부두,액체,가솔린,1203,016420,선종(석유제품운반선)·터미널 취급품목(JEONGIL_STOLTHAVEN)·VTS 접안·종수가정 2/2,벌크,펌프,TON,16255.5,16255.5,,,17881.1,16255.5,,울산,,,,2026-09-15 03:00:00+00:00,,UPA_SYNTHETIC,IntgCagInfo(SYNTHETIC v4),2026-09-26 06:03:34.824487+00:00,OK,True
KRUSN,2026,9,3E9554,SUN EAGLE,석유제품운반선,,,SYN3E9554_2026_009,SYN-3E9554_2026_009-1,,O,수출,정박지-E1,액체,가솔린,1203,016420,선종(석유제품운반선)·선석 미정·종수가정 1/4,벌크,펌프,TON,21830.1,21830.1,,,24013.1,21830.1,,,울산,,,2026-09-21 19:00:00+00:00,,UPA_SYNTHETIC,IntgCagInfo(SYNTHETIC v4),2026-09-26 06:03:34.827144+00:00,OK,True
KRUSN,2026,7,3EA4145,ORIENTAL GREENSTONE,석유제품운반선,,,SYN3EA4145_2026_007,SYN-3EA4145_2026_007-1,,O,수출,정박지-E2,액체,케로신,1223,000756,선종(석유제품운반선)·선석 미정·종수가정 3/4,벌크,펌프,TON,25481.5,25481.5,,,28029.7,25481.5,,,울산,,,2026-09-14 02:00:00+00:00,,UPA_SYNTHETIC,IntgCagInfo(SYNTHETIC v4),2026-09-26 06:03:34.829072+00:00,OK,True
KRUSN,2026,7,3EA4145,ORIENTAL GREENSTONE,석유제품운반선,,,SYN3EA4145_2026_007,SYN-3EA4145_2026_007-2,,I,수입,정박지-E2,액체,디젤 연료/경유,1202,000973,선종(석유제품운반선)·선석 미정·종수가정 3/4,벌크,펌프,TON,9610.4,9610.4,,,10571.4,9610.4,,울산,,,,2026-09-14 02:00:00+00:00,,UPA_SYNTHETIC,IntgCagInfo(SYNTHETIC v4),2026-09-26 06:03:34.829072+00:00,OK,True
KRUSN,2026,7,3EA4145,ORIENTAL GREENSTONE,석유제품운반선,,,SYN3EA4145_2026_007,SYN-3EA4145_2026_007-3,,I,수입,정박지-E2,액체,가솔린,1203,016420,선종(석유제품운반선)·선석 미정·종수가정 3/4,벌크,펌프,TON,7037.2,7037.2,,,7740.9,7037.2,,울산,,,,2026-09-14 02:00:00+00:00,,UPA_SYNTHETIC,IntgCagInfo(SYNTHETIC v4),2026-09-26 06:03:34.829072+00:00,OK,True
KRUSN,2026,1,3EA4147,NAVE HINA,석유제품운반선,,,SYN3EA4147_2026_001,SYN-3EA4147_2026_001-1,,O,수출,정일2부두,액체,가솔린,1203,016420,선종(석유제품운반선)·터미널 취급품목(JEONGIL_STOLTHAVEN)·PORT-MIS 선석·종수가정 1/2,벌크,펌프,TON,15799.1,15799.1,,,17379.0,15799.1,,,울산,,,2026-09-13 22:00:00+00:00,,UPA_SYNTHETIC,IntgCagInfo(SYNTHETIC v4),2026-09-26 06:03:34.831061+00:00,OK,True
KRUSN,2026,5,3EBD8,제2흥아 파이오니어호,케미칼운반선,,,SYN3EBD8_2026_005,SYN-3EBD8_2026_005-1,,I,수입,정박지-E1,액체,테트라하이드로푸란,2056,001041,선종(케미칼운반선)·선석 미정·종수가정 3/8,벌크,펌프,TON,24487.1,24487.1,,,26935.8,24487.1,,울산,,,,2026-09-13 03:00:00+00:00,,UPA_SYNTHETIC,IntgCagInfo(SYNTHETIC v4),2026-09-26 06:03:34.834417+00:00,OK,True
KRUSN,2026,5,3EBD8,제2흥아 파이오니어호,케미칼운반선,,,SYN3EBD8_2026_005,SYN-3EBD8_2026_005-2,,I,수입,정박지-E1,액체,메탄올,1230,001151,선종(케미칼운반선)·선석 미정·종수가정 3/8,벌크,펌프,TON,23608.4,23608.4,,,25969.2,23608.4,,울산,,,,2026-09-13 03:00:00+00:00,,UPA_SYNTHETIC,IntgCagInfo(SYNTHETIC v4),2026-09-26 06:03:34.834417+00:00,OK,True
KRUSN,2026,5,3EBD8,제2흥아 파이오니어호,케미칼운반선,,,SYN3EBD8_2026_005,SYN-3EBD8_2026_005-3,,O,수출,정박지-E1,액체,스티렌 모노머(안정화),2055,001027,선종(케미칼운반선)·선석 미정·종수가정 3/8,벌크,펌프,TON,24835.4,24835.4,,,27318.9,24835.4,,,울산,,,2026-09-13 03:00:00+00:00,,UPA_SYNTHETIC,IntgCagInfo(SYNTHETIC v4),2026-09-26 06:03:34.834417+00:00,OK,True
KRUSN,2026,6,3EBD8,제2흥아 파이오니어호,케미칼운반선,,,SYN3EBD8_2026_006,SYN-3EBD8_2026_006-1,,O,수출,정박지-E1,액체,황산(51% 초과),1830,001049,대표화물코드 28·선석 미정·종수가정 1/1,벌크,펌프,TON,9658.2,9658.2,,,10624.0,9658.2,,,울산,,,2026-09-23 08:00:00+00:00,,UPA_SYNTHETIC,IntgCagInfo(SYNTHETIC v4),2026-09-26 06:03:34.834417+00:00,OK,True
KRUSN,2026,7,3EBD8,제2흥아 파이오니어호,케미칼운반선,,,SYN3EBD8_2026_007,SYN-3EBD8_2026_007-1,,I,수입,정박지-E1,액체,크실렌,1307,001077,선종(케미칼운반선)·선석 미정·종수가정 2/8,벌크,펌프,TON,10666.9,10666.9,,,11733.6,10666.9,,울산,,,,2026-09-25 03:00:00+00:00,,UPA_SYNTHETIC,IntgCagInfo(SYNTHETIC v4),2026-09-26 06:03:34.834955+00:00,OK,True
KRUSN,2026,7,3EBD8,제2흥아 파이오니어호,케미칼운반선,,,SYN3EBD8_2026_007,SYN-3EBD8_2026_007-2,,O,수출,정박지-E1,액체,벤젠,1114,001008,선종(케미칼운반선)·선석 미정·종수가정 2/8,벌크,펌프,TON,3384.1,3384.1,,,3722.5,3384.1,,,울산,,,2026-09-25 03:00:00+00:00,,UPA_SYNTHETIC,IntgCagInfo(SYNTHETIC v4),2026-09-26 06:03:34.835000+00:00,OK,True
KRUSN,2026,6,3EBG4,VALIANT,케미칼운반선,,,SYN3EBG4_2026_006,SYN-3EBG4_2026_006-1,,I,수입,4부두,액체,크실렌,1307,001077,선종(케미칼운반선)·선석분류(액체화학/berth+UPA)·PORT-MIS 선석·종수가정 3/8,벌크,펌프,TON,1997.4,1997.4,,,2197.1,1997.4,,울산,,,,2026-09-19 16:00:00+00:00,,UPA_SYNTHETIC,IntgCagInfo(SYNTHETIC v4),2026-09-26 06:03:34.836603+00:00,OK,True
KRUSN,2026,6,3EBG4,VALIANT,케미칼운반선,,,SYN3EBG4_2026_006,SYN-3EBG4_2026_006-2,,O,수출,4부두,액체,아크릴로니트릴(안정화),1093,001143,선종(케미칼운반선)·선석분류(액체화학/berth+UPA)·PORT-MIS 선석·종수가정 3/8,벌크,펌프,TON,22880.1,22880.1,,,25168.1,22880.1,,,울산,,,2026-09-19 16:00:00+00:00,,UPA_SYNTHETIC,IntgCagInfo(SYNTHETIC v4),2026-09-26 06:03:34.836603+00:00,OK,True
KRUSN,2026,6,3EBG4,VALIANT,케미칼운반선,,,SYN3EBG4_2026_006,SYN-3EBG4_2026_006-3,,I,수입,4부두,액체,톨루엔,1294,001032,선종(케미칼운반선)·선석분류(액체화학/berth+UPA)·PORT-MIS 선석·종수가정 3/8,벌크,펌프,TON,8533.4,8533.4,,,9386.7,8533.4,,울산,,,,2026-09-19 16:00:00+00:00,,UPA_SYNTHETIC,IntgCagInfo(SYNTHETIC v4),2026-09-26 06:03:34.836603+00:00,OK,True
KRUSN,2026,41,3ECG6,SUN VENUS,석유제품운반선,,,SYN3ECG6_2026_041,SYN-3ECG6_2026_041-1,,O,수출,정박지-E1,액체,"1,2-에폭시프로판(산화프로필렌)",1280,001162,대표화물코드 29·선석 미정·종수가정 5/6,벌크,펌프,TON,15021.2,15021.2,,,16523.3,15021.2,,,울산,,,2026-09-23 22:00:00+00:00,,UPA_SYNTHETIC,IntgCagInfo(SYNTHETIC v4),2026-09-26 06:03:34.839602+00:00,OK,True
KRUSN,2026,41,3ECG6,SUN VENUS,석유제품운반선,,,SYN3ECG6_2026_041,SYN-3ECG6_2026_041-2,,O,수출,정박지-E1,액체,톨루엔,1294,001032,대표화물코드 29·선석 미정·종수가정 5/6,벌크,펌프,TON,1922.8,1922.8,,,2115.1,1922.8,,,울산,,,2026-09-23 22:00:00+00:00,,UPA_SYNTHETIC,IntgCagInfo(SYNTHETIC v4),2026-09-26 06:03:34.839602+00:00,OK,True
KRUSN,2026,41,3ECG6,SUN VENUS,석유제품운반선,,,SYN3ECG6_2026_041,SYN-3ECG6_2026_041-3,,O,수출,정박지-E1,액체,크실렌,1307,001077,대표화물코드 29·선석 미정·종수가정 5/6,벌크,펌프,TON,14744.2,14744.2,,,16218.6,14744.2,,,울산,,,2026-09-23 22:00:00+00:00,,UPA_SYNTHETIC,IntgCagInfo(SYNTHETIC v4),2026-09-26 06:03:34.839602+00:00,OK,True
KRUSN,2026,41,3ECG6,SUN VENUS,석유제품운반선,,,SYN3ECG6_2026_041,SYN-3ECG6_2026_041-4,,I,수입,정박지-E1,액체,테트라하이드로푸란,2056,001041,대표화물코드 29·선석 미정·종수가정 5/6,벌크,펌프,TON,14650.8,14650.8,,,16115.9,14650.8,,울산,,,,2026-09-23 22:00:00+00:00,,UPA_SYNTHETIC,IntgCagInfo(SYNTHETIC v4),2026-09-26 06:03:34.839602+00:00,OK,True
KRUSN,2026,41,3ECG6,SUN VENUS,석유제품운반선,,,SYN3ECG6_2026_041,SYN-3ECG6_2026_041-5,,O,수출,정박지-E1,액체,스티렌 모노머(안정화),2055,001027,대표화물코드 29·선석 미정·종수가정 5/6,벌크,펌프,TON,11315.2,11315.2,,,12446.7,11315.2,,,울산,,,2026-09-23 22:00:00+00:00,,UPA_SYNTHETIC,IntgCagInfo(SYNTHETIC v4),2026-09-26 06:03:34.839602+00:00,OK,True
KRUSN,2026,42,3ECG6,SUN VENUS,석유제품운반선,,,SYN3ECG6_2026_042,SYN-3ECG6_2026_042-1,,O,수출,정박지-E1,액체,톨루엔,1294,001032,대표화물코드 29·선석 미정·종수가정 5/6,벌크,펌프,TON,6754.8,6754.8,,,7430.3,6754.8,,,울산,,,2026-09-26 13:00:00+00:00,,UPA_SYNTHETIC,IntgCagInfo(SYNTHETIC v4),2026-09-26 06:03:34.840605+00:00,OK,True
KRUSN,2026,42,3ECG6,SUN VENUS,석유제품운반선,,,SYN3ECG6_2026_042,SYN-3ECG6_2026_042-2,,O,수출,정박지-E1,액체,"1,2-에폭시프로판(산화프로필렌)",1280,001162,대표화물코드 29·선석 미정·종수가정 5/6,벌크,펌프,TON,26924.6,26924.6,,,29617.1,26924.6,,,울산,,,2026-09-26 13:00:00+00:00,,UPA_SYNTHETIC,IntgCagInfo(SYNTHETIC v4),2026-09-26 06:03:34.840605+00:00,OK,True
KRUSN,2026,42,3ECG6,SUN VENUS,석유제품운반선,,,SYN3ECG6_2026_042,SYN-3ECG6_2026_042-3,,I,수입,정박지-E1,액체,벤젠,1114,001008,대표화물코드 29·선석 미정·종수가정 5/6,벌크,펌프,TON,1884.2,1884.2,,,2072.6,1884.2,,울산,,,,2026-09-26 13:00:00+00:00,,UPA_SYNTHETIC,IntgCagInfo(SYNTHETIC v4),2026-09-26 06:03:34.840605+00:00,OK,True
KRUSN,2026,42,3ECG6,SUN VENUS,석유제품운반선,,,SYN3ECG6_2026_042,SYN-3ECG6_2026_042-4,,O,수출,정박지-E1,액체,테트라하이드로푸란,2056,001041,대표화물코드 29·선석 미정·종수가정 5/6,벌크,펌프,TON,11731.6,11731.6,,,12904.8,11731.6,,,울산,,,2026-09-26 13:00:00+00:00,,UPA_SYNTHETIC,IntgCagInfo(SYNTHETIC v4),2026-09-26 06:03:34.840605+00:00,OK,True
KRUSN,2026,42,3ECG6,SUN VENUS,석유제품운반선,,,SYN3ECG6_2026_042,SYN-3ECG6_2026_042-5,,O,수출,정박지-E1,액체,스티렌 모노머(안정화),2055,001027,대표화물코드 29·선석 미정·종수가정 5/6,벌크,펌프,TON,890.3,890.3,,,979.3,890.3,,,울산,,,2026-09-26 13:00:00+00:00,,UPA_SYNTHETIC,IntgCagInfo(SYNTHETIC v4),2026-09-26 06:03:34.840605+00:00,OK,True
KRUSN,2026,1,3EGI8,GOLDEN DENISE,케미칼운반선,,,SYN3EGI8_2026_001,SYN-3EGI8_2026_001-1,,O,수출,정박지-E1,액체,벤젠,1114,001008,대표화물코드 29·선석 미정·종수가정 3/8,벌크,펌프,TON,17870.7,17870.7,,,19657.8,17870.7,,,울산,,,2026-09-26 21:00:00+00:00,,UPA_SYNTHETIC,IntgCagInfo(SYNTHETIC v4),2026-09-26 06:03:34.844614+00:00,OK,True
KRUSN,2026,1,3EGI8,GOLDEN DENISE,케미칼운반선,,,SYN3EGI8_2026_001,SYN-3EGI8_2026_001-2,,O,수출,정박지-E1,액체,스티렌 모노머(안정화),2055,001027,대표화물코드 29·선석 미정·종수가정 3/8,벌크,펌프,TON,15757.9,15757.9,,,17333.7,15757.9,,,울산,,,2026-09-26 21:00:00+00:00,,UPA_SYNTHETIC,IntgCagInfo(SYNTHETIC v4),2026-09-26 06:03:34.844614+00:00,OK,True
KRUSN,2026,1,3EGI8,GOLDEN DENISE,케미칼운반선,,,SYN3EGI8_2026_001,SYN-3EGI8_2026_001-3,,O,수출,정박지-E1,액체,톨루엔,1294,001032,대표화물코드 29·선석 미정·종수가정 3/8,벌크,펌프,TON,11674.2,11674.2,,,12841.6,11674.2,,,울산,,,2026-09-26 21:00:00+00:00,,UPA_SYNTHETIC,IntgCagInfo(SYNTHETIC v4),2026-09-26 06:03:34.844614+00:00,OK,True
KRUSN,2026,28,3EGU7,에이스 하나,석유제품운반선,,,SYN3EGU7_2026_028,SYN-3EGU7_2026_028-1,,O,수출,정박지-M6,액체,가솔린,1203,016420,선종(석유제품운반선)·선석 미정·종수가정 1/4,벌크,펌프,TON,5946.3,5946.3,,,6540.9,5946.3,,,울산,,,2026-09-23 14:00:00+00:00,,UPA_SYNTHETIC,IntgCagInfo(SYNTHETIC v4),2026-09-26 06:03:34.849609+00:00,OK,True
KRUSN,2026,27,3EKP7,SPRING EURO,케미칼운반선,,,SYN3EKP7_2026_027,SYN-3EKP7_2026_027-1,,O,수출,정박지-E1,액체,톨루엔,1294,001032,선종(케미칼운반선)·선석 미정·종수가정 4/8,벌크,펌프,TON,16982.2,16982.2,,,18680.4,16982.2,,,울산,,,2026-09-12 23:00:00+00:00,,UPA_SYNTHETIC,IntgCagInfo(SYNTHETIC v4),2026-09-26 06:03:34.851618+00:00,OK,True
KRUSN,2026,27,3EKP7,SPRING EURO,케미칼운반선,,,SYN3EKP7_2026_027,SYN-3EKP7_2026_027-2,,O,수출,정박지-E1,액체,크실렌,1307,001077,선종(케미칼운반선)·선석 미정·종수가정 4/8,벌크,펌프,TON,21084.7,21084.7,,,23193.2,21084.7,,,울산,,,2026-09-12 23:00:00+00:00,,UPA_SYNTHETIC,IntgCagInfo(SYNTHETIC v4),2026-09-26 06:03:34.851618+00:00,OK,True
KRUSN,2026,27,3EKP7,SPRING EURO,케미칼운반선,,,SYN3EKP7_2026_027,SYN-3EKP7_2026_027-3,,O,수출,정박지-E1,액체,메탄올,1230,001151,선종(케미칼운반선)·선석 미정·종수가정 4/8,벌크,펌프,TON,12335.6,12335.6,,,13569.2,12335.6,,,울산,,,2026-09-12 23:00:00+00:00,,UPA_SYNTHETIC,IntgCagInfo(SYNTHETIC v4),2026-09-26 06:03:34.851618+00:00,OK,True
KRUSN,2026,27,3EKP7,SPRING EURO,케미칼운반선,,,SYN3EKP7_2026_027,SYN-3EKP7_2026_027-4,,I,수입,정박지-E1,액체,아크릴로니트릴(안정화),1093,001143,선종(케미칼운반선)·선석 미정·종수가정 4/8,벌크,펌프,TON,2695.7,2695.7,,,2965.3,2695.7,,울산,,,,2026-09-12 23:00:00+00:00,,UPA_SYNTHETIC,IntgCagInfo(SYNTHETIC v4),2026-09-26 06:03:34.851618+00:00,OK,True
KRUSN,2026,30,3EKP7,SPRING EURO,케미칼운반선,,,SYN3EKP7_2026_030,SYN-3EKP7_2026_030-1,,I,수입,정박지-E1,액체,아크릴로니트릴(안정화),1093,001143,선종(케미칼운반선)·선석 미정·종수가정 3/8,벌크,펌프,TON,7239.9,7239.9,,,7963.9,7239.9,,울산,,,,2026-09-25 14:30:00+00:00,,UPA_SYNTHETIC,IntgCagInfo(SYNTHETIC v4),2026-09-26 06:03:34.851618+00:00,OK,True
KRUSN,2026,30,3EKP7,SPRING EURO,케미칼운반선,,,SYN3EKP7_2026_030,SYN-3EKP7_2026_030-2,,I,수입,정박지-E1,액체,벤젠,1114,001008,선종(케미칼운반선)·선석 미정·종수가정 3/8,벌크,펌프,TON,4505.3,4505.3,,,4955.8,4505.3,,울산,,,,2026-09-25 14:30:00+00:00,,UPA_SYNTHETIC,IntgCagInfo(SYNTHETIC v4),2026-09-26 06:03:34.851618+00:00,OK,True
KRUSN,2026,30,3EKP7,SPRING EURO,케미칼운반선,,,SYN3EKP7_2026_030,SYN-3EKP7_2026_030-3,,O,수출,정박지-E1,액체,톨루엔,1294,001032,선종(케미칼운반선)·선석 미정·종수가정 3/8,벌크,펌프,TON,23006.0,23006.0,,,25306.6,23006.0,,,울산,,,2026-09-25 14:30:00+00:00,,UPA_SYNTHETIC,IntgCagInfo(SYNTHETIC v4),2026-09-26 06:03:34.851618+00:00,OK,True
KRUSN,2026,1,3EMW2,KOHZAN MARU V,케미칼운반선,,,SYN3EMW2_2026_001,SYN-3EMW2_2026_001-1,,I,수입,정박지-E2,액체,메탄올,1230,001151,대표화물코드 29·선석 미정·종수가정 2/8,벌크,펌프,TON,4353.1,4353.1,,,4788.4,4353.1,,울산,,,,2026-09-25 08:00:00+00:00,,UPA_SYNTHETIC,IntgCagInfo(SYNTHETIC v4),2026-09-26 06:03:34.853612+00:00,OK,True
KRUSN,2026,1,3EMW2,KOHZAN MARU V,케미칼운반선,,,SYN3EMW2_2026_001,SYN-3EMW2_2026_001-2,,O,수출,정박지-E2,액체,아크릴로니트릴(안정화),1093,001143,대표화물코드 29·선석 미정·종수가정 2/8,벌크,펌프,TON,25531.0,25531.0,,,28084.1,25531.0,,,울산,,,2026-09-25 08:00:00+00:00,,UPA_SYNTHETIC,IntgCagInfo(SYNTHETIC v4),2026-09-26 06:03:34.853612+00:00,OK,True
KRUSN,2026,5,3EOE8,BUENA DIOSA,LPG운반선,,,SYN3EOE8_2026_005,SYN-3EOE8_2026_005-1,,O,수출,6부두,액체,물질 미특정,,,대표화물코드 27·선석분류(액체화학/UPA)·PORT-MIS 선석·물질 미특정,벌크,펌프,TON,20616.8,20616.8,,,22678.5,20616.8,,,울산,,,2026-09-20 09:00:00+00:00,,UPA_SYNTHETIC,IntgCagInfo(SYNTHETIC v4),2026-09-26 06:03:34.855608+00:00,UNSPECIFIED_SUBSTANCE,True
KRUSN,2026,9,3EPM9,CRANE NOVA,석유제품운반선,,,SYN3EPM9_2026_009,SYN-3EPM9_2026_009-1,,O,수출,정박지-E1,액체,디젤 연료/경유,1202,000973,선종(석유제품운반선)·선석 미정·종수가정 2/4,벌크,펌프,TON,17694.4,17694.4,,,19463.8,17694.4,,,울산,,,2026-09-27 09:00:00+00:00,,UPA_SYNTHETIC,IntgCagInfo(SYNTHETIC v4),2026-09-26 06:03:34.857611+00:00,OK,True
KRUSN,2026,9,3EPM9,CRANE NOVA,석유제품운반선,,,SYN3EPM9_2026_009,SYN-3EPM9_2026_009-2,,I,수입,정박지-E1,액체,가솔린,1203,016420,선종(석유제품운반선)·선석 미정·종수가정 2/4,벌크,펌프,TON,29281.2,29281.2,,,32209.3,29281.2,,울산,,,,2026-09-27 09:00:00+00:00,,UPA_SYNTHETIC,IntgCagInfo(SYNTHETIC v4),2026-09-26 06:03:34.857611+00:00,OK,True
KRUSN,2026,2,3EPY3,KISO,케미칼운반선,,,SYN3EPY3_2026_002,SYN-3EPY3_2026_002-1,,I,수입,정박지-E1,액체,가솔린,1203,016420,대표화물코드 27·선석 미정·종수가정 3/8,벌크,펌프,TON,28908.2,28908.2,,,31799.0,28908.2,,울산,,,,2026-09-24 06:00:00+00:00,,UPA_SYNTHETIC,IntgCagInfo(SYNTHETIC v4),2026-09-26 06:03:34.862606+00:00,OK,True
KRUSN,2026,2,3EPY3,KISO,케미칼운반선,,,SYN3EPY3_2026_002,SYN-3EPY3_2026_002-3,,I,수입,정박지-E1,액체,벤젠,1114,001008,대표화물코드 27·선석 미정·종수가정 3/8,벌크,펌프,TON,20115.6,20115.6,,,22127.2,20115.6,,울산,,,,2026-09-24 06:00:00+00:00,,UPA_SYNTHETIC,IntgCagInfo(SYNTHETIC v4),2026-09-26 06:03:34.862606+00:00,OK,True
KRUSN,2026,16,3ESP5,YC CLOVER,케미칼운반선,,,SYN3ESP5_2026_016,SYN-3ESP5_2026_016-1,,I,수입,정박지-E1,액체,톨루엔,1294,001032,대표화물코드 27·선석 미정·종수가정 6/8,벌크,펌프,TON,25270.6,25270.6,,,27797.7,25270.6,,울산,,,,2026-09-24 09:00:00+00:00,,UPA_SYNTHETIC,IntgCagInfo(SYNTHETIC v4),2026-09-26 06:03:34.864603+00:00,OK,True
KRUSN,2026,16,3ESP5,YC CLOVER,케미칼운반선,,,SYN3ESP5_2026_016,SYN-3ESP5_2026_016-2,,I,수입,정박지-E1,액체,케로신,1223,000756,대표화물코드 27·선석 미정·종수가정 6/8,벌크,펌프,TON,5436.6,5436.6,,,5980.3,5436.6,,울산,,,,2026-09-24 09:00:00+00:00,,UPA_SYNTHETIC,IntgCagInfo(SYNTHETIC v4),2026-09-26 06:03:34.865602+00:00,OK,True
KRUSN,2026,16,3ESP5,YC CLOVER,케미칼운반선,,,SYN3ESP5_2026_016,SYN-3ESP5_2026_016-3,,O,수출,정박지-E1,액체,벤젠,1114,001008,대표화물코드 27·선석 미정·종수가정 6/8,벌크,펌프,TON,14831.6,14831.6,,,16314.8,14831.6,,,울산,,,2026-09-24 09:00:00+00:00,,UPA_SYNTHETIC,IntgCagInfo(SYNTHETIC v4),2026-09-26 06:03:34.865602+00:00,OK,True
KRUSN,2026,16,3ESP5,YC CLOVER,케미칼운반선,,,SYN3ESP5_2026_016,SYN-3ESP5_2026_016-4,,I,수입,정박지-E1,액체,석유증류물(기타),1268,001128,대표화물코드 27·선석 미정·종수가정 6/8,벌크,펌프,TON,16935.8,16935.8,,,18629.4,16935.8,,울산,,,,2026-09-24 09:00:00+00:00,,UPA_SYNTHETIC,IntgCagInfo(SYNTHETIC v4),2026-09-26 06:03:34.865602+00:00,OK,True
KRUSN,2026,16,3ESP5,YC CLOVER,케미칼운반선,,,SYN3ESP5_2026_016,SYN-3ESP5_2026_016-5,,I,수입,정박지-E1,액체,디젤 연료/경유,1202,000973,대표화물코드 27·선석 미정·종수가정 6/8,벌크,펌프,TON,6210.7,6210.7,,,6831.8,6210.7,,울산,,,,2026-09-24 09:00:00+00:00,,UPA_SYNTHETIC,IntgCagInfo(SYNTHETIC v4),2026-09-26 06:03:34.865602+00:00,OK,True
KRUSN,2026,16,3ESP5,YC CLOVER,케미칼운반선,,,SYN3ESP5_2026_016,SYN-3ESP5_2026_016-6,,O,수출,정박지-E1,액체,원유,1267,000751,대표화물코드 27·선석 미정·종수가정 6/8,벌크,펌프,TON,1300.7,1300.7,,,1430.8,1300.7,,,울산,,,2026-09-24 09:00:00+00:00,,UPA_SYNTHETIC,IntgCagInfo(SYNTHETIC v4),2026-09-26 06:03:34.865602+00:00,OK,True
KRUSN,2026,3,3EVD9,EASTERN PHOENIX,케미칼운반선,,,SYN3EVD9_2026_003,SYN-3EVD9_2026_003-1,,O,수출,정박지-E1,액체,크실렌,1307,001077,선종(케미칼운반선)·선석 미정·종수가정 5/8,벌크,펌프,TON,16255.7,16255.7,,,17881.3,16255.7,,,울산,,,2026-09-12 08:00:00+00:00,,UPA_SYNTHETIC,IntgCagInfo(SYNTHETIC v4),2026-09-26 06:03:34.868604+00:00,OK,True
KRUSN,2026,3,3EVD9,EASTERN PHOENIX,케미칼운반선,,,SYN3EVD9_2026_003,SYN-3EVD9_2026_003-2,,I,수입,정박지-E1,액체,톨루엔,1294,001032,선종(케미칼운반선)·선석 미정·종수가정 5/8,벌크,펌프,TON,28888.9,28888.9,,,31777.8,28888.9,,울산,,,,2026-09-12 08:00:00+00:00,,UPA_SYNTHETIC,IntgCagInfo(SYNTHETIC v4),2026-09-26 06:03:34.868604+00:00,OK,True
KRUSN,2026,3,3EVD9,EASTERN PHOENIX,케미칼운반선,,,SYN3EVD9_2026_003,SYN-3EVD9_2026_003-3,,I,수입,정박지-E1,액체,메탄올,1230,001151,선종(케미칼운반선)·선석 미정·종수가정 5/8,벌크,펌프,TON,19300.9,19300.9,,,21231.0,19300.9,,울산,,,,2026-09-12 08:00:00+00:00,,UPA_SYNTHETIC,IntgCagInfo(SYNTHETIC v4),2026-09-26 06:03:34.868604+00:00,OK,True
KRUSN,2026,3,3EVD9,EASTERN PHOENIX,케미칼운반선,,,SYN3EVD9_2026_003,SYN-3EVD9_2026_003-4,,O,수출,정박지-E1,액체,스티렌 모노머(안정화),2055,001027,선종(케미칼운반선)·선석 미정·종수가정 5/8,벌크,펌프,TON,24763.5,24763.5,,,27239.9,24763.5,,,울산,,,2026-09-12 08:00:00+00:00,,UPA_SYNTHETIC,IntgCagInfo(SYNTHETIC v4),2026-09-26 06:03:34.868604+00:00,OK,True
KRUSN,2026,3,3EVD9,EASTERN PHOENIX,케미칼운반선,,,SYN3EVD9_2026_003,SYN-3EVD9_2026_003-5,,O,수출,정박지-E1,액체,벤젠,1114,001008,선종(케미칼운반선)·선석 미정·종수가정 5/8,벌크,펌프,TON,14704.4,14704.4,,,16174.8,14704.4,,,울산,,,2026-09-12 08:00:00+00:00,,UPA_SYNTHETIC,IntgCagInfo(SYNTHETIC v4),2026-09-26 06:03:34.868604+00:00,OK,True
KRUSN,2026,16,3EVI5,JOY CHEMIST,석유제품운반선,,,SYN3EVI5_2026_016,SYN-3EVI5_2026_016-1,,I,수입,정박지-E1,액체,석유증류물(기타),1268,001128,선종(석유제품운반선)·선석 미정·종수가정 2/4,벌크,펌프,TON,8033.9,8033.9,,,8837.3,8033.9,,울산,,,,2026-09-12 23:00:00+00:00,,UPA_SYNTHETIC,IntgCagInfo(SYNTHETIC v4),2026-09-26 06:03:34.870604+00:00,OK,True
KRUSN,2026,16,3EVI5,JOY CHEMIST,석유제품운반선,,,SYN3EVI5_2026_016,SYN-3EVI5_2026_016-2,,O,수출,정박지-E1,액체,케로신,1223,000756,선종(석유제품운반선)·선석 미정·종수가정 2/4,벌크,펌프,TON,27660.2,27660.2,,,30426.2,27660.2,,,울산,,,2026-09-12 23:00:00+00:00,,UPA_SYNTHETIC,IntgCagInfo(SYNTHETIC v4),2026-09-26 06:03:34.870604+00:00,OK,True
KRUSN,2026,17,3EVI5,JOY CHEMIST,석유제품운반선,,,SYN3EVI5_2026_017,SYN-3EVI5_2026_017-1,,I,수입,정박지-E1,액체,케로신,1223,000756,선종(석유제품운반선)·선석 미정·종수가정 1/4,벌크,펌프,TON,23162.7,23162.7,,,25479.0,23162.7,,울산,,,,2026-09-27 00:00:00+00:00,,UPA_SYNTHETIC,IntgCagInfo(SYNTHETIC v4),2026-09-26 06:03:34.870604+00:00,OK,True
KRUSN,2026,2,3EWC8,JIPRO NEFTIS,케미칼운반선,,,SYN3EWC8_2026_002,SYN-3EWC8_2026_002-1,,O,수출,정박지-E1,액체,크실렌,1307,001077,대표화물코드 29·선석 미정·종수가정 2/8,벌크,펌프,TON,11068.6,11068.6,,,12175.5,11068.6,,,울산,,,2026-09-24 11:00:00+00:00,,UPA_SYNTHETIC,IntgCagInfo(SYNTHETIC v4),2026-09-26 06:03:34.884898+00:00,OK,True
KRUSN,2026,2,3EWC8,JIPRO NEFTIS,케미칼운반선,,,SYN3EWC8_2026_002,SYN-3EWC8_2026_002-2,,I,수입,정박지-E1,액체,벤젠,1114,001008,대표화물코드 29·선석 미정·종수가정 2/8,벌크,펌프,TON,17299.1,17299.1,,,19029.0,17299.1,,울산,,,,2026-09-24 11:00:00+00:00,,UPA_SYNTHETIC,IntgCagInfo(SYNTHETIC v4),2026-09-26 06:03:34.884898+00:00,OK,True
KRUSN,2026,36,3FBF6,ANGEL BLUE,석유제품운반선,,,SYN3FBF6_2026_036,SYN-3FBF6_2026_036-1,,O,수출,정박지-E1,액체,가솔린,1203,016420,선종(석유제품운반선)·선석 미정·종수가정 1/4,벌크,펌프,TON,2682.0,2682.0,,,2950.2,2682.0,,,울산,,,2026-09-11 20:00:00+00:00,,UPA_SYNTHETIC,IntgCagInfo(SYNTHETIC v4),2026-09-26 06:03:34.889556+00:00,OK,True
KRUSN,2026,8,3FBS2,BLACK DRAGON,석유제품운반선,,,SYN3FBS2_2026_008,SYN-3FBS2_2026_008-1,,O,수출,SK1부두,액체,석유증류물(기타),1268,001128,선종(석유제품운반선)·선석분류(유류/berth+UPA)·VTS 접안·종수가정 3/4,벌크,펌프,TON,847.0,847.0,,,931.7,847.0,,,울산,,,2026-09-11 22:00:00+00:00,,UPA_SYNTHETIC,IntgCagInfo(SYNTHETIC v4),2026-09-26 06:03:34.893569+00:00,OK,True
KRUSN,2026,8,3FBS2,BLACK DRAGON,석유제품운반선,,,SYN3FBS2_2026_008,SYN-3FBS2_2026_008-2,,I,수입,SK1부두,액체,디젤 연료/경유,1202,000973,선종(석유제품운반선)·선석분류(유류/berth+UPA)·VTS 접안·종수가정 3/4,벌크,펌프,TON,27502.6,27502.6,,,30252.9,27502.6,,울산,,,,2026-09-11 22:00:00+00:00,,UPA_SYNTHETIC,IntgCagInfo(SYNTHETIC v4),2026-09-26 06:03:34.893569+00:00,OK,True
KRUSN,2026,8,3FBS2,BLACK DRAGON,석유제품운반선,,,SYN3FBS2_2026_008,SYN-3FBS2_2026_008-3,,O,수출,SK1부두,액체,가솔린,1203,016420,선종(석유제품운반선)·선석분류(유류/berth+UPA)·VTS 접안·종수가정 3/4,벌크,펌프,TON,13247.4,13247.4,,,14572.1,13247.4,,,울산,,,2026-09-11 22:00:00+00:00,,UPA_SYNTHETIC,IntgCagInfo(SYNTHETIC v4),2026-09-26 06:03:34.893569+00:00,OK,True
KRUSN,2026,12,3FIG4,WINNING ROAD,LPG운반선,,,SYN3FIG4_2026_012,SYN-3FIG4_2026_012-1,,I,수입,정박지-E1,액체,프로페인,1978,015420,선종(LPG운반선)·선석 미정·종수가정 2/2,벌크,펌프,TON,4031.5,4031.5,,,4434.7,4031.5,,울산,,,,2026-09-14 05:00:00+00:00,,UPA_SYNTHETIC,IntgCagInfo(SYNTHETIC v4),2026-09-26 06:03:34.896568+00:00,OK,True
KRUSN,2026,12,3FIG4,WINNING ROAD,LPG운반선,,,SYN3FIG4_2026_012,SYN-3FIG4_2026_012-2,,O,수출,정박지-E1,액체,부탄,1011,000247,선종(LPG운반선)·선석 미정·종수가정 2/2,벌크,펌프,TON,6113.7,6113.7,,,6725.1,6113.7,,,울산,,,2026-09-14 05:00:00+00:00,,UPA_SYNTHETIC,IntgCagInfo(SYNTHETIC v4),2026-09-26 06:03:34.896568+00:00,OK,True
KRUSN,2026,40,3FLI8,BLUE KINGDOM,석유제품운반선,,,SYN3FLI8_2026_040,SYN-3FLI8_2026_040-1,,I,수입,정박지-M6,액체,석유증류물(기타),1268,001128,선종(석유제품운반선)·선석 미정·종수가정 3/4,벌크,펌프,TON,22622.8,22622.8,,,24885.1,22622.8,,울산,,,,2026-09-27 19:00:00+00:00,,UPA_SYNTHETIC,IntgCagInfo(SYNTHETIC v4),2026-09-26 06:03:34.898563+00:00,OK,True
KRUSN,2026,40,3FLI8,BLUE KINGDOM,석유제품운반선,,,SYN3FLI8_2026_040,SYN-3FLI8_2026_040-2,,I,수입,정박지-M6,액체,가솔린,1203,016420,선종(석유제품운반선)·선석 미정·종수가정 3/4,벌크,펌프,TON,6178.6,6178.6,,,6796.5,6178.6,,울산,,,,2026-09-27 19:00:00+00:00,,UPA_SYNTHETIC,IntgCagInfo(SYNTHETIC v4),2026-09-26 06:03:34.898563+00:00,OK,True
KRUSN,2026,40,3FLI8,BLUE KINGDOM,석유제품운반선,,,SYN3FLI8_2026_040,SYN-3FLI8_2026_040-3,,I,수입,정박지-M6,액체,케로신,1223,000756,선종(석유제품운반선)·선석 미정·종수가정 3/4,벌크,펌프,TON,26695.2,26695.2,,,29364.7,26695.2,,울산,,,,2026-09-27 19:00:00+00:00,,UPA_SYNTHETIC,IntgCagInfo(SYNTHETIC v4),2026-09-26 06:03:34.898563+00:00,OK,True
KRUSN,2026,1,3FLT5,MUSANAH,LPG운반선,,,SYN3FLT5_2026_001,SYN-3FLT5_2026_001-1,,O,수출,북신항 에너지부두04,액체,부탄,1011,000247,선종(LPG운반선)·선석 미정·종수가정 2/2,벌크,펌프,TON,8266.5,8266.5,,,9093.2,8266.5,,,울산,,,2026-09-13 07:00:00+00:00,,UPA_SYNTHETIC,IntgCagInfo(SYNTHETIC v4),2026-09-26 06:03:34.900559+00:00,OK,True
KRUSN,2026,1,3FLT5,MUSANAH,LPG운반선,,,SYN3FLT5_2026_001,SYN-3FLT5_2026_001-2,,I,수입,북신항 에너지부두04,액체,프로페인,1978,015420,선종(LPG운반선)·선석 미정·종수가정 2/2,벌크,펌프,TON,19157.3,19157.3,,,21073.0,19157.3,,울산,,,,2026-09-13 07:00:00+00:00,,UPA_SYNTHETIC,IntgCagInfo(SYNTHETIC v4),2026-09-26 06:03:34.900559+00:00,OK,True
KRUSN,2026,9,3FSA6,SUN ORION,석유제품운반선,,,SYN3FSA6_2026_009,SYN-3FSA6_2026_009-1,,I,수입,정박지-E1,액체,크실렌,1307,001077,대표화물코드 29·선석 미정·종수가정 1/6,벌크,펌프,TON,22341.6,22341.6,,,24575.8,22341.6,,울산,,,,2026-09-24 10:00:00+00:00,,UPA_SYNTHETIC,IntgCagInfo(SYNTHETIC v4),2026-09-26 06:03:34.904564+00:00,OK,True
KRUSN,2026,4,3FSE8,C.GALAXY,원유운반선,,,SYN3FSE8_2026_004,SYN-3FSE8_2026_004-1,,I,수입,SK2부이,액체,원유,1267,000751,대표화물코드 27·선석분류(원유/berth+UPA)·PORT-MIS 선석·종수가정 1/1,벌크,펌프,TON,24338.3,24338.3,,,26772.1,24338.3,,울산,,,,2026-09-25 23:00:00+00:00,,UPA_SYNTHETIC,IntgCagInfo(SYNTHETIC v4),2026-09-26 06:03:34.907562+00:00,OK,True
KRUSN,2026,3,3FSS3,MH SAKURA,LPG운반선,,,SYN3FSS3_2026_003,SYN-3FSS3_2026_003-1,,I,수입,정박지-E1,액체,부탄,1011,000247,선종(LPG운반선)·선석 미정·종수가정 1/2,벌크,펌프,TON,26852.6,26852.6,,,29537.9,26852.6,,울산,,,,2026-09-20 03:00:00+00:00,,UPA_SYNTHETIC,IntgCagInfo(SYNTHETIC v4),2026-09-26 06:03:34.910790+00:00,OK,True
KRUSN,2026,8,3FTH3,BUENA LUNA,LPG운반선,,,SYN3FTH3_2026_008,SYN-3FTH3_2026_008-1,,O,수출,정박지-E1,액체,부탄,1011,000247,선종(LPG운반선)·선석 미정·종수가정 1/2,벌크,펌프,TON,9436.6,9436.6,,,10380.3,9436.6,,,울산,,,2026-09-27 03:00:00+00:00,,UPA_SYNTHETIC,IntgCagInfo(SYNTHETIC v4),2026-09-26 06:03:34.913546+00:00,OK,True
KRUSN,2026,4,3FWS8,CRANE ARIEL,케미칼운반선,,,SYN3FWS8_2026_004,SYN-3FWS8_2026_004-1,,I,수입,정박지-E1,액체,메탄올,1230,001151,선종(케미칼운반선)·선석 미정·종수가정 5/8,벌크,펌프,TON,19124.2,19124.2,,,21036.6,19124.2,,울산,,,,2026-09-20 09:00:00+00:00,,UPA_SYNTHETIC,IntgCagInfo(SYNTHETIC v4),2026-09-26 06:03:34.917073+00:00,OK,True
KRUSN,2026,4,3FWS8,CRANE ARIEL,케미칼운반선,,,SYN3FWS8_2026_004,SYN-3FWS8_2026_004-2,,O,수출,정박지-E1,액체,벤젠,1114,001008,선종(케미칼운반선)·선석 미정·종수가정 5/8,벌크,펌프,TON,27293.4,27293.4,,,30022.7,27293.4,,,울산,,,2026-09-20 09:00:00+00:00,,UPA_SYNTHETIC,IntgCagInfo(SYNTHETIC v4),2026-09-26 06:03:34.917073+00:00,OK,True
KRUSN,2026,4,3FWS8,CRANE ARIEL,케미칼운반선,,,SYN3FWS8_2026_004,SYN-3FWS8_2026_004-3,,O,수출,정박지-E1,액체,톨루엔,1294,001032,선종(케미칼운반선)·선석 미정·종수가정 5/8,벌크,펌프,TON,29018.1,29018.1,,,31919.9,29018.1,,,울산,,,2026-09-20 09:00:00+00:00,,UPA_SYNTHETIC,IntgCagInfo(SYNTHETIC v4),2026-09-26 06:03:34.917073+00:00,OK,True
KRUSN,2026,4,3FWS8,CRANE ARIEL,케미칼운반선,,,SYN3FWS8_2026_004,SYN-3FWS8_2026_004-4,,O,수출,정박지-E1,액체,테트라하이드로푸란,2056,001041,선종(케미칼운반선)·선석 미정·종수가정 5/8,벌크,펌프,TON,23562.3,23562.3,,,25918.5,23562.3,,,울산,,,2026-09-20 09:00:00+00:00,,UPA_SYNTHETIC,IntgCagInfo(SYNTHETIC v4),2026-09-26 06:03:34.917073+00:00,OK,True
KRUSN,2026,4,3FWS8,CRANE ARIEL,케미칼운반선,,,SYN3FWS8_2026_004,SYN-3FWS8_2026_004-5,,O,수출,정박지-E1,액체,"1,2-에폭시프로판(산화프로필렌)",1280,001162,선종(케미칼운반선)·선석 미정·종수가정 5/8,벌크,펌프,TON,20626.4,20626.4,,,22689.0,20626.4,,,울산,,,2026-09-20 09:00:00+00:00,,UPA_SYNTHETIC,IntgCagInfo(SYNTHETIC v4),2026-09-26 06:03:34.917073+00:00,OK,True
KRUSN,2026,3,3FXJ6,GINGA ENDURANCE,석유제품운반선,,,SYN3FXJ6_2026_003,SYN-3FXJ6_2026_003-1,,I,수입,S-Oil 4부두,액체,물질 미특정,,,선종(석유제품운반선)·선석분류(액체화학/berth+UPA)·VTS 접안·물질 미특정,벌크,펌프,TON,4452.0,4452.0,,,4897.2,4452.0,,울산,,,,2026-09-12 06:00:00+00:00,,UPA_SYNTHETIC,IntgCagInfo(SYNTHETIC v4),2026-09-26 06:03:34.920691+00:00,UNSPECIFIED_SUBSTANCE,True
KRUSN,2026,13,3FXP5,BUENA SUERTE,LPG운반선,,,SYN3FXP5_2026_013,SYN-3FXP5_2026_013-1,,I,수입,대한유화부두,액체,물질 미특정,,,대표화물코드 27·선석분류(액체화학·유류/berth+UPA)·PORT-MIS 선석·물질 미특정,벌크,펌프,TON,25710.4,25710.4,,,28281.4,25710.4,,울산,,,,2026-09-26 07:30:00+00:00,,UPA_SYNTHETIC,IntgCagInfo(SYNTHETIC v4),2026-09-26 06:03:34.923071+00:00,UNSPECIFIED_SUBSTANCE,True
KRUSN,2026,2,5LEU7,AYAME,케미칼운반선,,,SYN5LEU7_2026_002,SYN-5LEU7_2026_002-1,,O,수출,정박지-E2,액체,케로신,1223,000756,대표화물코드 27·선석 미정·종수가정 4/8,벌크,펌프,TON,26385.4,26385.4,,,29023.9,26385.4,,,울산,,,2026-09-20 09:00:00+00:00,,UPA_SYNTHETIC,IntgCagInfo(SYNTHETIC v4),2026-09-26 06:03:34.925231+00:00,OK,True
KRUSN,2026,2,5LEU7,AYAME,케미칼운반선,,,SYN5LEU7_2026_002,SYN-5LEU7_2026_002-2,,O,수출,정박지-E2,액체,크실렌,1307,001077,대표화물코드 27·선석 미정·종수가정 4/8,벌크,펌프,TON,16439.0,16439.0,,,18082.9,16439.0,,,울산,,,2026-09-20 09:00:00+00:00,,UPA_SYNTHETIC,IntgCagInfo(SYNTHETIC v4),2026-09-26 06:03:34.925231+00:00,OK,True
KRUSN,2026,2,5LEU7,AYAME,케미칼운반선,,,SYN5LEU7_2026_002,SYN-5LEU7_2026_002-3,,O,수출,정박지-E2,액체,석유증류물(기타),1268,001128,대표화물코드 27·선석 미정·종수가정 4/8,벌크,펌프,TON,13526.7,13526.7,,,14879.4,13526.7,,,울산,,,2026-09-20 09:00:00+00:00,,UPA_SYNTHETIC,IntgCagInfo(SYNTHETIC v4),2026-09-26 06:03:34.925231+00:00,OK,True
KRUSN,2026,2,5LEU7,AYAME,케미칼운반선,,,SYN5LEU7_2026_002,SYN-5LEU7_2026_002-4,,O,수출,정박지-E2,액체,벤젠,1114,001008,대표화물코드 27·선석 미정·종수가정 4/8,벌크,펌프,TON,23301.2,23301.2,,,25631.3,23301.2,,,울산,,,2026-09-20 09:00:00+00:00,,UPA_SYNTHETIC,IntgCagInfo(SYNTHETIC v4),2026-09-26 06:03:34.925231+00:00,OK,True
KRUSN,2026,1,5LFW6,ALEXANDROS,원유운반선,,,SYN5LFW6_2026_001,SYN-5LFW6_2026_001-1,,O,수출,S-Oil부이,액체,원유,1267,000751,대표화물코드 27·선석분류(원유/UPA)·PORT-MIS 선석·종수가정 1/1,벌크,펌프,TON,6952.0,6952.0,,,7647.2,6952.0,,,울산,,,2026-09-28 00:30:00+00:00,,UPA_SYNTHETIC,IntgCagInfo(SYNTHETIC v4),2026-09-26 06:03:34.929108+00:00,OK,True
KRUSN,2026,7,5LJR5,BLUE WHALE,LNG운반선,,,SYN5LJR5_2026_007,SYN-5LJR5_2026_007-1,,I,수입,자동차부두,액체,프로필렌,1077,002524,대표화물코드 27·선석조건 없음·PORT-MIS 선석·종수가정 1/1,벌크,펌프,TON,21128.6,21128.6,,,23241.5,21128.6,,울산,,,,2026-09-25 00:00:00+00:00,,UPA_SYNTHETIC,IntgCagInfo(SYNTHETIC v4),2026-09-26 06:03:34.932668+00:00,OK,True
KRUSN,2026,1,5LKU8,COURAGE,석유제품운반선,,,SYN5LKU8_2026_001,SYN-5LKU8_2026_001-1,,I,수입,정박지-E2,액체,케로신,1223,000756,선종(석유제품운반선)·선석 미정·종수가정 2/4,벌크,펌프,TON,3481.5,3481.5,,,3829.7,3481.5,,울산,,,,2026-09-26 07:00:00+00:00,,UPA_SYNTHETIC,IntgCagInfo(SYNTHETIC v4),2026-09-26 06:03:34.938414+00:00,OK,True
KRUSN,2026,1,5LKU8,COURAGE,석유제품운반선,,,SYN5LKU8_2026_001,SYN-5LKU8_2026_001-2,,O,수출,정박지-E2,액체,석유증류물(기타),1268,001128,선종(석유제품운반선)·선석 미정·종수가정 2/4,벌크,펌프,TON,24571.7,24571.7,,,27028.9,24571.7,,,울산,,,2026-09-26 07:00:00+00:00,,UPA_SYNTHETIC,IntgCagInfo(SYNTHETIC v4),2026-09-26 06:03:34.938414+00:00,OK,True
KRUSN,2026,2,5LON4,EVER VIGOROUS,석유제품운반선,,,SYN5LON4_2026_002,SYN-5LON4_2026_002-1,,O,수출,UTT부두,액체,물질 미특정,,,선종(석유제품운반선)·터미널 취급품목(TAEYOUNG)·PORT-MIS 선석·물질 미특정,벌크,펌프,TON,27978.5,27978.5,,,30776.4,27978.5,,,울산,,,2026-09-20 22:00:00+00:00,,UPA_SYNTHETIC,IntgCagInfo(SYNTHETIC v4),2026-09-26 06:03:34.941350+00:00,UNSPECIFIED_SUBSTANCE,True
KRUSN,2026,3,5LON4,EVER VIGOROUS,석유제품운반선,,,SYN5LON4_2026_003,SYN-5LON4_2026_003-1,,O,수출,정박지-E2,액체,가솔린,1203,016420,선종(석유제품운반선)·선석 미정·종수가정 4/4,벌크,펌프,TON,12790.0,12790.0,,,14069.0,12790.0,,,울산,,,2026-09-22 06:00:00+00:00,,UPA_SYNTHETIC,IntgCagInfo(SYNTHETIC v4),2026-09-26 06:03:34.941350+00:00,OK,True
KRUSN,2026,3,5LON4,EVER VIGOROUS,석유제품운반선,,,SYN5LON4_2026_003,SYN-5LON4_2026_003-2,,O,수출,정박지-E2,액체,디젤 연료/경유,1202,000973,선종(석유제품운반선)·선석 미정·종수가정 4/4,벌크,펌프,TON,2514.8,2514.8,,,2766.3,2514.8,,,울산,,,2026-09-22 06:00:00+00:00,,UPA_SYNTHETIC,IntgCagInfo(SYNTHETIC v4),2026-09-26 06:03:34.941350+00:00,OK,True
KRUSN,2026,3,5LON4,EVER VIGOROUS,석유제품운반선,,,SYN5LON4_2026_003,SYN-5LON4_2026_003-3,,I,수입,정박지-E2,액체,석유증류물(기타),1268,001128,선종(석유제품운반선)·선석 미정·종수가정 4/4,벌크,펌프,TON,15586.7,15586.7,,,17145.4,15586.7,,울산,,,,2026-09-22 06:00:00+00:00,,UPA_SYNTHETIC,IntgCagInfo(SYNTHETIC v4),2026-09-26 06:03:34.941350+00:00,OK,True
KRUSN,2026,3,5LON4,EVER VIGOROUS,석유제품운반선,,,SYN5LON4_2026_003,SYN-5LON4_2026_003-4,,I,수입,정박지-E2,액체,케로신,1223,000756,선종(석유제품운반선)·선석 미정·종수가정 4/4,벌크,펌프,TON,7496.3,7496.3,,,8245.9,7496.3,,울산,,,,2026-09-22 06:00:00+00:00,,UPA_SYNTHETIC,IntgCagInfo(SYNTHETIC v4),2026-09-26 06:03:34.941350+00:00,OK,True
KRUSN,2026,2,5LPG3,HANYU FREESIA,케미칼운반선,,,SYN5LPG3_2026_002,SYN-5LPG3_2026_002-1,,O,수출,UTK부두,액체,톨루엔,1294,001032,선종(케미칼운반선)·터미널 취급품목(UTK)·PORT-MIS 선석·종수가정 1/2,벌크,펌프,TON,6458.5,6458.5,,,7104.4,6458.5,,,울산,,,2026-09-20 13:00:00+00:00,,UPA_SYNTHETIC,IntgCagInfo(SYNTHETIC v4),2026-09-26 06:03:34.989285+00:00,OK,True
KRUSN,2026,2,5LQC9,EASTERN TRITON,케미칼운반선,,,SYN5LQC9_2026_002,SYN-5LQC9_2026_002-1,,O,수출,정박지-E1,액체,크실렌,1307,001077,선종(케미칼운반선)·선석 미정·종수가정 8/8,벌크,펌프,TON,4812.9,4812.9,,,5294.2,4812.9,,,울산,,,2026-09-24 00:00:00+00:00,,UPA_SYNTHETIC,IntgCagInfo(SYNTHETIC v4),2026-09-26 06:03:34.992281+00:00,OK,True
KRUSN,2026,2,5LQC9,EASTERN TRITON,케미칼운반선,,,SYN5LQC9_2026_002,SYN-5LQC9_2026_002-2,,I,수입,정박지-E1,액체,벤젠,1114,001008,선종(케미칼운반선)·선석 미정·종수가정 8/8,벌크,펌프,TON,20990.1,20990.1,,,23089.1,20990.1,,울산,,,,2026-09-24 00:00:00+00:00,,UPA_SYNTHETIC,IntgCagInfo(SYNTHETIC v4),2026-09-26 06:03:34.992281+00:00,OK,True
KRUSN,2026,2,5LQC9,EASTERN TRITON,케미칼운반선,,,SYN5LQC9_2026_002,SYN-5LQC9_2026_002-3,,I,수입,정박지-E1,액체,메탄올,1230,001151,선종(케미칼운반선)·선석 미정·종수가정 8/8,벌크,펌프,TON,4658.9,4658.9,,,5124.8,4658.9,,울산,,,,2026-09-24 00:00:00+00:00,,UPA_SYNTHETIC,IntgCagInfo(SYNTHETIC v4),2026-09-26 06:03:34.992281+00:00,OK,True
KRUSN,2026,2,5LQC9,EASTERN TRITON,케미칼운반선,,,SYN5LQC9_2026_002,SYN-5LQC9_2026_002-4,,O,수출,정박지-E1,액체,아크릴로니트릴(안정화),1093,001143,선종(케미칼운반선)·선석 미정·종수가정 8/8,벌크,펌프,TON,25381.9,25381.9,,,27920.1,25381.9,,,울산,,,2026-09-24 00:00:00+00:00,,UPA_SYNTHETIC,IntgCagInfo(SYNTHETIC v4),2026-09-26 06:03:34.992281+00:00,OK,True
KRUSN,2026,2,5LQC9,EASTERN TRITON,케미칼운반선,,,SYN5LQC9_2026_002,SYN-5LQC9_2026_002-5,,O,수출,정박지-E1,액체,테트라하이드로푸란,2056,001041,선종(케미칼운반선)·선석 미정·종수가정 8/8,벌크,펌프,TON,6603.7,6603.7,,,7264.1,6603.7,,,울산,,,2026-09-24 00:00:00+00:00,,UPA_SYNTHETIC,IntgCagInfo(SYNTHETIC v4),2026-09-26 06:03:34.993279+00:00,OK,True
KRUSN,2026,2,5LQC9,EASTERN TRITON,케미칼운반선,,,SYN5LQC9_2026_002,SYN-5LQC9_2026_002-6,,O,수출,정박지-E1,액체,톨루엔,1294,001032,선종(케미칼운반선)·선석 미정·종수가정 8/8,벌크,펌프,TON,29841.7,29841.7,,,32825.9,29841.7,,,울산,,,2026-09-24 00:00:00+00:00,,UPA_SYNTHETIC,IntgCagInfo(SYNTHETIC v4),2026-09-26 06:03:34.993279+00:00,OK,True
KRUSN,2026,2,5LQC9,EASTERN TRITON,케미칼운반선,,,SYN5LQC9_2026_002,SYN-5LQC9_2026_002-7,,I,수입,정박지-E1,액체,스티렌 모노머(안정화),2055,001027,선종(케미칼운반선)·선석 미정·종수가정 8/8,벌크,펌프,TON,6506.8,6506.8,,,7157.5,6506.8,,울산,,,,2026-09-24 00:00:00+00:00,,UPA_SYNTHETIC,IntgCagInfo(SYNTHETIC v4),2026-09-26 06:03:34.993279+00:00,OK,True
KRUSN,2026,2,5LQC9,EASTERN TRITON,케미칼운반선,,,SYN5LQC9_2026_002,SYN-5LQC9_2026_002-8,,I,수입,정박지-E1,액체,"1,2-에폭시프로판(산화프로필렌)",1280,001162,선종(케미칼운반선)·선석 미정·종수가정 8/8,벌크,펌프,TON,3355.9,3355.9,,,3691.5,3355.9,,울산,,,,2026-09-24 00:00:00+00:00,,UPA_SYNTHETIC,IntgCagInfo(SYNTHETIC v4),2026-09-26 06:03:34.994285+00:00,OK,True
KRUSN,2026,2,5LRB4,ATLANTIC TOPAZ,석유제품운반선,,,SYN5LRB4_2026_002,SYN-5LRB4_2026_002-1,,O,수출,SK3부이,액체,원유,1267,000751,대표화물코드 27·선석분류(원유/berth+UPA)·PORT-MIS 선석·종수가정 1/1,벌크,펌프,TON,9557.1,9557.1,,,10512.8,9557.1,,,울산,,,2026-09-26 05:00:00+00:00,,UPA_SYNTHETIC,IntgCagInfo(SYNTHETIC v4),2026-09-26 06:03:34.998196+00:00,OK,True
KRUSN,2026,2,5LUR8,CIELO DI CAGLIARI,원유운반선,,,SYN5LUR8_2026_002,SYN-5LUR8_2026_002-1,,I,수입,정박지-E3,액체,원유,1267,000751,선종(원유운반선)·선석 미정·종수가정 1/1,벌크,펌프,TON,28863.7,28863.7,,,31750.1,28863.7,,울산,,,,2026-09-29 03:00:00+00:00,,UPA_SYNTHETIC,IntgCagInfo(SYNTHETIC v4),2026-09-26 06:03:35.000759+00:00,OK,True
KRUSN,2026,1,5LXH6,CHEMROAD KAIA,케미칼운반선,,,SYN5LXH6_2026_001,SYN-5LXH6_2026_001-1,,O,수출,정박지-E2,액체,황산(51% 초과),1830,001049,대표화물코드 28·선석 미정·종수가정 1/1,벌크,펌프,TON,15523.6,15523.6,,,17076.0,15523.6,,,울산,,,2026-09-28 09:00:00+00:00,,UPA_SYNTHETIC,IntgCagInfo(SYNTHETIC v4),2026-09-26 06:03:35.003747+00:00,OK,True
KRUSN,2026,2,5LXQ3,STOLT CALLUNA,석유제품운반선,,,SYN5LXQ3_2026_002,SYN-5LXQ3_2026_002-1,,O,수출,4부두,액체,물질 미특정,,,선종(석유제품운반선)·선석분류(액체화학/berth+UPA)·PORT-MIS 선석·물질 미특정,벌크,펌프,TON,1399.1,1399.1,,,1539.0,1399.1,,,울산,,,2026-09-11 23:25:00+00:00,,UPA_SYNTHETIC,IntgCagInfo(SYNTHETIC v4),2026-09-26 06:03:35.006762+00:00,UNSPECIFIED_SUBSTANCE,True
KRUSN,2026,3,5LXQ3,STOLT CALLUNA,석유제품운반선,,,SYN5LXQ3_2026_003,SYN-5LXQ3_2026_003-1,,I,수입,정박지-E1,액체,석유증류물(기타),1268,001128,선종(석유제품운반선)·선석 미정·종수가정 1/4,벌크,펌프,TON,12746.8,12746.8,,,14021.5,12746.8,,울산,,,,2026-09-25 07:00:00+00:00,,UPA_SYNTHETIC,IntgCagInfo(SYNTHETIC v4),2026-09-26 06:03:35.010762+00:00,OK,True
KRUSN,2026,16,7JQC,RYOUMEI MARU,석유제품운반선,,,SYN7JQC_2026_016,SYN-7JQC_2026_016-1,,O,수출,정박지-M1,액체,케로신,1223,000756,선종(석유제품운반선)·선석 미정·종수가정 4/4,벌크,펌프,TON,26702.5,26702.5,,,29372.8,26702.5,,,울산,,,2026-09-24 02:00:00+00:00,,UPA_SYNTHETIC,IntgCagInfo(SYNTHETIC v4),2026-09-26 06:03:35.014765+00:00,OK,True
KRUSN,2026,16,7JQC,RYOUMEI MARU,석유제품운반선,,,SYN7JQC_2026_016,SYN-7JQC_2026_016-2,,I,수입,정박지-M1,액체,디젤 연료/경유,1202,000973,선종(석유제품운반선)·선석 미정·종수가정 4/4,벌크,펌프,TON,3539.8,3539.8,,,3893.8,3539.8,,울산,,,,2026-09-24 02:00:00+00:00,,UPA_SYNTHETIC,IntgCagInfo(SYNTHETIC v4),2026-09-26 06:03:35.014765+00:00,OK,True
KRUSN,2026,16,7JQC,RYOUMEI MARU,석유제품운반선,,,SYN7JQC_2026_016,SYN-7JQC_2026_016-3,,I,수입,정박지-M1,액체,석유증류물(기타),1268,001128,선종(석유제품운반선)·선석 미정·종수가정 4/4,벌크,펌프,TON,9671.5,9671.5,,,10638.7,9671.5,,울산,,,,2026-09-24 02:00:00+00:00,,UPA_SYNTHETIC,IntgCagInfo(SYNTHETIC v4),2026-09-26 06:03:35.015760+00:00,OK,True
KRUSN,2026,16,7JQC,RYOUMEI MARU,석유제품운반선,,,SYN7JQC_2026_016,SYN-7JQC_2026_016-4,,I,수입,정박지-M1,액체,가솔린,1203,016420,선종(석유제품운반선)·선석 미정·종수가정 4/4,벌크,펌프,TON,6816.8,6816.8,,,7498.5,6816.8,,울산,,,,2026-09-24 02:00:00+00:00,,UPA_SYNTHETIC,IntgCagInfo(SYNTHETIC v4),2026-09-26 06:03:35.015760+00:00,OK,True
KRUSN,2026,34,7JQW,ZUIHO MARU,LPG운반선,,,SYN7JQW_2026_034,SYN-7JQW_2026_034-1,,O,수출,대한유화부두,액체,물질 미특정,,,선종(LPG운반선)·선석분류(액체화학·유류/berth+UPA)·PORT-MIS 선석·물질 미특정,벌크,펌프,TON,1309.3,1309.3,,,1440.2,1309.3,,,울산,,,2026-09-25 06:00:00+00:00,,UPA_SYNTHETIC,IntgCagInfo(SYNTHETIC v4),2026-09-26 06:03:35.018761+00:00,UNSPECIFIED_SUBSTANCE,True
KRUSN,2026,1,8PTP,RED COMET,석유제품운반선,,,SYN8PTP_2026_001,SYN-8PTP_2026_001-1,,I,수입,정박지-E2,액체,석유증류물(기타),1268,001128,대표화물코드 27·선석 미정·종수가정 5/6,벌크,펌프,TON,21924.4,21924.4,,,24116.8,21924.4,,울산,,,,2026-09-25 02:00:00+00:00,,UPA_SYNTHETIC,IntgCagInfo(SYNTHETIC v4),2026-09-26 06:03:35.021306+00:00,OK,True
KRUSN,2026,1,8PTP,RED COMET,석유제품운반선,,,SYN8PTP_2026_001,SYN-8PTP_2026_001-2,,O,수출,정박지-E2,액체,케로신,1223,000756,대표화물코드 27·선석 미정·종수가정 5/6,벌크,펌프,TON,5855.1,5855.1,,,6440.6,5855.1,,,울산,,,2026-09-25 02:00:00+00:00,,UPA_SYNTHETIC,IntgCagInfo(SYNTHETIC v4),2026-09-26 06:03:35.021306+00:00,OK,True
KRUSN,2026,1,8PTP,RED COMET,석유제품운반선,,,SYN8PTP_2026_001,SYN-8PTP_2026_001-3,,I,수입,정박지-E2,액체,벤젠,1114,001008,대표화물코드 27·선석 미정·종수가정 5/6,벌크,펌프,TON,4305.2,4305.2,,,4735.7,4305.2,,울산,,,,2026-09-25 02:00:00+00:00,,UPA_SYNTHETIC,IntgCagInfo(SYNTHETIC v4),2026-09-26 06:03:35.021306+00:00,OK,True
KRUSN,2026,1,8PTP,RED COMET,석유제품운반선,,,SYN8PTP_2026_001,SYN-8PTP_2026_001-4,,O,수출,정박지-E2,액체,톨루엔,1294,001032,대표화물코드 27·선석 미정·종수가정 5/6,벌크,펌프,TON,14233.9,14233.9,,,15657.3,14233.9,,,울산,,,2026-09-25 02:00:00+00:00,,UPA_SYNTHETIC,IntgCagInfo(SYNTHETIC v4),2026-09-26 06:03:35.021306+00:00,OK,True
KRUSN,2026,1,8PTP,RED COMET,석유제품운반선,,,SYN8PTP_2026_001,SYN-8PTP_2026_001-5,,I,수입,정박지-E2,액체,원유,1267,000751,대표화물코드 27·선석 미정·종수가정 5/6,벌크,펌프,TON,11010.4,11010.4,,,12111.4,11010.4,,울산,,,,2026-09-25 02:00:00+00:00,,UPA_SYNTHETIC,IntgCagInfo(SYNTHETIC v4),2026-09-26 06:03:35.021306+00:00,OK,True
KRUSN,2026,28,912KG,케이티에스 골드,케미칼운반선,,,SYN912KG_2026_028,SYN-912KG_2026_028-1,,I,수입,정박지-E1,액체,크실렌,1307,001077,선종(케미칼운반선)·선석 미정·종수가정 1/8,벌크,펌프,TON,16494.8,16494.8,,,18144.3,16494.8,,울산,,,,2026-09-25 08:00:00+00:00,,UPA_SYNTHETIC,IntgCagInfo(SYNTHETIC v4),2026-09-26 06:03:35.023304+00:00,OK,True
KRUSN,2026,2,9HA4337,PANTANASSA,원유운반선,,,SYN9HA4337_2026_002,SYN-9HA4337_2026_002-1,,I,수입,S-Oil부이,액체,원유,1267,000751,선종(원유운반선)·선석분류(원유/UPA)·PORT-MIS 선석·종수가정 1/1,벌크,펌프,TON,6784.6,6784.6,,,7463.1,6784.6,,울산,,,,2026-09-14 06:30:00+00:00,,UPA_SYNTHETIC,IntgCagInfo(SYNTHETIC v4),2026-09-26 06:03:35.024302+00:00,OK,True
KRUSN,2026,1,9HA6645,MINERVA ALKISTIS,석유제품운반선,,,SYN9HA6645_2026_001,SYN-9HA6645_2026_001-1,,O,수출,정박지-E3,액체,가솔린,1203,016420,선종(석유제품운반선)·선석 미정·종수가정 1/4,벌크,펌프,TON,17771.7,17771.7,,,19548.9,17771.7,,,울산,,,2026-09-23 23:00:00+00:00,,UPA_SYNTHETIC,IntgCagInfo(SYNTHETIC v4),2026-09-26 06:03:35.028294+00:00,OK,True
KRUSN,2026,8,9HPO9,CESTENI,케미칼운반선,,,SYN9HPO9_2026_008,SYN-9HPO9_2026_008-1,,O,수출,6부두,액체,크실렌,1307,001077,대표화물코드 29·선석분류(액체화학/UPA)·PORT-MIS 선석·종수가정 5/8,벌크,펌프,TON,2622.6,2622.6,,,2884.9,2622.6,,,울산,,,2026-09-25 04:00:00+00:00,,UPA_SYNTHETIC,IntgCagInfo(SYNTHETIC v4),2026-09-26 06:03:35.031300+00:00,OK,True
KRUSN,2026,8,9HPO9,CESTENI,케미칼운반선,,,SYN9HPO9_2026_008,SYN-9HPO9_2026_008-2,,O,수출,6부두,액체,테트라하이드로푸란,2056,001041,대표화물코드 29·선석분류(액체화학/UPA)·PORT-MIS 선석·종수가정 5/8,벌크,펌프,TON,2942.0,2942.0,,,3236.2,2942.0,,,울산,,,2026-09-25 04:00:00+00:00,,UPA_SYNTHETIC,IntgCagInfo(SYNTHETIC v4),2026-09-26 06:03:35.031300+00:00,OK,True
KRUSN,2026,8,9HPO9,CESTENI,케미칼운반선,,,SYN9HPO9_2026_008,SYN-9HPO9_2026_008-3,,I,수입,6부두,액체,메탄올,1230,001151,대표화물코드 29·선석분류(액체화학/UPA)·PORT-MIS 선석·종수가정 5/8,벌크,펌프,TON,16347.2,16347.2,,,17981.9,16347.2,,울산,,,,2026-09-25 04:00:00+00:00,,UPA_SYNTHETIC,IntgCagInfo(SYNTHETIC v4),2026-09-26 06:03:35.032294+00:00,OK,True
KRUSN,2026,8,9HPO9,CESTENI,케미칼운반선,,,SYN9HPO9_2026_008,SYN-9HPO9_2026_008-4,,O,수출,6부두,액체,톨루엔,1294,001032,대표화물코드 29·선석분류(액체화학/UPA)·PORT-MIS 선석·종수가정 5/8,벌크,펌프,TON,8922.6,8922.6,,,9814.9,8922.6,,,울산,,,2026-09-25 04:00:00+00:00,,UPA_SYNTHETIC,IntgCagInfo(SYNTHETIC v4),2026-09-26 06:03:35.032294+00:00,OK,True
KRUSN,2026,1,9V6324,PELICAN PACIFIC,원유운반선,,,SYN9V6324_2026_001,SYN-9V6324_2026_001-1,,I,수입,정박지-E2,액체,가솔린,1203,016420,대표화물코드 27·선석 미정·종수가정 2/3,벌크,펌프,TON,2926.2,2926.2,,,3218.8,2926.2,,울산,,,,2026-09-23 11:00:00+00:00,,UPA_SYNTHETIC,IntgCagInfo(SYNTHETIC v4),2026-09-26 06:03:35.050302+00:00,OK,True
KRUSN,2026,8,9HPO9,CESTENI,케미칼운반선,,,SYN9HPO9_2026_008,SYN-9HPO9_2026_008-5,,O,수출,6부두,액체,"1,2-에폭시프로판(산화프로필렌)",1280,001162,대표화물코드 29·선석분류(액체화학/UPA)·PORT-MIS 선석·종수가정 5/8,벌크,펌프,TON,25708.2,25708.2,,,28279.0,25708.2,,,울산,,,2026-09-25 04:00:00+00:00,,UPA_SYNTHETIC,IntgCagInfo(SYNTHETIC v4),2026-09-26 06:03:35.032294+00:00,OK,True
KRUSN,2026,10,9V2088,BUENA FORTUNA,LPG운반선,,,SYN9V2088_2026_010,SYN-9V2088_2026_010-1,,O,수출,대한유화부두,액체,물질 미특정,,,대표화물코드 27·선석분류(액체화학·유류/berth+UPA)·PORT-MIS 선석·물질 미특정,벌크,펌프,TON,24811.9,24811.9,,,27293.1,24811.9,,,울산,,,2026-09-29 05:00:00+00:00,,UPA_SYNTHETIC,IntgCagInfo(SYNTHETIC v4),2026-09-26 06:03:35.034309+00:00,UNSPECIFIED_SUBSTANCE,True
KRUSN,2026,1,9V2824,MARITIME MERIDIAN,석유제품운반선,,,SYN9V2824_2026_001,SYN-9V2824_2026_001-1,,O,수출,정박지-E3,액체,가솔린,1203,016420,선종(석유제품운반선)·선석 미정·종수가정 4/4,벌크,펌프,TON,5311.0,5311.0,,,5842.1,5311.0,,,울산,,,2026-09-12 07:00:00+00:00,,UPA_SYNTHETIC,IntgCagInfo(SYNTHETIC v4),2026-09-26 06:03:35.036297+00:00,OK,True
KRUSN,2026,1,9V2824,MARITIME MERIDIAN,석유제품운반선,,,SYN9V2824_2026_001,SYN-9V2824_2026_001-2,,I,수입,정박지-E3,액체,케로신,1223,000756,선종(석유제품운반선)·선석 미정·종수가정 4/4,벌크,펌프,TON,11788.3,11788.3,,,12967.1,11788.3,,울산,,,,2026-09-12 07:00:00+00:00,,UPA_SYNTHETIC,IntgCagInfo(SYNTHETIC v4),2026-09-26 06:03:35.036297+00:00,OK,True
KRUSN,2026,1,9V2824,MARITIME MERIDIAN,석유제품운반선,,,SYN9V2824_2026_001,SYN-9V2824_2026_001-3,,I,수입,정박지-E3,액체,디젤 연료/경유,1202,000973,선종(석유제품운반선)·선석 미정·종수가정 4/4,벌크,펌프,TON,8944.1,8944.1,,,9838.5,8944.1,,울산,,,,2026-09-12 07:00:00+00:00,,UPA_SYNTHETIC,IntgCagInfo(SYNTHETIC v4),2026-09-26 06:03:35.036297+00:00,OK,True
KRUSN,2026,1,9V2824,MARITIME MERIDIAN,석유제품운반선,,,SYN9V2824_2026_001,SYN-9V2824_2026_001-4,,O,수출,정박지-E3,액체,석유증류물(기타),1268,001128,선종(석유제품운반선)·선석 미정·종수가정 4/4,벌크,펌프,TON,17438.2,17438.2,,,19182.0,17438.2,,,울산,,,2026-09-12 07:00:00+00:00,,UPA_SYNTHETIC,IntgCagInfo(SYNTHETIC v4),2026-09-26 06:03:35.036297+00:00,OK,True
KRUSN,2026,9,9V3383,JANESIA ASPHALT IV,석유제품운반선,,,SYN9V3383_2026_009,SYN-9V3383_2026_009-1,,I,수입,정박지-E1,액체,디젤 연료/경유,1202,000973,선종(석유제품운반선)·선석 미정·종수가정 4/4,벌크,펌프,TON,6497.8,6497.8,,,7147.6,6497.8,,울산,,,,2026-09-28 11:00:00+00:00,,UPA_SYNTHETIC,IntgCagInfo(SYNTHETIC v4),2026-09-26 06:03:35.038295+00:00,OK,True
KRUSN,2026,9,9V3383,JANESIA ASPHALT IV,석유제품운반선,,,SYN9V3383_2026_009,SYN-9V3383_2026_009-2,,O,수출,정박지-E1,액체,가솔린,1203,016420,선종(석유제품운반선)·선석 미정·종수가정 4/4,벌크,펌프,TON,26930.8,26930.8,,,29623.9,26930.8,,,울산,,,2026-09-28 11:00:00+00:00,,UPA_SYNTHETIC,IntgCagInfo(SYNTHETIC v4),2026-09-26 06:03:35.038295+00:00,OK,True
KRUSN,2026,9,9V3383,JANESIA ASPHALT IV,석유제품운반선,,,SYN9V3383_2026_009,SYN-9V3383_2026_009-3,,O,수출,정박지-E1,액체,석유증류물(기타),1268,001128,선종(석유제품운반선)·선석 미정·종수가정 4/4,벌크,펌프,TON,28186.5,28186.5,,,31005.2,28186.5,,,울산,,,2026-09-28 11:00:00+00:00,,UPA_SYNTHETIC,IntgCagInfo(SYNTHETIC v4),2026-09-26 06:03:35.038295+00:00,OK,True
KRUSN,2026,9,9V3383,JANESIA ASPHALT IV,석유제품운반선,,,SYN9V3383_2026_009,SYN-9V3383_2026_009-4,,O,수출,정박지-E1,액체,케로신,1223,000756,선종(석유제품운반선)·선석 미정·종수가정 4/4,벌크,펌프,TON,5830.5,5830.5,,,6413.6,5830.5,,,울산,,,2026-09-28 11:00:00+00:00,,UPA_SYNTHETIC,IntgCagInfo(SYNTHETIC v4),2026-09-26 06:03:35.038295+00:00,OK,True
KRUSN,2026,4,9V5043,아르페지오,석유제품운반선,,,SYN9V5043_2026_004,SYN-9V5043_2026_004-1,,I,수입,정박지-E2,액체,스티렌 모노머(안정화),2055,001027,대표화물코드 29·선석 미정·종수가정 1/6,벌크,펌프,TON,9909.0,9909.0,,,10899.9,9909.0,,울산,,,,2026-09-26 19:00:00+00:00,,UPA_SYNTHETIC,IntgCagInfo(SYNTHETIC v4),2026-09-26 06:03:35.040297+00:00,OK,True
KRUSN,2026,1,9V5055,VALOR GALAXY,석유제품운반선,,,SYN9V5055_2026_001,SYN-9V5055_2026_001-1,,I,수입,정박지-E2,액체,디젤 연료/경유,1202,000973,선종(석유제품운반선)·선석 미정·종수가정 3/4,벌크,펌프,TON,1601.3,1601.3,,,1761.4,1601.3,,울산,,,,2026-09-21 09:00:00+00:00,,UPA_SYNTHETIC,IntgCagInfo(SYNTHETIC v4),2026-09-26 06:03:35.042305+00:00,OK,True
KRUSN,2026,1,9V5055,VALOR GALAXY,석유제품운반선,,,SYN9V5055_2026_001,SYN-9V5055_2026_001-2,,O,수출,정박지-E2,액체,석유증류물(기타),1268,001128,선종(석유제품운반선)·선석 미정·종수가정 3/4,벌크,펌프,TON,18073.3,18073.3,,,19880.6,18073.3,,,울산,,,2026-09-21 09:00:00+00:00,,UPA_SYNTHETIC,IntgCagInfo(SYNTHETIC v4),2026-09-26 06:03:35.042305+00:00,OK,True
KRUSN,2026,1,9V5055,VALOR GALAXY,석유제품운반선,,,SYN9V5055_2026_001,SYN-9V5055_2026_001-3,,I,수입,정박지-E2,액체,가솔린,1203,016420,선종(석유제품운반선)·선석 미정·종수가정 3/4,벌크,펌프,TON,16279.5,16279.5,,,17907.5,16279.5,,울산,,,,2026-09-21 09:00:00+00:00,,UPA_SYNTHETIC,IntgCagInfo(SYNTHETIC v4),2026-09-26 06:03:35.043312+00:00,OK,True
KRUSN,2026,2,9V5487,하르모닉스,석유제품운반선,,,SYN9V5487_2026_002,SYN-9V5487_2026_002-1,,O,수출,6부두,액체,크실렌,1307,001077,대표화물코드 29·선석분류(액체화학/UPA)·PORT-MIS 선석·종수가정 4/6,벌크,펌프,TON,23376.4,23376.4,,,25714.0,23376.4,,,울산,,,2026-09-26 03:00:00+00:00,,UPA_SYNTHETIC,IntgCagInfo(SYNTHETIC v4),2026-09-26 06:03:35.045309+00:00,OK,True
KRUSN,2026,2,9V5487,하르모닉스,석유제품운반선,,,SYN9V5487_2026_002,SYN-9V5487_2026_002-2,,I,수입,6부두,액체,스티렌 모노머(안정화),2055,001027,대표화물코드 29·선석분류(액체화학/UPA)·PORT-MIS 선석·종수가정 4/6,벌크,펌프,TON,13812.1,13812.1,,,15193.3,13812.1,,울산,,,,2026-09-26 03:00:00+00:00,,UPA_SYNTHETIC,IntgCagInfo(SYNTHETIC v4),2026-09-26 06:03:35.045309+00:00,OK,True
KRUSN,2026,2,9V5487,하르모닉스,석유제품운반선,,,SYN9V5487_2026_002,SYN-9V5487_2026_002-3,,O,수출,6부두,액체,메탄올,1230,001151,대표화물코드 29·선석분류(액체화학/UPA)·PORT-MIS 선석·종수가정 4/6,벌크,펌프,TON,6454.8,6454.8,,,7100.3,6454.8,,,울산,,,2026-09-26 03:00:00+00:00,,UPA_SYNTHETIC,IntgCagInfo(SYNTHETIC v4),2026-09-26 06:03:35.045309+00:00,OK,True
KRUSN,2026,2,9V5487,하르모닉스,석유제품운반선,,,SYN9V5487_2026_002,SYN-9V5487_2026_002-4,,I,수입,6부두,액체,"1,2-에폭시프로판(산화프로필렌)",1280,001162,대표화물코드 29·선석분류(액체화학/UPA)·PORT-MIS 선석·종수가정 4/6,벌크,펌프,TON,15655.3,15655.3,,,17220.8,15655.3,,울산,,,,2026-09-26 03:00:00+00:00,,UPA_SYNTHETIC,IntgCagInfo(SYNTHETIC v4),2026-09-26 06:03:35.045309+00:00,OK,True
KRUSN,2026,3,9V5639,CHALLENGE POLLUX,석유제품운반선,,,SYN9V5639_2026_003,SYN-9V5639_2026_003-1,,O,수출,정박지-E2,액체,케로신,1223,000756,선종(석유제품운반선)·선석 미정·종수가정 2/4,벌크,펌프,TON,18243.2,18243.2,,,20067.5,18243.2,,,울산,,,2026-09-22 23:00:00+00:00,,UPA_SYNTHETIC,IntgCagInfo(SYNTHETIC v4),2026-09-26 06:03:35.048313+00:00,OK,True
KRUSN,2026,3,9V5639,CHALLENGE POLLUX,석유제품운반선,,,SYN9V5639_2026_003,SYN-9V5639_2026_003-2,,O,수출,정박지-E2,액체,석유증류물(기타),1268,001128,선종(석유제품운반선)·선석 미정·종수가정 2/4,벌크,펌프,TON,6604.1,6604.1,,,7264.5,6604.1,,,울산,,,2026-09-22 23:00:00+00:00,,UPA_SYNTHETIC,IntgCagInfo(SYNTHETIC v4),2026-09-26 06:03:35.048313+00:00,OK,True
KRUSN,2026,1,9V6324,PELICAN PACIFIC,원유운반선,,,SYN9V6324_2026_001,SYN-9V6324_2026_001-2,,I,수입,정박지-E2,액체,디젤 연료/경유,1202,000973,대표화물코드 27·선석 미정·종수가정 2/3,벌크,펌프,TON,8169.3,8169.3,,,8986.2,8169.3,,울산,,,,2026-09-23 11:00:00+00:00,,UPA_SYNTHETIC,IntgCagInfo(SYNTHETIC v4),2026-09-26 06:03:35.050302+00:00,OK,True
KRUSN,2026,1,9V7148,GINGA HAMMERHEAD,석유제품운반선,,,SYN9V7148_2026_001,SYN-9V7148_2026_001-1,,I,수입,정박지-E2,액체,메탄올,1230,001151,대표화물코드 29·선석 미정·종수가정 4/6,벌크,펌프,TON,27759.6,27759.6,,,30535.6,27759.6,,울산,,,,2026-09-28 09:00:00+00:00,,UPA_SYNTHETIC,IntgCagInfo(SYNTHETIC v4),2026-09-26 06:03:35.052294+00:00,OK,True
KRUSN,2026,1,9V7148,GINGA HAMMERHEAD,석유제품운반선,,,SYN9V7148_2026_001,SYN-9V7148_2026_001-2,,I,수입,정박지-E2,액체,테트라하이드로푸란,2056,001041,대표화물코드 29·선석 미정·종수가정 4/6,벌크,펌프,TON,2572.9,2572.9,,,2830.2,2572.9,,울산,,,,2026-09-28 09:00:00+00:00,,UPA_SYNTHETIC,IntgCagInfo(SYNTHETIC v4),2026-09-26 06:03:35.052294+00:00,OK,True
KRUSN,2026,1,9V7148,GINGA HAMMERHEAD,석유제품운반선,,,SYN9V7148_2026_001,SYN-9V7148_2026_001-3,,O,수출,정박지-E2,액체,톨루엔,1294,001032,대표화물코드 29·선석 미정·종수가정 4/6,벌크,펌프,TON,20734.1,20734.1,,,22807.5,20734.1,,,울산,,,2026-09-28 09:00:00+00:00,,UPA_SYNTHETIC,IntgCagInfo(SYNTHETIC v4),2026-09-26 06:03:35.052294+00:00,OK,True
KRUSN,2026,1,9V7148,GINGA HAMMERHEAD,석유제품운반선,,,SYN9V7148_2026_001,SYN-9V7148_2026_001-4,,O,수출,정박지-E2,액체,벤젠,1114,001008,대표화물코드 29·선석 미정·종수가정 4/6,벌크,펌프,TON,4133.6,4133.6,,,4547.0,4133.6,,,울산,,,2026-09-28 09:00:00+00:00,,UPA_SYNTHETIC,IntgCagInfo(SYNTHETIC v4),2026-09-26 06:03:35.052294+00:00,OK,True
KRUSN,2026,5,9V7723,FIRST LION,케미칼운반선,,,SYN9V7723_2026_005,SYN-9V7723_2026_005-1,,I,수입,정박지-E1,액체,"1,2-에폭시프로판(산화프로필렌)",1280,001162,선종(케미칼운반선)·선석 미정·종수가정 1/8,벌크,펌프,TON,850.2,850.2,,,935.2,850.2,,울산,,,,2026-09-14 09:00:00+00:00,,UPA_SYNTHETIC,IntgCagInfo(SYNTHETIC v4),2026-09-26 06:03:35.054295+00:00,OK,True
KRUSN,2026,3,9V8279,HEROLDS BAY,석유제품운반선,,,SYN9V8279_2026_003,SYN-9V8279_2026_003-1,,O,수출,정박지-E2,액체,디젤 연료/경유,1202,000973,선종(석유제품운반선)·선석 미정·종수가정 1/4,벌크,펌프,TON,8808.9,8808.9,,,9689.8,8808.9,,,울산,,,2026-09-25 19:00:00+00:00,,UPA_SYNTHETIC,IntgCagInfo(SYNTHETIC v4),2026-09-26 06:03:35.056295+00:00,OK,True
KRUSN,2026,4,9V8334,CHEM LEONA,케미칼운반선,,,SYN9V8334_2026_004,SYN-9V8334_2026_004-1,,I,수입,정박지-E2,액체,아크릴로니트릴(안정화),1093,001143,선종(케미칼운반선)·선석 미정·종수가정 8/8,벌크,펌프,TON,21768.1,21768.1,,,23944.9,21768.1,,울산,,,,2026-09-14 07:00:00+00:00,,UPA_SYNTHETIC,IntgCagInfo(SYNTHETIC v4),2026-09-26 06:03:35.057296+00:00,OK,True
KRUSN,2026,4,9V8334,CHEM LEONA,케미칼운반선,,,SYN9V8334_2026_004,SYN-9V8334_2026_004-2,,O,수출,정박지-E2,액체,크실렌,1307,001077,선종(케미칼운반선)·선석 미정·종수가정 8/8,벌크,펌프,TON,15866.7,15866.7,,,17453.4,15866.7,,,울산,,,2026-09-14 07:00:00+00:00,,UPA_SYNTHETIC,IntgCagInfo(SYNTHETIC v4),2026-09-26 06:03:35.057296+00:00,OK,True
KRUSN,2026,4,9V8334,CHEM LEONA,케미칼운반선,,,SYN9V8334_2026_004,SYN-9V8334_2026_004-3,,O,수출,정박지-E2,액체,"1,2-에폭시프로판(산화프로필렌)",1280,001162,선종(케미칼운반선)·선석 미정·종수가정 8/8,벌크,펌프,TON,8768.1,8768.1,,,9644.9,8768.1,,,울산,,,2026-09-14 07:00:00+00:00,,UPA_SYNTHETIC,IntgCagInfo(SYNTHETIC v4),2026-09-26 06:03:35.057296+00:00,OK,True
KRUSN,2026,4,9V8334,CHEM LEONA,케미칼운반선,,,SYN9V8334_2026_004,SYN-9V8334_2026_004-4,,O,수출,정박지-E2,액체,톨루엔,1294,001032,선종(케미칼운반선)·선석 미정·종수가정 8/8,벌크,펌프,TON,11473.9,11473.9,,,12621.3,11473.9,,,울산,,,2026-09-14 07:00:00+00:00,,UPA_SYNTHETIC,IntgCagInfo(SYNTHETIC v4),2026-09-26 06:03:35.057296+00:00,OK,True
KRUSN,2026,4,9V8334,CHEM LEONA,케미칼운반선,,,SYN9V8334_2026_004,SYN-9V8334_2026_004-5,,I,수입,정박지-E2,액체,벤젠,1114,001008,선종(케미칼운반선)·선석 미정·종수가정 8/8,벌크,펌프,TON,19611.1,19611.1,,,21572.2,19611.1,,울산,,,,2026-09-14 07:00:00+00:00,,UPA_SYNTHETIC,IntgCagInfo(SYNTHETIC v4),2026-09-26 06:03:35.057296+00:00,OK,True
KRUSN,2026,4,9V8334,CHEM LEONA,케미칼운반선,,,SYN9V8334_2026_004,SYN-9V8334_2026_004-6,,I,수입,정박지-E2,액체,테트라하이드로푸란,2056,001041,선종(케미칼운반선)·선석 미정·종수가정 8/8,벌크,펌프,TON,14227.7,14227.7,,,15650.5,14227.7,,울산,,,,2026-09-14 07:00:00+00:00,,UPA_SYNTHETIC,IntgCagInfo(SYNTHETIC v4),2026-09-26 06:03:35.057296+00:00,OK,True
KRUSN,2026,4,9V8334,CHEM LEONA,케미칼운반선,,,SYN9V8334_2026_004,SYN-9V8334_2026_004-7,,I,수입,정박지-E2,액체,스티렌 모노머(안정화),2055,001027,선종(케미칼운반선)·선석 미정·종수가정 8/8,벌크,펌프,TON,8651.1,8651.1,,,9516.2,8651.1,,울산,,,,2026-09-14 07:00:00+00:00,,UPA_SYNTHETIC,IntgCagInfo(SYNTHETIC v4),2026-09-26 06:03:35.057296+00:00,OK,True
KRUSN,2026,4,9V8334,CHEM LEONA,케미칼운반선,,,SYN9V8334_2026_004,SYN-9V8334_2026_004-8,,I,수입,정박지-E2,액체,메탄올,1230,001151,선종(케미칼운반선)·선석 미정·종수가정 8/8,벌크,펌프,TON,22014.4,22014.4,,,24215.8,22014.4,,울산,,,,2026-09-14 07:00:00+00:00,,UPA_SYNTHETIC,IntgCagInfo(SYNTHETIC v4),2026-09-26 06:03:35.058294+00:00,OK,True
KRUSN,2026,2,9V8434,HAFNIA AMESSI,석유제품운반선,,,SYN9V8434_2026_002,SYN-9V8434_2026_002-1,,I,수입,SK3부두,액체,물질 미특정,,,대표화물코드 29·선석분류(유류/berth+UPA)·VTS 접안·물질 미특정,벌크,펌프,TON,21253.6,21253.6,,,23379.0,21253.6,,울산,,,,2026-09-20 04:00:00+00:00,,UPA_SYNTHETIC,IntgCagInfo(SYNTHETIC v4),2026-09-26 06:03:35.064949+00:00,UNSPECIFIED_SUBSTANCE,True
KRUSN,2026,3,9V8434,HAFNIA AMESSI,석유제품운반선,,,SYN9V8434_2026_003,SYN-9V8434_2026_003-1,,I,수입,정박지-E2,액체,케로신,1223,000756,선종(석유제품운반선)·선석 미정·종수가정 2/4,벌크,펌프,TON,23555.1,23555.1,,,25910.6,23555.1,,울산,,,,2026-09-23 10:00:00+00:00,,UPA_SYNTHETIC,IntgCagInfo(SYNTHETIC v4),2026-09-26 06:03:35.066943+00:00,OK,True
KRUSN,2026,3,9V8434,HAFNIA AMESSI,석유제품운반선,,,SYN9V8434_2026_003,SYN-9V8434_2026_003-2,,O,수출,정박지-E2,액체,디젤 연료/경유,1202,000973,선종(석유제품운반선)·선석 미정·종수가정 2/4,벌크,펌프,TON,25972.0,25972.0,,,28569.2,25972.0,,,울산,,,2026-09-23 10:00:00+00:00,,UPA_SYNTHETIC,IntgCagInfo(SYNTHETIC v4),2026-09-26 06:03:35.066943+00:00,OK,True
KRUSN,2026,1,9V8440,HAFNIA AQUAMARINE,케미칼운반선,,,SYN9V8440_2026_001,SYN-9V8440_2026_001-1,,O,수출,정박지-E2,액체,크실렌,1307,001077,대표화물코드 29·선석 미정·종수가정 5/8,벌크,펌프,TON,12712.1,12712.1,,,13983.3,12712.1,,,울산,,,2026-09-22 18:00:00+00:00,,UPA_SYNTHETIC,IntgCagInfo(SYNTHETIC v4),2026-09-26 06:03:35.067943+00:00,OK,True
KRUSN,2026,1,9V8440,HAFNIA AQUAMARINE,케미칼운반선,,,SYN9V8440_2026_001,SYN-9V8440_2026_001-2,,I,수입,정박지-E2,액체,테트라하이드로푸란,2056,001041,대표화물코드 29·선석 미정·종수가정 5/8,벌크,펌프,TON,5221.2,5221.2,,,5743.3,5221.2,,울산,,,,2026-09-22 18:00:00+00:00,,UPA_SYNTHETIC,IntgCagInfo(SYNTHETIC v4),2026-09-26 06:03:35.068937+00:00,OK,True
KRUSN,2026,1,9V8440,HAFNIA AQUAMARINE,케미칼운반선,,,SYN9V8440_2026_001,SYN-9V8440_2026_001-3,,O,수출,정박지-E2,액체,스티렌 모노머(안정화),2055,001027,대표화물코드 29·선석 미정·종수가정 5/8,벌크,펌프,TON,10434.3,10434.3,,,11477.7,10434.3,,,울산,,,2026-09-22 18:00:00+00:00,,UPA_SYNTHETIC,IntgCagInfo(SYNTHETIC v4),2026-09-26 06:03:35.068937+00:00,OK,True
KRUSN,2026,1,9V8440,HAFNIA AQUAMARINE,케미칼운반선,,,SYN9V8440_2026_001,SYN-9V8440_2026_001-4,,I,수입,정박지-E2,액체,벤젠,1114,001008,대표화물코드 29·선석 미정·종수가정 5/8,벌크,펌프,TON,19584.1,19584.1,,,21542.5,19584.1,,울산,,,,2026-09-22 18:00:00+00:00,,UPA_SYNTHETIC,IntgCagInfo(SYNTHETIC v4),2026-09-26 06:03:35.068937+00:00,OK,True
KRUSN,2026,1,9V8440,HAFNIA AQUAMARINE,케미칼운반선,,,SYN9V8440_2026_001,SYN-9V8440_2026_001-5,,O,수출,정박지-E2,액체,톨루엔,1294,001032,대표화물코드 29·선석 미정·종수가정 5/8,벌크,펌프,TON,9803.5,9803.5,,,10783.9,9803.5,,,울산,,,2026-09-22 18:00:00+00:00,,UPA_SYNTHETIC,IntgCagInfo(SYNTHETIC v4),2026-09-26 06:03:35.068937+00:00,OK,True
KRUSN,2026,1,9V8577,REBECCA SCHULTE,케미칼운반선,,,SYN9V8577_2026_001,SYN-9V8577_2026_001-1,,O,수출,정박지-E2,액체,아크릴로니트릴(안정화),1093,001143,선종(케미칼운반선)·선석 미정·종수가정 6/8,벌크,펌프,TON,4027.9,4027.9,,,4430.7,4027.9,,,울산,,,2026-09-12 03:00:00+00:00,,UPA_SYNTHETIC,IntgCagInfo(SYNTHETIC v4),2026-09-26 06:03:35.069943+00:00,OK,True
KRUSN,2026,1,9V8577,REBECCA SCHULTE,케미칼운반선,,,SYN9V8577_2026_001,SYN-9V8577_2026_001-2,,O,수출,정박지-E2,액체,톨루엔,1294,001032,선종(케미칼운반선)·선석 미정·종수가정 6/8,벌크,펌프,TON,25549.2,25549.2,,,28104.1,25549.2,,,울산,,,2026-09-12 03:00:00+00:00,,UPA_SYNTHETIC,IntgCagInfo(SYNTHETIC v4),2026-09-26 06:03:35.070940+00:00,OK,True
KRUSN,2026,1,9V8577,REBECCA SCHULTE,케미칼운반선,,,SYN9V8577_2026_001,SYN-9V8577_2026_001-3,,O,수출,정박지-E2,액체,테트라하이드로푸란,2056,001041,선종(케미칼운반선)·선석 미정·종수가정 6/8,벌크,펌프,TON,7474.5,7474.5,,,8222.0,7474.5,,,울산,,,2026-09-12 03:00:00+00:00,,UPA_SYNTHETIC,IntgCagInfo(SYNTHETIC v4),2026-09-26 06:03:35.070940+00:00,OK,True
KRUSN,2026,1,9V8577,REBECCA SCHULTE,케미칼운반선,,,SYN9V8577_2026_001,SYN-9V8577_2026_001-4,,I,수입,정박지-E2,액체,"1,2-에폭시프로판(산화프로필렌)",1280,001162,선종(케미칼운반선)·선석 미정·종수가정 6/8,벌크,펌프,TON,27468.1,27468.1,,,30214.9,27468.1,,울산,,,,2026-09-12 03:00:00+00:00,,UPA_SYNTHETIC,IntgCagInfo(SYNTHETIC v4),2026-09-26 06:03:35.070940+00:00,OK,True
KRUSN,2026,1,9V8577,REBECCA SCHULTE,케미칼운반선,,,SYN9V8577_2026_001,SYN-9V8577_2026_001-5,,O,수출,정박지-E2,액체,벤젠,1114,001008,선종(케미칼운반선)·선석 미정·종수가정 6/8,벌크,펌프,TON,23504.9,23504.9,,,25855.4,23504.9,,,울산,,,2026-09-12 03:00:00+00:00,,UPA_SYNTHETIC,IntgCagInfo(SYNTHETIC v4),2026-09-26 06:03:35.070940+00:00,OK,True
KRUSN,2026,1,9V8577,REBECCA SCHULTE,케미칼운반선,,,SYN9V8577_2026_001,SYN-9V8577_2026_001-6,,I,수입,정박지-E2,액체,크실렌,1307,001077,선종(케미칼운반선)·선석 미정·종수가정 6/8,벌크,펌프,TON,18918.0,18918.0,,,20809.8,18918.0,,울산,,,,2026-09-12 03:00:00+00:00,,UPA_SYNTHETIC,IntgCagInfo(SYNTHETIC v4),2026-09-26 06:03:35.070940+00:00,OK,True
KRUSN,2026,2,9V8783,STOLT TSUBAKI,석유제품운반선,,,SYN9V8783_2026_002,SYN-9V8783_2026_002-1,,O,수출,정박지-E1,액체,케로신,1223,000756,선종(석유제품운반선)·선석 미정·종수가정 3/4,벌크,펌프,TON,5188.0,5188.0,,,5706.8,5188.0,,,울산,,,2026-09-15 00:00:00+00:00,,UPA_SYNTHETIC,IntgCagInfo(SYNTHETIC v4),2026-09-26 06:03:35.071935+00:00,OK,True
KRUSN,2026,2,9V8783,STOLT TSUBAKI,석유제품운반선,,,SYN9V8783_2026_002,SYN-9V8783_2026_002-2,,O,수출,정박지-E1,액체,가솔린,1203,016420,선종(석유제품운반선)·선석 미정·종수가정 3/4,벌크,펌프,TON,14166.1,14166.1,,,15582.7,14166.1,,,울산,,,2026-09-15 00:00:00+00:00,,UPA_SYNTHETIC,IntgCagInfo(SYNTHETIC v4),2026-09-26 06:03:35.071935+00:00,OK,True
KRUSN,2026,2,9V8783,STOLT TSUBAKI,석유제품운반선,,,SYN9V8783_2026_002,SYN-9V8783_2026_002-3,,O,수출,정박지-E1,액체,디젤 연료/경유,1202,000973,선종(석유제품운반선)·선석 미정·종수가정 3/4,벌크,펌프,TON,22480.9,22480.9,,,24729.0,22480.9,,,울산,,,2026-09-15 00:00:00+00:00,,UPA_SYNTHETIC,IntgCagInfo(SYNTHETIC v4),2026-09-26 06:03:35.071935+00:00,OK,True
KRUSN,2026,1,9V9814,SANMAR RAGA,케미칼가스운반선,,,SYN9V9814_2026_001,SYN-9V9814_2026_001-1,,O,수출,정박지-E2,액체,메탄(냉동액화)/LNG,1972,,대표화물코드 27·선석 미정·종수가정 1/2,벌크,펌프,TON,20530.6,20530.6,,,22583.7,20530.6,,,울산,,,2026-09-25 13:00:00+00:00,,UPA_SYNTHETIC,IntgCagInfo(SYNTHETIC v4),2026-09-26 06:03:35.073939+00:00,OK,True
KRUSN,2026,2,9VDY7,GREAT LAMDA,석유제품운반선,,,SYN9VDY7_2026_002,SYN-9VDY7_2026_002-1,,O,수출,정박지-E3,액체,디젤 연료/경유,1202,000973,선종(석유제품운반선)·선석 미정·종수가정 1/4,벌크,펌프,TON,17334.7,17334.7,,,19068.2,17334.7,,,울산,,,2026-09-21 09:00:00+00:00,,UPA_SYNTHETIC,IntgCagInfo(SYNTHETIC v4),2026-09-26 06:03:35.077946+00:00,OK,True
KRUSN,2026,1,A8QT8,GEM NO.5,원유운반선,,,SYNA8QT8_2026_001,SYN-A8QT8_2026_001-1,,I,수입,SK2부이,액체,원유,1267,000751,대표화물코드 27·선석분류(원유/berth+UPA)·PORT-MIS 선석·종수가정 1/1,벌크,펌프,TON,16991.5,16991.5,,,18690.7,16991.5,,울산,,,,2026-09-28 00:30:00+00:00,,UPA_SYNTHETIC,IntgCagInfo(SYNTHETIC v4),2026-09-26 06:03:35.079950+00:00,OK,True
KRUSN,2026,1,A8RI9,STELLA MARIA,원유운반선,,,SYNA8RI9_2026_001,SYN-A8RI9_2026_001-1,,I,수입,정박지-E2,액체,원유,1267,000751,선종(원유운반선)·선석 미정·종수가정 1/1,벌크,펌프,TON,12111.0,12111.0,,,13322.1,12111.0,,울산,,,,2026-09-28 09:00:00+00:00,,UPA_SYNTHETIC,IntgCagInfo(SYNTHETIC v4),2026-09-26 06:03:35.081951+00:00,OK,True
KRUSN,2026,2,A8VA6,NAVIGATOR HYPERION,케미칼가스운반선,,,SYNA8VA6_2026_002,SYN-A8VA6_2026_002-1,,O,수출,정박지-E1,액체,"1,3-부타디엔(안정화)",1010,001167,선종(케미칼가스운반선)·선석 미정·종수가정 2/2,벌크,펌프,TON,8038.1,8038.1,,,8841.9,8038.1,,,울산,,,2026-09-27 08:00:00+00:00,,UPA_SYNTHETIC,IntgCagInfo(SYNTHETIC v4),2026-09-26 06:03:35.082946+00:00,OK,True
KRUSN,2026,2,A8VA6,NAVIGATOR HYPERION,케미칼가스운반선,,,SYNA8VA6_2026_002,SYN-A8VA6_2026_002-2,,I,수입,정박지-E1,액체,프로필렌,1077,002524,선종(케미칼가스운반선)·선석 미정·종수가정 2/2,벌크,펌프,TON,17222.7,17222.7,,,18945.0,17222.7,,울산,,,,2026-09-27 08:00:00+00:00,,UPA_SYNTHETIC,IntgCagInfo(SYNTHETIC v4),2026-09-26 06:03:35.082946+00:00,OK,True
KRUSN,2026,2,ATEZ2,DUBAI GREEN,석유제품운반선,,,SYNATEZ2_2026_002,SYN-ATEZ2_2026_002-1,,I,수입,정박지-E3,액체,가솔린,1203,016420,선종(석유제품운반선)·선석 미정·종수가정 2/4,벌크,펌프,TON,17405.6,17405.6,,,19146.2,17405.6,,울산,,,,2026-09-28 21:00:00+00:00,,UPA_SYNTHETIC,IntgCagInfo(SYNTHETIC v4),2026-09-26 06:03:35.084944+00:00,OK,True
KRUSN,2026,2,ATEZ2,DUBAI GREEN,석유제품운반선,,,SYNATEZ2_2026_002,SYN-ATEZ2_2026_002-2,,I,수입,정박지-E3,액체,디젤 연료/경유,1202,000973,선종(석유제품운반선)·선석 미정·종수가정 2/4,벌크,펌프,TON,2604.5,2604.5,,,2865.0,2604.5,,울산,,,,2026-09-28 21:00:00+00:00,,UPA_SYNTHETIC,IntgCagInfo(SYNTHETIC v4),2026-09-26 06:03:35.084944+00:00,OK,True
KRUSN,2026,4,BOCT5,BEI HAI FENG HUANG,원유운반선,,,SYNBOCT5_2026_004,SYN-BOCT5_2026_004-1,,O,수출,정박지-E3,액체,원유,1267,000751,선종(원유운반선)·선석 미정·종수가정 1/1,벌크,펌프,TON,19710.4,19710.4,,,21681.4,19710.4,,,울산,,,2026-09-14 03:00:00+00:00,,UPA_SYNTHETIC,IntgCagInfo(SYNTHETIC v4),2026-09-26 06:03:35.086950+00:00,OK,True
KRUSN,2026,1,BPJF2,SHENG HANG 006,케미칼운반선,,,SYNBPJF2_2026_001,SYN-BPJF2_2026_001-1,,O,수출,정박지-E1,액체,디젤 연료/경유,1202,000973,대표화물코드 27·선석 미정·종수가정 8/8,벌크,펌프,TON,23936.5,23936.5,,,26330.2,23936.5,,,울산,,,2026-09-24 11:00:00+00:00,,UPA_SYNTHETIC,IntgCagInfo(SYNTHETIC v4),2026-09-26 06:03:35.087943+00:00,OK,True
KRUSN,2026,1,BPJF2,SHENG HANG 006,케미칼운반선,,,SYNBPJF2_2026_001,SYN-BPJF2_2026_001-2,,I,수입,정박지-E1,액체,케로신,1223,000756,대표화물코드 27·선석 미정·종수가정 8/8,벌크,펌프,TON,5414.2,5414.2,,,5955.6,5414.2,,울산,,,,2026-09-24 11:00:00+00:00,,UPA_SYNTHETIC,IntgCagInfo(SYNTHETIC v4),2026-09-26 06:03:35.087943+00:00,OK,True
KRUSN,2026,1,BPJF2,SHENG HANG 006,케미칼운반선,,,SYNBPJF2_2026_001,SYN-BPJF2_2026_001-3,,O,수출,정박지-E1,액체,석유증류물(기타),1268,001128,대표화물코드 27·선석 미정·종수가정 8/8,벌크,펌프,TON,29086.3,29086.3,,,31994.9,29086.3,,,울산,,,2026-09-24 11:00:00+00:00,,UPA_SYNTHETIC,IntgCagInfo(SYNTHETIC v4),2026-09-26 06:03:35.087943+00:00,OK,True
KRUSN,2026,1,BPJF2,SHENG HANG 006,케미칼운반선,,,SYNBPJF2_2026_001,SYN-BPJF2_2026_001-4,,I,수입,정박지-E1,액체,원유,1267,000751,대표화물코드 27·선석 미정·종수가정 8/8,벌크,펌프,TON,3737.5,3737.5,,,4111.2,3737.5,,울산,,,,2026-09-24 11:00:00+00:00,,UPA_SYNTHETIC,IntgCagInfo(SYNTHETIC v4),2026-09-26 06:03:35.087943+00:00,OK,True
KRUSN,2026,1,BPJF2,SHENG HANG 006,케미칼운반선,,,SYNBPJF2_2026_001,SYN-BPJF2_2026_001-5,,O,수출,정박지-E1,액체,가솔린,1203,016420,대표화물코드 27·선석 미정·종수가정 8/8,벌크,펌프,TON,27278.0,27278.0,,,30005.8,27278.0,,,울산,,,2026-09-24 11:00:00+00:00,,UPA_SYNTHETIC,IntgCagInfo(SYNTHETIC v4),2026-09-26 06:03:35.088943+00:00,OK,True
KRUSN,2026,1,BPJF2,SHENG HANG 006,케미칼운반선,,,SYNBPJF2_2026_001,SYN-BPJF2_2026_001-6,,O,수출,정박지-E1,액체,톨루엔,1294,001032,대표화물코드 27·선석 미정·종수가정 8/8,벌크,펌프,TON,15129.8,15129.8,,,16642.8,15129.8,,,울산,,,2026-09-24 11:00:00+00:00,,UPA_SYNTHETIC,IntgCagInfo(SYNTHETIC v4),2026-09-26 06:03:35.088943+00:00,OK,True
KRUSN,2026,1,BPJF2,SHENG HANG 006,케미칼운반선,,,SYNBPJF2_2026_001,SYN-BPJF2_2026_001-7,,I,수입,정박지-E1,액체,크실렌,1307,001077,대표화물코드 27·선석 미정·종수가정 8/8,벌크,펌프,TON,26021.1,26021.1,,,28623.2,26021.1,,울산,,,,2026-09-24 11:00:00+00:00,,UPA_SYNTHETIC,IntgCagInfo(SYNTHETIC v4),2026-09-26 06:03:35.089052+00:00,OK,True
KRUSN,2026,1,BPJF2,SHENG HANG 006,케미칼운반선,,,SYNBPJF2_2026_001,SYN-BPJF2_2026_001-8,,I,수입,정박지-E1,액체,벤젠,1114,001008,대표화물코드 27·선석 미정·종수가정 8/8,벌크,펌프,TON,7959.1,7959.1,,,8755.0,7959.1,,울산,,,,2026-09-24 11:00:00+00:00,,UPA_SYNTHETIC,IntgCagInfo(SYNTHETIC v4),2026-09-26 06:03:35.089052+00:00,OK,True
KRUSN,2026,7,BPPV2,XUAN JING,케미칼운반선,,,SYNBPPV2_2026_007,SYN-BPPV2_2026_007-1,,O,수출,정박지-E1,액체,메탄올,1230,001151,선종(케미칼운반선)·선석 미정·종수가정 8/8,벌크,펌프,TON,810.7,810.7,,,891.8,810.7,,,울산,,,2026-09-12 11:00:00+00:00,,UPA_SYNTHETIC,IntgCagInfo(SYNTHETIC v4),2026-09-26 06:03:35.089943+00:00,OK,True
KRUSN,2026,7,BPPV2,XUAN JING,케미칼운반선,,,SYNBPPV2_2026_007,SYN-BPPV2_2026_007-2,,I,수입,정박지-E1,액체,테트라하이드로푸란,2056,001041,선종(케미칼운반선)·선석 미정·종수가정 8/8,벌크,펌프,TON,11159.2,11159.2,,,12275.1,11159.2,,울산,,,,2026-09-12 11:00:00+00:00,,UPA_SYNTHETIC,IntgCagInfo(SYNTHETIC v4),2026-09-26 06:03:35.089943+00:00,OK,True
KRUSN,2026,7,BPPV2,XUAN JING,케미칼운반선,,,SYNBPPV2_2026_007,SYN-BPPV2_2026_007-3,,I,수입,정박지-E1,액체,"1,2-에폭시프로판(산화프로필렌)",1280,001162,선종(케미칼운반선)·선석 미정·종수가정 8/8,벌크,펌프,TON,19751.6,19751.6,,,21726.8,19751.6,,울산,,,,2026-09-12 11:00:00+00:00,,UPA_SYNTHETIC,IntgCagInfo(SYNTHETIC v4),2026-09-26 06:03:35.089943+00:00,OK,True
KRUSN,2026,7,BPPV2,XUAN JING,케미칼운반선,,,SYNBPPV2_2026_007,SYN-BPPV2_2026_007-4,,O,수출,정박지-E1,액체,크실렌,1307,001077,선종(케미칼운반선)·선석 미정·종수가정 8/8,벌크,펌프,TON,26749.3,26749.3,,,29424.2,26749.3,,,울산,,,2026-09-12 11:00:00+00:00,,UPA_SYNTHETIC,IntgCagInfo(SYNTHETIC v4),2026-09-26 06:03:35.089943+00:00,OK,True
KRUSN,2026,7,BPPV2,XUAN JING,케미칼운반선,,,SYNBPPV2_2026_007,SYN-BPPV2_2026_007-5,,I,수입,정박지-E1,액체,톨루엔,1294,001032,선종(케미칼운반선)·선석 미정·종수가정 8/8,벌크,펌프,TON,25686.5,25686.5,,,28255.2,25686.5,,울산,,,,2026-09-12 11:00:00+00:00,,UPA_SYNTHETIC,IntgCagInfo(SYNTHETIC v4),2026-09-26 06:03:35.089943+00:00,OK,True
KRUSN,2026,7,BPPV2,XUAN JING,케미칼운반선,,,SYNBPPV2_2026_007,SYN-BPPV2_2026_007-6,,O,수출,정박지-E1,액체,아크릴로니트릴(안정화),1093,001143,선종(케미칼운반선)·선석 미정·종수가정 8/8,벌크,펌프,TON,15762.0,15762.0,,,17338.2,15762.0,,,울산,,,2026-09-12 11:00:00+00:00,,UPA_SYNTHETIC,IntgCagInfo(SYNTHETIC v4),2026-09-26 06:03:35.089943+00:00,OK,True
KRUSN,2026,7,BPPV2,XUAN JING,케미칼운반선,,,SYNBPPV2_2026_007,SYN-BPPV2_2026_007-7,,O,수출,정박지-E1,액체,벤젠,1114,001008,선종(케미칼운반선)·선석 미정·종수가정 8/8,벌크,펌프,TON,7076.5,7076.5,,,7784.2,7076.5,,,울산,,,2026-09-12 11:00:00+00:00,,UPA_SYNTHETIC,IntgCagInfo(SYNTHETIC v4),2026-09-26 06:03:35.090941+00:00,OK,True
KRUSN,2026,7,BPPV2,XUAN JING,케미칼운반선,,,SYNBPPV2_2026_007,SYN-BPPV2_2026_007-8,,O,수출,정박지-E1,액체,스티렌 모노머(안정화),2055,001027,선종(케미칼운반선)·선석 미정·종수가정 8/8,벌크,펌프,TON,25433.9,25433.9,,,27977.3,25433.9,,,울산,,,2026-09-12 11:00:00+00:00,,UPA_SYNTHETIC,IntgCagInfo(SYNTHETIC v4),2026-09-26 06:03:35.090941+00:00,OK,True
KRUSN,2026,4,D8HX,BS NGHI SON,케미칼운반선,,,SYND8HX_2026_004,SYN-D8HX_2026_004-2,,O,수출,정박지-E1,액체,벤젠,1114,001008,선종(케미칼운반선)·선석 미정·종수가정 4/8,벌크,펌프,TON,20132.9,20132.9,,,22146.2,20132.9,,,울산,,,2026-09-24 02:00:00+00:00,,UPA_SYNTHETIC,IntgCagInfo(SYNTHETIC v4),2026-09-26 06:03:35.251705+00:00,OK,True
KRUSN,2026,7,BPXC6,YUAN SHAN 9,LPG운반선,,,SYNBPXC6_2026_007,SYN-BPXC6_2026_007-1,,O,수출,가스부두,액체,부탄,1011,000247,선종(LPG운반선)·선석분류(가스·유류/berth+UPA)·PORT-MIS 선석·종수가정 2/2,벌크,펌프,TON,20574.8,20574.8,,,22632.3,20574.8,,,울산,,,2026-09-28 03:00:00+00:00,,UPA_SYNTHETIC,IntgCagInfo(SYNTHETIC v4),2026-09-26 06:03:35.091940+00:00,OK,True
KRUSN,2026,7,BPXC6,YUAN SHAN 9,LPG운반선,,,SYNBPXC6_2026_007,SYN-BPXC6_2026_007-2,,O,수출,가스부두,액체,프로페인,1978,015420,선종(LPG운반선)·선석분류(가스·유류/berth+UPA)·PORT-MIS 선석·종수가정 2/2,벌크,펌프,TON,8293.2,8293.2,,,9122.5,8293.2,,,울산,,,2026-09-28 03:00:00+00:00,,UPA_SYNTHETIC,IntgCagInfo(SYNTHETIC v4),2026-09-26 06:03:35.091940+00:00,OK,True
KRUSN,2026,1,BQIU7,PENG SHUN,LPG운반선,,,SYNBQIU7_2026_001,SYN-BQIU7_2026_001-1,,O,수출,정박지-E1,액체,물질 미특정,,,대표화물코드 29·선석 미정·물질 미특정,벌크,펌프,TON,5113.3,5113.3,,,5624.6,5113.3,,,울산,,,2026-09-23 12:00:00+00:00,,UPA_SYNTHETIC,IntgCagInfo(SYNTHETIC v4),2026-09-26 06:03:35.094964+00:00,UNSPECIFIED_SUBSTANCE,True
KRUSN,2026,5,BTTP,DING HENG 15,케미칼운반선,,,SYNBTTP_2026_005,SYN-BTTP_2026_005-1,,O,수출,정박지-E1,액체,황산(51% 초과),1830,001049,대표화물코드 28·선석 미정·종수가정 1/1,벌크,펌프,TON,29508.5,29508.5,,,32459.4,29508.5,,,울산,,,2026-09-23 13:00:00+00:00,,UPA_SYNTHETIC,IntgCagInfo(SYNTHETIC v4),2026-09-26 06:03:35.096953+00:00,OK,True
KRUSN,2026,7,BURT,CHANG HANG FEI CUI,석유제품운반선,,,SYNBURT_2026_007,SYN-BURT_2026_007-1,,O,수출,정박지-E3,액체,톨루엔,1294,001032,대표화물코드 27·선석 미정·종수가정 6/6,벌크,펌프,TON,7123.9,7123.9,,,7836.3,7123.9,,,울산,,,2026-09-27 07:30:00+00:00,,UPA_SYNTHETIC,IntgCagInfo(SYNTHETIC v4),2026-09-26 06:03:35.098948+00:00,OK,True
KRUSN,2026,7,BURT,CHANG HANG FEI CUI,석유제품운반선,,,SYNBURT_2026_007,SYN-BURT_2026_007-2,,I,수입,정박지-E3,액체,케로신,1223,000756,대표화물코드 27·선석 미정·종수가정 6/6,벌크,펌프,TON,13398.3,13398.3,,,14738.1,13398.3,,울산,,,,2026-09-27 07:30:00+00:00,,UPA_SYNTHETIC,IntgCagInfo(SYNTHETIC v4),2026-09-26 06:03:35.098948+00:00,OK,True
KRUSN,2026,7,BURT,CHANG HANG FEI CUI,석유제품운반선,,,SYNBURT_2026_007,SYN-BURT_2026_007-3,,O,수출,정박지-E3,액체,크실렌,1307,001077,대표화물코드 27·선석 미정·종수가정 6/6,벌크,펌프,TON,1437.1,1437.1,,,1580.8,1437.1,,,울산,,,2026-09-27 07:30:00+00:00,,UPA_SYNTHETIC,IntgCagInfo(SYNTHETIC v4),2026-09-26 06:03:35.098948+00:00,OK,True
KRUSN,2026,7,BURT,CHANG HANG FEI CUI,석유제품운반선,,,SYNBURT_2026_007,SYN-BURT_2026_007-4,,I,수입,정박지-E3,액체,벤젠,1114,001008,대표화물코드 27·선석 미정·종수가정 6/6,벌크,펌프,TON,15072.7,15072.7,,,16580.0,15072.7,,울산,,,,2026-09-27 07:30:00+00:00,,UPA_SYNTHETIC,IntgCagInfo(SYNTHETIC v4),2026-09-26 06:03:35.098948+00:00,OK,True
KRUSN,2026,7,BURT,CHANG HANG FEI CUI,석유제품운반선,,,SYNBURT_2026_007,SYN-BURT_2026_007-5,,I,수입,정박지-E3,액체,석유증류물(기타),1268,001128,대표화물코드 27·선석 미정·종수가정 6/6,벌크,펌프,TON,25541.0,25541.0,,,28095.1,25541.0,,울산,,,,2026-09-27 07:30:00+00:00,,UPA_SYNTHETIC,IntgCagInfo(SYNTHETIC v4),2026-09-26 06:03:35.098948+00:00,OK,True
KRUSN,2026,7,BURT,CHANG HANG FEI CUI,석유제품운반선,,,SYNBURT_2026_007,SYN-BURT_2026_007-6,,I,수입,정박지-E3,액체,가솔린,1203,016420,대표화물코드 27·선석 미정·종수가정 6/6,벌크,펌프,TON,5268.1,5268.1,,,5794.9,5268.1,,울산,,,,2026-09-27 07:30:00+00:00,,UPA_SYNTHETIC,IntgCagInfo(SYNTHETIC v4),2026-09-26 06:03:35.098948+00:00,OK,True
KRUSN,2026,7,BUSA6,HUA HANG HE CHANG,석유제품운반선,,,SYNBUSA6_2026_007,SYN-BUSA6_2026_007-1,,I,수입,정박지-E1,액체,가솔린,1203,016420,선종(석유제품운반선)·선석 미정·종수가정 1/4,벌크,펌프,TON,8330.7,8330.7,,,9163.8,8330.7,,울산,,,,2026-09-26 22:00:00+00:00,,UPA_SYNTHETIC,IntgCagInfo(SYNTHETIC v4),2026-09-26 06:03:35.100948+00:00,OK,True
KRUSN,2026,1,C6CE4,ATHENS SPIRIT,원유운반선,,,SYNC6CE4_2026_001,SYN-C6CE4_2026_001-1,,O,수출,정박지-E3,액체,톨루엔,1294,001032,대표화물코드 27·선석 미정·종수가정 2/3,벌크,펌프,TON,11238.9,11238.9,,,12362.8,11238.9,,,울산,,,2026-09-27 18:00:00+00:00,,UPA_SYNTHETIC,IntgCagInfo(SYNTHETIC v4),2026-09-26 06:03:35.102947+00:00,OK,True
KRUSN,2026,1,C6CE4,ATHENS SPIRIT,원유운반선,,,SYNC6CE4_2026_001,SYN-C6CE4_2026_001-2,,O,수출,정박지-E3,액체,디젤 연료/경유,1202,000973,대표화물코드 27·선석 미정·종수가정 2/3,벌크,펌프,TON,28731.6,28731.6,,,31604.8,28731.6,,,울산,,,2026-09-27 18:00:00+00:00,,UPA_SYNTHETIC,IntgCagInfo(SYNTHETIC v4),2026-09-26 06:03:35.102947+00:00,OK,True
KRUSN,2026,16,D5AM8,설퍼 브레이브,케미칼운반선,,,SYND5AM8_2026_016,SYN-D5AM8_2026_016-1,,I,수입,정박지-E1,액체,아크릴로니트릴(안정화),1093,001143,선종(케미칼운반선)·선석 미정·종수가정 7/8,벌크,펌프,TON,24527.9,24527.9,,,26980.7,24527.9,,울산,,,,2026-09-15 14:00:00+00:00,,UPA_SYNTHETIC,IntgCagInfo(SYNTHETIC v4),2026-09-26 06:03:35.105973+00:00,OK,True
KRUSN,2026,16,D5AM8,설퍼 브레이브,케미칼운반선,,,SYND5AM8_2026_016,SYN-D5AM8_2026_016-2,,O,수출,정박지-E1,액체,테트라하이드로푸란,2056,001041,선종(케미칼운반선)·선석 미정·종수가정 7/8,벌크,펌프,TON,16465.8,16465.8,,,18112.4,16465.8,,,울산,,,2026-09-15 14:00:00+00:00,,UPA_SYNTHETIC,IntgCagInfo(SYNTHETIC v4),2026-09-26 06:03:35.105973+00:00,OK,True
KRUSN,2026,16,D5AM8,설퍼 브레이브,케미칼운반선,,,SYND5AM8_2026_016,SYN-D5AM8_2026_016-3,,O,수출,정박지-E1,액체,스티렌 모노머(안정화),2055,001027,선종(케미칼운반선)·선석 미정·종수가정 7/8,벌크,펌프,TON,27236.3,27236.3,,,29959.9,27236.3,,,울산,,,2026-09-15 14:00:00+00:00,,UPA_SYNTHETIC,IntgCagInfo(SYNTHETIC v4),2026-09-26 06:03:35.105973+00:00,OK,True
KRUSN,2026,16,D5AM8,설퍼 브레이브,케미칼운반선,,,SYND5AM8_2026_016,SYN-D5AM8_2026_016-4,,O,수출,정박지-E1,액체,메탄올,1230,001151,선종(케미칼운반선)·선석 미정·종수가정 7/8,벌크,펌프,TON,12689.8,12689.8,,,13958.8,12689.8,,,울산,,,2026-09-15 14:00:00+00:00,,UPA_SYNTHETIC,IntgCagInfo(SYNTHETIC v4),2026-09-26 06:03:35.105973+00:00,OK,True
KRUSN,2026,16,D5AM8,설퍼 브레이브,케미칼운반선,,,SYND5AM8_2026_016,SYN-D5AM8_2026_016-5,,I,수입,정박지-E1,액체,톨루엔,1294,001032,선종(케미칼운반선)·선석 미정·종수가정 7/8,벌크,펌프,TON,3056.0,3056.0,,,3361.6,3056.0,,울산,,,,2026-09-15 14:00:00+00:00,,UPA_SYNTHETIC,IntgCagInfo(SYNTHETIC v4),2026-09-26 06:03:35.105973+00:00,OK,True
KRUSN,2026,16,D5AM8,설퍼 브레이브,케미칼운반선,,,SYND5AM8_2026_016,SYN-D5AM8_2026_016-6,,I,수입,정박지-E1,액체,"1,2-에폭시프로판(산화프로필렌)",1280,001162,선종(케미칼운반선)·선석 미정·종수가정 7/8,벌크,펌프,TON,12343.8,12343.8,,,13578.2,12343.8,,울산,,,,2026-09-15 14:00:00+00:00,,UPA_SYNTHETIC,IntgCagInfo(SYNTHETIC v4),2026-09-26 06:03:35.105973+00:00,OK,True
KRUSN,2026,16,D5AM8,설퍼 브레이브,케미칼운반선,,,SYND5AM8_2026_016,SYN-D5AM8_2026_016-7,,O,수출,정박지-E1,액체,크실렌,1307,001077,선종(케미칼운반선)·선석 미정·종수가정 7/8,벌크,펌프,TON,4026.9,4026.9,,,4429.6,4026.9,,,울산,,,2026-09-15 14:00:00+00:00,,UPA_SYNTHETIC,IntgCagInfo(SYNTHETIC v4),2026-09-26 06:03:35.105973+00:00,OK,True
KRUSN,2026,17,D5AM8,설퍼 브레이브,케미칼운반선,,,SYND5AM8_2026_017,SYN-D5AM8_2026_017-1,,O,수출,정박지-E1,액체,톨루엔,1294,001032,선종(케미칼운반선)·선석 미정·종수가정 7/8,벌크,펌프,TON,25768.1,25768.1,,,28344.9,25768.1,,,울산,,,2026-09-23 00:00:00+00:00,,UPA_SYNTHETIC,IntgCagInfo(SYNTHETIC v4),2026-09-26 06:03:35.106974+00:00,OK,True
KRUSN,2026,17,D5AM8,설퍼 브레이브,케미칼운반선,,,SYND5AM8_2026_017,SYN-D5AM8_2026_017-2,,I,수입,정박지-E1,액체,메탄올,1230,001151,선종(케미칼운반선)·선석 미정·종수가정 7/8,벌크,펌프,TON,12664.6,12664.6,,,13931.1,12664.6,,울산,,,,2026-09-23 00:00:00+00:00,,UPA_SYNTHETIC,IntgCagInfo(SYNTHETIC v4),2026-09-26 06:03:35.106974+00:00,OK,True
KRUSN,2026,17,D5AM8,설퍼 브레이브,케미칼운반선,,,SYND5AM8_2026_017,SYN-D5AM8_2026_017-3,,I,수입,정박지-E1,액체,아크릴로니트릴(안정화),1093,001143,선종(케미칼운반선)·선석 미정·종수가정 7/8,벌크,펌프,TON,7876.3,7876.3,,,8663.9,7876.3,,울산,,,,2026-09-23 00:00:00+00:00,,UPA_SYNTHETIC,IntgCagInfo(SYNTHETIC v4),2026-09-26 06:03:35.106974+00:00,OK,True
KRUSN,2026,17,D5AM8,설퍼 브레이브,케미칼운반선,,,SYND5AM8_2026_017,SYN-D5AM8_2026_017-4,,O,수출,정박지-E1,액체,크실렌,1307,001077,선종(케미칼운반선)·선석 미정·종수가정 7/8,벌크,펌프,TON,15830.7,15830.7,,,17413.8,15830.7,,,울산,,,2026-09-23 00:00:00+00:00,,UPA_SYNTHETIC,IntgCagInfo(SYNTHETIC v4),2026-09-26 06:03:35.106974+00:00,OK,True
KRUSN,2026,17,D5AM8,설퍼 브레이브,케미칼운반선,,,SYND5AM8_2026_017,SYN-D5AM8_2026_017-5,,O,수출,정박지-E1,액체,"1,2-에폭시프로판(산화프로필렌)",1280,001162,선종(케미칼운반선)·선석 미정·종수가정 7/8,벌크,펌프,TON,15329.0,15329.0,,,16861.9,15329.0,,,울산,,,2026-09-23 00:00:00+00:00,,UPA_SYNTHETIC,IntgCagInfo(SYNTHETIC v4),2026-09-26 06:03:35.106974+00:00,OK,True
KRUSN,2026,17,D5AM8,설퍼 브레이브,케미칼운반선,,,SYND5AM8_2026_017,SYN-D5AM8_2026_017-6,,O,수출,정박지-E1,액체,스티렌 모노머(안정화),2055,001027,선종(케미칼운반선)·선석 미정·종수가정 7/8,벌크,펌프,TON,26660.1,26660.1,,,29326.1,26660.1,,,울산,,,2026-09-23 00:00:00+00:00,,UPA_SYNTHETIC,IntgCagInfo(SYNTHETIC v4),2026-09-26 06:03:35.106974+00:00,OK,True
KRUSN,2026,17,D5AM8,설퍼 브레이브,케미칼운반선,,,SYND5AM8_2026_017,SYN-D5AM8_2026_017-7,,O,수출,정박지-E1,액체,테트라하이드로푸란,2056,001041,선종(케미칼운반선)·선석 미정·종수가정 7/8,벌크,펌프,TON,14982.2,14982.2,,,16480.4,14982.2,,,울산,,,2026-09-23 00:00:00+00:00,,UPA_SYNTHETIC,IntgCagInfo(SYNTHETIC v4),2026-09-26 06:03:35.106974+00:00,OK,True
KRUSN,2026,8,D5HE5,NAVIGATOR CETO,LPG운반선,,,SYND5HE5_2026_008,SYN-D5HE5_2026_008-1,,O,수출,2부두,액체,물질 미특정,,,대표화물코드 28·선석분류(액체화학/berth)·VTS 접안·물질 미특정,벌크,펌프,TON,29191.1,29191.1,,,32110.2,29191.1,,,울산,,,2026-09-19 23:00:00+00:00,,UPA_SYNTHETIC,IntgCagInfo(SYNTHETIC v4),2026-09-26 06:03:35.109976+00:00,UNSPECIFIED_SUBSTANCE,True
KRUSN,2026,2,D5HJ9,STOLT VIRTUE,석유제품운반선,,,SYND5HJ9_2026_002,SYN-D5HJ9_2026_002-1,,I,수입,4부두,액체,황산(51% 초과),1830,001049,대표화물코드 28·선석분류(액체화학/berth+UPA)·PORT-MIS 선석·종수가정 1/1,벌크,펌프,TON,21175.6,21175.6,,,23293.2,21175.6,,울산,,,,2026-09-22 15:35:00+00:00,,UPA_SYNTHETIC,IntgCagInfo(SYNTHETIC v4),2026-09-26 06:03:35.112972+00:00,OK,True
KRUSN,2026,2,D5QH3,CLIPPER VIKING,LPG운반선,,,SYND5QH3_2026_002,SYN-D5QH3_2026_002-1,,I,수입,정박지-E3,액체,암모니아(무수),1005,001174,대표화물코드 28·선석 미정·종수가정 1/1,벌크,펌프,TON,17390.2,17390.2,,,19129.2,17390.2,,울산,,,,2026-09-27 06:30:00+00:00,,UPA_SYNTHETIC,IntgCagInfo(SYNTHETIC v4),2026-09-26 06:03:35.115965+00:00,OK,True
KRUSN,2026,1,D5RH3,DELTA ATLNATICA,원유운반선,,,SYND5RH3_2026_001,SYN-D5RH3_2026_001-1,,I,수입,SK2부이,액체,원유,1267,000751,선종(원유운반선)·선석분류(원유/berth+UPA)·PORT-MIS 선석·종수가정 1/1,벌크,펌프,TON,11443.8,11443.8,,,12588.2,11443.8,,울산,,,,2026-09-12 01:00:00+00:00,,UPA_SYNTHETIC,IntgCagInfo(SYNTHETIC v4),2026-09-26 06:03:35.117965+00:00,OK,True
KRUSN,2026,1,D5TF2,DELOS,원유운반선,,,SYND5TF2_2026_001,SYN-D5TF2_2026_001-1,,I,수입,S-Oil부이,액체,원유,1267,000751,대표화물코드 27·선석분류(원유/UPA)·PORT-MIS 선석·종수가정 1/1,벌크,펌프,TON,25082.2,25082.2,,,27590.4,25082.2,,울산,,,,2026-09-25 06:15:00+00:00,,UPA_SYNTHETIC,IntgCagInfo(SYNTHETIC v4),2026-09-26 06:03:35.120611+00:00,OK,True
KRUSN,2026,2,D5TH5,MISTRAL AURORA,석유제품운반선,,,SYND5TH5_2026_002,SYN-D5TH5_2026_002-1,,O,수출,정박지-E2,액체,석유증류물(기타),1268,001128,선종(석유제품운반선)·선석 미정·종수가정 3/4,벌크,펌프,TON,1246.8,1246.8,,,1371.5,1246.8,,,울산,,,2026-09-25 21:00:00+00:00,,UPA_SYNTHETIC,IntgCagInfo(SYNTHETIC v4),2026-09-26 06:03:35.122605+00:00,OK,True
KRUSN,2026,2,D5TH5,MISTRAL AURORA,석유제품운반선,,,SYND5TH5_2026_002,SYN-D5TH5_2026_002-2,,I,수입,정박지-E2,액체,가솔린,1203,016420,선종(석유제품운반선)·선석 미정·종수가정 3/4,벌크,펌프,TON,24548.6,24548.6,,,27003.5,24548.6,,울산,,,,2026-09-25 21:00:00+00:00,,UPA_SYNTHETIC,IntgCagInfo(SYNTHETIC v4),2026-09-26 06:03:35.122605+00:00,OK,True
KRUSN,2026,2,D5TH5,MISTRAL AURORA,석유제품운반선,,,SYND5TH5_2026_002,SYN-D5TH5_2026_002-3,,I,수입,정박지-E2,액체,케로신,1223,000756,선종(석유제품운반선)·선석 미정·종수가정 3/4,벌크,펌프,TON,27881.8,27881.8,,,30670.0,27881.8,,울산,,,,2026-09-25 21:00:00+00:00,,UPA_SYNTHETIC,IntgCagInfo(SYNTHETIC v4),2026-09-26 06:03:35.122605+00:00,OK,True
KRUSN,2026,2,D5VK9,MISTRAL PULSE,석유제품운반선,,,SYND5VK9_2026_002,SYN-D5VK9_2026_002-1,,I,수입,정박지-E1,액체,크실렌,1307,001077,대표화물코드 27·선석 미정·종수가정 2/6,벌크,펌프,TON,26312.9,26312.9,,,28944.2,26312.9,,울산,,,,2026-09-22 05:00:00+00:00,,UPA_SYNTHETIC,IntgCagInfo(SYNTHETIC v4),2026-09-26 06:03:35.123601+00:00,OK,True
KRUSN,2026,2,D5VK9,MISTRAL PULSE,석유제품운반선,,,SYND5VK9_2026_002,SYN-D5VK9_2026_002-2,,O,수출,정박지-E1,액체,디젤 연료/경유,1202,000973,대표화물코드 27·선석 미정·종수가정 2/6,벌크,펌프,TON,1612.7,1612.7,,,1774.0,1612.7,,,울산,,,2026-09-22 05:00:00+00:00,,UPA_SYNTHETIC,IntgCagInfo(SYNTHETIC v4),2026-09-26 06:03:35.123601+00:00,OK,True
KRUSN,2026,1,D5VT2,MORNING CRANE,석유제품운반선,,,SYND5VT2_2026_001,SYN-D5VT2_2026_001-1,,O,수출,정박지-E3,액체,디젤 연료/경유,1202,000973,선종(석유제품운반선)·선석 미정·종수가정 2/4,벌크,펌프,TON,25956.4,25956.4,,,28552.0,25956.4,,,울산,,,2026-09-13 23:00:00+00:00,,UPA_SYNTHETIC,IntgCagInfo(SYNTHETIC v4),2026-09-26 06:03:35.126613+00:00,OK,True
KRUSN,2026,1,D5VT2,MORNING CRANE,석유제품운반선,,,SYND5VT2_2026_001,SYN-D5VT2_2026_001-2,,I,수입,정박지-E3,액체,석유증류물(기타),1268,001128,선종(석유제품운반선)·선석 미정·종수가정 2/4,벌크,펌프,TON,5096.9,5096.9,,,5606.6,5096.9,,울산,,,,2026-09-13 23:00:00+00:00,,UPA_SYNTHETIC,IntgCagInfo(SYNTHETIC v4),2026-09-26 06:03:35.126613+00:00,OK,True
KRUSN,2026,1,D5VU4,SEA GEM,원유운반선,,,SYND5VU4_2026_001,SYN-D5VU4_2026_001-1,,O,수출,S-Oil부이,액체,원유,1267,000751,대표화물코드 27·선석분류(원유/UPA)·PORT-MIS 선석·종수가정 1/1,벌크,펌프,TON,2778.4,2778.4,,,3056.2,2778.4,,,울산,,,2026-09-22 23:00:00+00:00,,UPA_SYNTHETIC,IntgCagInfo(SYNTHETIC v4),2026-09-26 06:03:35.128162+00:00,OK,True
KRUSN,2026,4,D5VU5,GLORIOUS SUNSHINE,케미칼운반선,,,SYND5VU5_2026_004,SYN-D5VU5_2026_004-1,,I,수입,정박지-E2,액체,"1,2-에폭시프로판(산화프로필렌)",1280,001162,선종(케미칼운반선)·선석 미정·종수가정 4/8,벌크,펌프,TON,22700.8,22700.8,,,24970.9,22700.8,,울산,,,,2026-09-21 13:00:00+00:00,,UPA_SYNTHETIC,IntgCagInfo(SYNTHETIC v4),2026-09-26 06:03:35.130159+00:00,OK,True
KRUSN,2026,4,D5VU5,GLORIOUS SUNSHINE,케미칼운반선,,,SYND5VU5_2026_004,SYN-D5VU5_2026_004-2,,I,수입,정박지-E2,액체,벤젠,1114,001008,선종(케미칼운반선)·선석 미정·종수가정 4/8,벌크,펌프,TON,20496.8,20496.8,,,22546.5,20496.8,,울산,,,,2026-09-21 13:00:00+00:00,,UPA_SYNTHETIC,IntgCagInfo(SYNTHETIC v4),2026-09-26 06:03:35.130159+00:00,OK,True
KRUSN,2026,4,D5VU5,GLORIOUS SUNSHINE,케미칼운반선,,,SYND5VU5_2026_004,SYN-D5VU5_2026_004-3,,O,수출,정박지-E2,액체,스티렌 모노머(안정화),2055,001027,선종(케미칼운반선)·선석 미정·종수가정 4/8,벌크,펌프,TON,6679.2,6679.2,,,7347.1,6679.2,,,울산,,,2026-09-21 13:00:00+00:00,,UPA_SYNTHETIC,IntgCagInfo(SYNTHETIC v4),2026-09-26 06:03:35.130159+00:00,OK,True
KRUSN,2026,4,D5VU5,GLORIOUS SUNSHINE,케미칼운반선,,,SYND5VU5_2026_004,SYN-D5VU5_2026_004-4,,I,수입,정박지-E2,액체,메탄올,1230,001151,선종(케미칼운반선)·선석 미정·종수가정 4/8,벌크,펌프,TON,29487.3,29487.3,,,32436.0,29487.3,,울산,,,,2026-09-21 13:00:00+00:00,,UPA_SYNTHETIC,IntgCagInfo(SYNTHETIC v4),2026-09-26 06:03:35.130159+00:00,OK,True
KRUSN,2026,27,D7AT,티앤 이둔,석유제품운반선,,,SYND7AT_2026_027,SYN-D7AT_2026_027-1,,O,수출,6부두,액체,물질 미특정,,,선종(석유제품운반선)·선석분류(액체화학/UPA)·PORT-MIS 선석·물질 미특정,벌크,펌프,TON,29228.5,29228.5,,,32151.4,29228.5,,,울산,,,2026-09-12 14:00:00+00:00,,UPA_SYNTHETIC,IntgCagInfo(SYNTHETIC v4),2026-09-26 06:03:35.132157+00:00,UNSPECIFIED_SUBSTANCE,True
KRUSN,2026,28,D7AT,티앤 이둔,석유제품운반선,,,SYND7AT_2026_028,SYN-D7AT_2026_028-1,,I,수입,정박지-M1,액체,디젤 연료/경유,1202,000973,선종(석유제품운반선)·선석 미정·종수가정 1/4,벌크,펌프,TON,2816.0,2816.0,,,3097.6,2816.0,,울산,,,,2026-09-26 10:00:00+00:00,,UPA_SYNTHETIC,IntgCagInfo(SYNTHETIC v4),2026-09-26 06:03:35.134162+00:00,OK,True
KRUSN,2026,3,D7BF,메리골드,케미칼운반선,,,SYND7BF_2026_003,SYN-D7BF_2026_003-1,,O,수출,정박지-E1,액체,메탄올,1230,001151,선종(케미칼운반선)·선석 미정·종수가정 2/8,벌크,펌프,TON,9683.0,9683.0,,,10651.3,9683.0,,,울산,,,2026-09-27 03:00:00+00:00,,UPA_SYNTHETIC,IntgCagInfo(SYNTHETIC v4),2026-09-26 06:03:35.136398+00:00,OK,True
KRUSN,2026,3,D7BF,메리골드,케미칼운반선,,,SYND7BF_2026_003,SYN-D7BF_2026_003-2,,I,수입,정박지-E1,액체,벤젠,1114,001008,선종(케미칼운반선)·선석 미정·종수가정 2/8,벌크,펌프,TON,17364.5,17364.5,,,19101.0,17364.5,,울산,,,,2026-09-27 03:00:00+00:00,,UPA_SYNTHETIC,IntgCagInfo(SYNTHETIC v4),2026-09-26 06:03:35.136398+00:00,OK,True
KRUSN,2026,25,D7BK,거영블루1,석유제품운반선,,,SYND7BK_2026_025,SYN-D7BK_2026_025-1,,I,수입,가스부두,액체,케로신,1223,000756,선종(석유제품운반선)·선석분류(가스·유류/berth+UPA)·VTS 접안·종수가정 1/4,벌크,펌프,TON,23029.6,23029.6,,,25332.6,23029.6,,울산,,,,2026-09-12 20:00:00+00:00,,UPA_SYNTHETIC,IntgCagInfo(SYNTHETIC v4),2026-09-26 06:03:35.139400+00:00,OK,True
KRUSN,2026,26,D7BK,거영블루1,석유제품운반선,,,SYND7BK_2026_026,SYN-D7BK_2026_026-1,,I,수입,정박지-M6,액체,가솔린,1203,016420,선종(석유제품운반선)·선석 미정·종수가정 4/4,벌크,펌프,TON,26242.9,26242.9,,,28867.2,26242.9,,울산,,,,2026-09-21 07:00:00+00:00,,UPA_SYNTHETIC,IntgCagInfo(SYNTHETIC v4),2026-09-26 06:03:35.140399+00:00,OK,True
KRUSN,2026,26,D7BK,거영블루1,석유제품운반선,,,SYND7BK_2026_026,SYN-D7BK_2026_026-2,,O,수출,정박지-M6,액체,케로신,1223,000756,선종(석유제품운반선)·선석 미정·종수가정 4/4,벌크,펌프,TON,8371.6,8371.6,,,9208.8,8371.6,,,울산,,,2026-09-21 07:00:00+00:00,,UPA_SYNTHETIC,IntgCagInfo(SYNTHETIC v4),2026-09-26 06:03:35.140399+00:00,OK,True
KRUSN,2026,26,D7BK,거영블루1,석유제품운반선,,,SYND7BK_2026_026,SYN-D7BK_2026_026-3,,I,수입,정박지-M6,액체,디젤 연료/경유,1202,000973,선종(석유제품운반선)·선석 미정·종수가정 4/4,벌크,펌프,TON,17073.7,17073.7,,,18781.1,17073.7,,울산,,,,2026-09-21 07:00:00+00:00,,UPA_SYNTHETIC,IntgCagInfo(SYNTHETIC v4),2026-09-26 06:03:35.140399+00:00,OK,True
KRUSN,2026,26,D7BK,거영블루1,석유제품운반선,,,SYND7BK_2026_026,SYN-D7BK_2026_026-4,,I,수입,정박지-M6,액체,석유증류물(기타),1268,001128,선종(석유제품운반선)·선석 미정·종수가정 4/4,벌크,펌프,TON,15838.4,15838.4,,,17422.2,15838.4,,울산,,,,2026-09-21 07:00:00+00:00,,UPA_SYNTHETIC,IntgCagInfo(SYNTHETIC v4),2026-09-26 06:03:35.140399+00:00,OK,True
KRUSN,2026,17,D7BN,우동,케미칼운반선,,,SYND7BN_2026_017,SYN-D7BN_2026_017-1,,O,수출,신항남방파제 T/S부두,액체,메탄올,1230,001151,선종(케미칼운반선)·선석분류(액체화학·유류/berth+UPA)·PORT-MIS 선석·종수가정 3/8,벌크,펌프,TON,13929.2,13929.2,,,15322.1,13929.2,,,울산,,,2026-09-21 01:05:00+00:00,,UPA_SYNTHETIC,IntgCagInfo(SYNTHETIC v4),2026-09-26 06:03:35.142395+00:00,OK,True
KRUSN,2026,17,D7BN,우동,케미칼운반선,,,SYND7BN_2026_017,SYN-D7BN_2026_017-2,,I,수입,신항남방파제 T/S부두,액체,스티렌 모노머(안정화),2055,001027,선종(케미칼운반선)·선석분류(액체화학·유류/berth+UPA)·PORT-MIS 선석·종수가정 3/8,벌크,펌프,TON,6817.1,6817.1,,,7498.8,6817.1,,울산,,,,2026-09-21 01:05:00+00:00,,UPA_SYNTHETIC,IntgCagInfo(SYNTHETIC v4),2026-09-26 06:03:35.142395+00:00,OK,True
KRUSN,2026,17,D7BN,우동,케미칼운반선,,,SYND7BN_2026_017,SYN-D7BN_2026_017-3,,I,수입,신항남방파제 T/S부두,액체,벤젠,1114,001008,선종(케미칼운반선)·선석분류(액체화학·유류/berth+UPA)·PORT-MIS 선석·종수가정 3/8,벌크,펌프,TON,4036.5,4036.5,,,4440.2,4036.5,,울산,,,,2026-09-21 01:05:00+00:00,,UPA_SYNTHETIC,IntgCagInfo(SYNTHETIC v4),2026-09-26 06:03:35.142395+00:00,OK,True
KRUSN,2026,26,D7BV,하나 파이오니어,케미칼운반선,,,SYND7BV_2026_026,SYN-D7BV_2026_026-1,,I,수입,정박지-M3,액체,톨루엔,1294,001032,선종(케미칼운반선)·선석 미정·종수가정 7/8,벌크,펌프,TON,29509.5,29509.5,,,32460.5,29509.5,,울산,,,,2026-09-13 01:00:00+00:00,,UPA_SYNTHETIC,IntgCagInfo(SYNTHETIC v4),2026-09-26 06:03:35.145400+00:00,OK,True
KRUSN,2026,26,D7BV,하나 파이오니어,케미칼운반선,,,SYND7BV_2026_026,SYN-D7BV_2026_026-2,,I,수입,정박지-M3,액체,메탄올,1230,001151,선종(케미칼운반선)·선석 미정·종수가정 7/8,벌크,펌프,TON,7040.0,7040.0,,,7744.0,7040.0,,울산,,,,2026-09-13 01:00:00+00:00,,UPA_SYNTHETIC,IntgCagInfo(SYNTHETIC v4),2026-09-26 06:03:35.145400+00:00,OK,True
KRUSN,2026,26,D7BV,하나 파이오니어,케미칼운반선,,,SYND7BV_2026_026,SYN-D7BV_2026_026-3,,O,수출,정박지-M3,액체,아크릴로니트릴(안정화),1093,001143,선종(케미칼운반선)·선석 미정·종수가정 7/8,벌크,펌프,TON,11756.1,11756.1,,,12931.7,11756.1,,,울산,,,2026-09-13 01:00:00+00:00,,UPA_SYNTHETIC,IntgCagInfo(SYNTHETIC v4),2026-09-26 06:03:35.145400+00:00,OK,True
KRUSN,2026,26,D7BV,하나 파이오니어,케미칼운반선,,,SYND7BV_2026_026,SYN-D7BV_2026_026-4,,O,수출,정박지-M3,액체,벤젠,1114,001008,선종(케미칼운반선)·선석 미정·종수가정 7/8,벌크,펌프,TON,24769.7,24769.7,,,27246.7,24769.7,,,울산,,,2026-09-13 01:00:00+00:00,,UPA_SYNTHETIC,IntgCagInfo(SYNTHETIC v4),2026-09-26 06:03:35.145400+00:00,OK,True
KRUSN,2026,26,D7BV,하나 파이오니어,케미칼운반선,,,SYND7BV_2026_026,SYN-D7BV_2026_026-5,,I,수입,정박지-M3,액체,스티렌 모노머(안정화),2055,001027,선종(케미칼운반선)·선석 미정·종수가정 7/8,벌크,펌프,TON,11026.5,11026.5,,,12129.2,11026.5,,울산,,,,2026-09-13 01:00:00+00:00,,UPA_SYNTHETIC,IntgCagInfo(SYNTHETIC v4),2026-09-26 06:03:35.145400+00:00,OK,True
KRUSN,2026,26,D7BV,하나 파이오니어,케미칼운반선,,,SYND7BV_2026_026,SYN-D7BV_2026_026-6,,O,수출,정박지-M3,액체,테트라하이드로푸란,2056,001041,선종(케미칼운반선)·선석 미정·종수가정 7/8,벌크,펌프,TON,16650.1,16650.1,,,18315.1,16650.1,,,울산,,,2026-09-13 01:00:00+00:00,,UPA_SYNTHETIC,IntgCagInfo(SYNTHETIC v4),2026-09-26 06:03:35.145400+00:00,OK,True
KRUSN,2026,26,D7BV,하나 파이오니어,케미칼운반선,,,SYND7BV_2026_026,SYN-D7BV_2026_026-7,,I,수입,정박지-M3,액체,"1,2-에폭시프로판(산화프로필렌)",1280,001162,선종(케미칼운반선)·선석 미정·종수가정 7/8,벌크,펌프,TON,18384.2,18384.2,,,20222.6,18384.2,,울산,,,,2026-09-13 01:00:00+00:00,,UPA_SYNTHETIC,IntgCagInfo(SYNTHETIC v4),2026-09-26 06:03:35.145400+00:00,OK,True
KRUSN,2026,27,D7BV,하나 파이오니어,케미칼운반선,,,SYND7BV_2026_027,SYN-D7BV_2026_027-1,,I,수입,정박지-M4,액체,테트라하이드로푸란,2056,001041,대표화물코드 29·선석 미정·종수가정 1/8,벌크,펌프,TON,15069.0,15069.0,,,16575.9,15069.0,,울산,,,,2026-09-25 12:00:00+00:00,,UPA_SYNTHETIC,IntgCagInfo(SYNTHETIC v4),2026-09-26 06:03:35.145400+00:00,OK,True
KRUSN,2026,17,D7BW,타이하이 5,케미칼운반선,,,SYND7BW_2026_017,SYN-D7BW_2026_017-1,,I,수입,정박지-E1,액체,벤젠,1114,001008,선종(케미칼운반선)·선석 미정·종수가정 8/8,벌크,펌프,TON,6484.8,6484.8,,,7133.3,6484.8,,울산,,,,2026-09-20 09:00:00+00:00,,UPA_SYNTHETIC,IntgCagInfo(SYNTHETIC v4),2026-09-26 06:03:35.148405+00:00,OK,True
KRUSN,2026,17,D7BW,타이하이 5,케미칼운반선,,,SYND7BW_2026_017,SYN-D7BW_2026_017-2,,O,수출,정박지-E1,액체,크실렌,1307,001077,선종(케미칼운반선)·선석 미정·종수가정 8/8,벌크,펌프,TON,25140.6,25140.6,,,27654.7,25140.6,,,울산,,,2026-09-20 09:00:00+00:00,,UPA_SYNTHETIC,IntgCagInfo(SYNTHETIC v4),2026-09-26 06:03:35.148405+00:00,OK,True
KRUSN,2026,17,D7BW,타이하이 5,케미칼운반선,,,SYND7BW_2026_017,SYN-D7BW_2026_017-3,,I,수입,정박지-E1,액체,"1,2-에폭시프로판(산화프로필렌)",1280,001162,선종(케미칼운반선)·선석 미정·종수가정 8/8,벌크,펌프,TON,21703.8,21703.8,,,23874.2,21703.8,,울산,,,,2026-09-20 09:00:00+00:00,,UPA_SYNTHETIC,IntgCagInfo(SYNTHETIC v4),2026-09-26 06:03:35.148405+00:00,OK,True
KRUSN,2026,17,D7BW,타이하이 5,케미칼운반선,,,SYND7BW_2026_017,SYN-D7BW_2026_017-4,,O,수출,정박지-E1,액체,아크릴로니트릴(안정화),1093,001143,선종(케미칼운반선)·선석 미정·종수가정 8/8,벌크,펌프,TON,6086.5,6086.5,,,6695.2,6086.5,,,울산,,,2026-09-20 09:00:00+00:00,,UPA_SYNTHETIC,IntgCagInfo(SYNTHETIC v4),2026-09-26 06:03:35.148405+00:00,OK,True
KRUSN,2026,17,D7BW,타이하이 5,케미칼운반선,,,SYND7BW_2026_017,SYN-D7BW_2026_017-5,,I,수입,정박지-E1,액체,메탄올,1230,001151,선종(케미칼운반선)·선석 미정·종수가정 8/8,벌크,펌프,TON,26977.6,26977.6,,,29675.4,26977.6,,울산,,,,2026-09-20 09:00:00+00:00,,UPA_SYNTHETIC,IntgCagInfo(SYNTHETIC v4),2026-09-26 06:03:35.148405+00:00,OK,True
KRUSN,2026,17,D7BW,타이하이 5,케미칼운반선,,,SYND7BW_2026_017,SYN-D7BW_2026_017-6,,I,수입,정박지-E1,액체,스티렌 모노머(안정화),2055,001027,선종(케미칼운반선)·선석 미정·종수가정 8/8,벌크,펌프,TON,19298.0,19298.0,,,21227.8,19298.0,,울산,,,,2026-09-20 09:00:00+00:00,,UPA_SYNTHETIC,IntgCagInfo(SYNTHETIC v4),2026-09-26 06:03:35.148405+00:00,OK,True
KRUSN,2026,17,D7BW,타이하이 5,케미칼운반선,,,SYND7BW_2026_017,SYN-D7BW_2026_017-7,,I,수입,정박지-E1,액체,테트라하이드로푸란,2056,001041,선종(케미칼운반선)·선석 미정·종수가정 8/8,벌크,펌프,TON,13747.0,13747.0,,,15121.7,13747.0,,울산,,,,2026-09-20 09:00:00+00:00,,UPA_SYNTHETIC,IntgCagInfo(SYNTHETIC v4),2026-09-26 06:03:35.148405+00:00,OK,True
KRUSN,2026,17,D7BW,타이하이 5,케미칼운반선,,,SYND7BW_2026_017,SYN-D7BW_2026_017-8,,I,수입,정박지-E1,액체,톨루엔,1294,001032,선종(케미칼운반선)·선석 미정·종수가정 8/8,벌크,펌프,TON,5802.2,5802.2,,,6382.4,5802.2,,울산,,,,2026-09-20 09:00:00+00:00,,UPA_SYNTHETIC,IntgCagInfo(SYNTHETIC v4),2026-09-26 06:03:35.148405+00:00,OK,True
KRUSN,2026,6,D7BX,디에스 베가,석유제품운반선,,,SYND7BX_2026_006,SYN-D7BX_2026_006-1,,O,수출,S-Oil 2부두,액체,케로신,1223,000756,선종(석유제품운반선)·선석분류(액체화학·유류/berth+UPA)·VTS 접안·종수가정 3/4,벌크,펌프,TON,29011.6,29011.6,,,31912.8,29011.6,,,울산,,,2026-09-12 02:00:00+00:00,,UPA_SYNTHETIC,IntgCagInfo(SYNTHETIC v4),2026-09-26 06:03:35.152145+00:00,OK,True
KRUSN,2026,6,D7BX,디에스 베가,석유제품운반선,,,SYND7BX_2026_006,SYN-D7BX_2026_006-2,,I,수입,S-Oil 2부두,액체,디젤 연료/경유,1202,000973,선종(석유제품운반선)·선석분류(액체화학·유류/berth+UPA)·VTS 접안·종수가정 3/4,벌크,펌프,TON,21114.4,21114.4,,,23225.8,21114.4,,울산,,,,2026-09-12 02:00:00+00:00,,UPA_SYNTHETIC,IntgCagInfo(SYNTHETIC v4),2026-09-26 06:03:35.152145+00:00,OK,True
KRUSN,2026,6,D7BX,디에스 베가,석유제품운반선,,,SYND7BX_2026_006,SYN-D7BX_2026_006-3,,I,수입,S-Oil 2부두,액체,가솔린,1203,016420,선종(석유제품운반선)·선석분류(액체화학·유류/berth+UPA)·VTS 접안·종수가정 3/4,벌크,펌프,TON,14894.2,14894.2,,,16383.6,14894.2,,울산,,,,2026-09-12 02:00:00+00:00,,UPA_SYNTHETIC,IntgCagInfo(SYNTHETIC v4),2026-09-26 06:03:35.152145+00:00,OK,True
KRUSN,2026,7,D7BX,디에스 베가,석유제품운반선,,,SYND7BX_2026_007,SYN-D7BX_2026_007-1,,I,수입,2부두,액체,물질 미특정,,,선종(석유제품운반선)·선석분류(액체화학/berth)·VTS 접안·물질 미특정,벌크,펌프,TON,19554.8,19554.8,,,21510.3,19554.8,,울산,,,,2026-09-21 01:00:00+00:00,,UPA_SYNTHETIC,IntgCagInfo(SYNTHETIC v4),2026-09-26 06:03:35.154147+00:00,UNSPECIFIED_SUBSTANCE,True
KRUSN,2026,21,D7CQ,우진,석유제품운반선,,,SYND7CQ_2026_021,SYN-D7CQ_2026_021-1,,I,수입,정박지-E1,액체,석유증류물(기타),1268,001128,선종(석유제품운반선)·선석 미정·종수가정 1/4,벌크,펌프,TON,1110.5,1110.5,,,1221.6,1110.5,,울산,,,,2026-09-13 23:00:00+00:00,,UPA_SYNTHETIC,IntgCagInfo(SYNTHETIC v4),2026-09-26 06:03:35.155139+00:00,OK,True
KRUSN,2026,22,D7CQ,우진,석유제품운반선,,,SYND7CQ_2026_022,SYN-D7CQ_2026_022-1,,O,수출,정박지-E1,액체,디젤 연료/경유,1202,000973,선종(석유제품운반선)·선석 미정·종수가정 4/4,벌크,펌프,TON,7931.3,7931.3,,,8724.4,7931.3,,,울산,,,2026-09-24 23:00:00+00:00,,UPA_SYNTHETIC,IntgCagInfo(SYNTHETIC v4),2026-09-26 06:03:35.156140+00:00,OK,True
KRUSN,2026,22,D7CQ,우진,석유제품운반선,,,SYND7CQ_2026_022,SYN-D7CQ_2026_022-2,,I,수입,정박지-E1,액체,석유증류물(기타),1268,001128,선종(석유제품운반선)·선석 미정·종수가정 4/4,벌크,펌프,TON,11102.2,11102.2,,,12212.4,11102.2,,울산,,,,2026-09-24 23:00:00+00:00,,UPA_SYNTHETIC,IntgCagInfo(SYNTHETIC v4),2026-09-26 06:03:35.156140+00:00,OK,True
KRUSN,2026,22,D7CQ,우진,석유제품운반선,,,SYND7CQ_2026_022,SYN-D7CQ_2026_022-3,,O,수출,정박지-E1,액체,가솔린,1203,016420,선종(석유제품운반선)·선석 미정·종수가정 4/4,벌크,펌프,TON,16146.4,16146.4,,,17761.0,16146.4,,,울산,,,2026-09-24 23:00:00+00:00,,UPA_SYNTHETIC,IntgCagInfo(SYNTHETIC v4),2026-09-26 06:03:35.156140+00:00,OK,True
KRUSN,2026,22,D7CQ,우진,석유제품운반선,,,SYND7CQ_2026_022,SYN-D7CQ_2026_022-4,,I,수입,정박지-E1,액체,케로신,1223,000756,선종(석유제품운반선)·선석 미정·종수가정 4/4,벌크,펌프,TON,20203.7,20203.7,,,22224.1,20203.7,,울산,,,,2026-09-24 23:00:00+00:00,,UPA_SYNTHETIC,IntgCagInfo(SYNTHETIC v4),2026-09-26 06:03:35.156140+00:00,OK,True
KRUSN,2026,19,D7DD,오션에이스11,석유제품운반선,,,SYND7DD_2026_019,SYN-D7DD_2026_019-1,,I,수입,정박지-M3,액체,가솔린,1203,016420,선종(석유제품운반선)·선석 미정·종수가정 1/4,벌크,펌프,TON,10231.1,10231.1,,,11254.2,10231.1,,울산,,,,2026-09-13 06:00:00+00:00,,UPA_SYNTHETIC,IntgCagInfo(SYNTHETIC v4),2026-09-26 06:03:35.157136+00:00,OK,True
KRUSN,2026,18,D7DL,우황,석유제품운반선,,,SYND7DL_2026_018,SYN-D7DL_2026_018-1,,I,수입,정박지-E1,액체,디젤 연료/경유,1202,000973,선종(석유제품운반선)·선석 미정·종수가정 4/4,벌크,펌프,TON,913.8,913.8,,,1005.2,913.8,,울산,,,,2026-09-22 13:00:00+00:00,,UPA_SYNTHETIC,IntgCagInfo(SYNTHETIC v4),2026-09-26 06:03:35.160141+00:00,OK,True
KRUSN,2026,18,D7DL,우황,석유제품운반선,,,SYND7DL_2026_018,SYN-D7DL_2026_018-2,,I,수입,정박지-E1,액체,가솔린,1203,016420,선종(석유제품운반선)·선석 미정·종수가정 4/4,벌크,펌프,TON,11243.6,11243.6,,,12368.0,11243.6,,울산,,,,2026-09-22 13:00:00+00:00,,UPA_SYNTHETIC,IntgCagInfo(SYNTHETIC v4),2026-09-26 06:03:35.160704+00:00,OK,True
KRUSN,2026,18,D7DL,우황,석유제품운반선,,,SYND7DL_2026_018,SYN-D7DL_2026_018-3,,I,수입,정박지-E1,액체,케로신,1223,000756,선종(석유제품운반선)·선석 미정·종수가정 4/4,벌크,펌프,TON,12640.9,12640.9,,,13905.0,12640.9,,울산,,,,2026-09-22 13:00:00+00:00,,UPA_SYNTHETIC,IntgCagInfo(SYNTHETIC v4),2026-09-26 06:03:35.160787+00:00,OK,True
KRUSN,2026,18,D7DL,우황,석유제품운반선,,,SYND7DL_2026_018,SYN-D7DL_2026_018-4,,I,수입,정박지-E1,액체,석유증류물(기타),1268,001128,선종(석유제품운반선)·선석 미정·종수가정 4/4,벌크,펌프,TON,1517.9,1517.9,,,1669.7,1517.9,,울산,,,,2026-09-22 13:00:00+00:00,,UPA_SYNTHETIC,IntgCagInfo(SYNTHETIC v4),2026-09-26 06:03:35.160787+00:00,OK,True
KRUSN,2026,19,D7DL,우황,석유제품운반선,,,SYND7DL_2026_019,SYN-D7DL_2026_019-1,,I,수입,정박지-E1,액체,가솔린,1203,016420,선종(석유제품운반선)·선석 미정·종수가정 2/4,벌크,펌프,TON,24984.2,24984.2,,,27482.6,24984.2,,울산,,,,2026-09-28 23:00:00+00:00,,UPA_SYNTHETIC,IntgCagInfo(SYNTHETIC v4),2026-09-26 06:03:35.160787+00:00,OK,True
KRUSN,2026,19,D7DL,우황,석유제품운반선,,,SYND7DL_2026_019,SYN-D7DL_2026_019-2,,O,수출,정박지-E1,액체,디젤 연료/경유,1202,000973,선종(석유제품운반선)·선석 미정·종수가정 2/4,벌크,펌프,TON,10044.5,10044.5,,,11049.0,10044.5,,,울산,,,2026-09-28 23:00:00+00:00,,UPA_SYNTHETIC,IntgCagInfo(SYNTHETIC v4),2026-09-26 06:03:35.160787+00:00,OK,True
KRUSN,2026,7,D7ES,INCHEON CHEMI,케미칼운반선,,,SYND7ES_2026_007,SYN-D7ES_2026_007-1,,O,수출,3부두,액체,아크릴로니트릴(안정화),1093,001143,선종(케미칼운반선)·선석분류(가스·액체화학·유류/berth+UPA)·PORT-MIS 선석·종수가정 7/8,벌크,펌프,TON,13662.0,13662.0,,,15028.2,13662.0,,,울산,,,2026-09-12 17:00:00+00:00,,UPA_SYNTHETIC,IntgCagInfo(SYNTHETIC v4),2026-09-26 06:03:35.163688+00:00,OK,True
KRUSN,2026,7,D7ES,INCHEON CHEMI,케미칼운반선,,,SYND7ES_2026_007,SYN-D7ES_2026_007-2,,O,수출,3부두,액체,톨루엔,1294,001032,선종(케미칼운반선)·선석분류(가스·액체화학·유류/berth+UPA)·PORT-MIS 선석·종수가정 7/8,벌크,펌프,TON,13630.0,13630.0,,,14993.0,13630.0,,,울산,,,2026-09-12 17:00:00+00:00,,UPA_SYNTHETIC,IntgCagInfo(SYNTHETIC v4),2026-09-26 06:03:35.163688+00:00,OK,True
KRUSN,2026,7,D7ES,INCHEON CHEMI,케미칼운반선,,,SYND7ES_2026_007,SYN-D7ES_2026_007-3,,O,수출,3부두,액체,스티렌 모노머(안정화),2055,001027,선종(케미칼운반선)·선석분류(가스·액체화학·유류/berth+UPA)·PORT-MIS 선석·종수가정 7/8,벌크,펌프,TON,23285.3,23285.3,,,25613.8,23285.3,,,울산,,,2026-09-12 17:00:00+00:00,,UPA_SYNTHETIC,IntgCagInfo(SYNTHETIC v4),2026-09-26 06:03:35.163688+00:00,OK,True
KRUSN,2026,7,D7ES,INCHEON CHEMI,케미칼운반선,,,SYND7ES_2026_007,SYN-D7ES_2026_007-4,,I,수입,3부두,액체,벤젠,1114,001008,선종(케미칼운반선)·선석분류(가스·액체화학·유류/berth+UPA)·PORT-MIS 선석·종수가정 7/8,벌크,펌프,TON,16101.2,16101.2,,,17711.3,16101.2,,울산,,,,2026-09-12 17:00:00+00:00,,UPA_SYNTHETIC,IntgCagInfo(SYNTHETIC v4),2026-09-26 06:03:35.163688+00:00,OK,True
KRUSN,2026,7,D7ES,INCHEON CHEMI,케미칼운반선,,,SYND7ES_2026_007,SYN-D7ES_2026_007-5,,I,수입,3부두,액체,테트라하이드로푸란,2056,001041,선종(케미칼운반선)·선석분류(가스·액체화학·유류/berth+UPA)·PORT-MIS 선석·종수가정 7/8,벌크,펌프,TON,11120.3,11120.3,,,12232.3,11120.3,,울산,,,,2026-09-12 17:00:00+00:00,,UPA_SYNTHETIC,IntgCagInfo(SYNTHETIC v4),2026-09-26 06:03:35.163688+00:00,OK,True
KRUSN,2026,7,D7ES,INCHEON CHEMI,케미칼운반선,,,SYND7ES_2026_007,SYN-D7ES_2026_007-6,,I,수입,3부두,액체,크실렌,1307,001077,선종(케미칼운반선)·선석분류(가스·액체화학·유류/berth+UPA)·PORT-MIS 선석·종수가정 7/8,벌크,펌프,TON,4211.2,4211.2,,,4632.3,4211.2,,울산,,,,2026-09-12 17:00:00+00:00,,UPA_SYNTHETIC,IntgCagInfo(SYNTHETIC v4),2026-09-26 06:03:35.163688+00:00,OK,True
KRUSN,2026,7,D7ES,INCHEON CHEMI,케미칼운반선,,,SYND7ES_2026_007,SYN-D7ES_2026_007-7,,I,수입,3부두,액체,"1,2-에폭시프로판(산화프로필렌)",1280,001162,선종(케미칼운반선)·선석분류(가스·액체화학·유류/berth+UPA)·PORT-MIS 선석·종수가정 7/8,벌크,펌프,TON,14923.4,14923.4,,,16415.7,14923.4,,울산,,,,2026-09-12 17:00:00+00:00,,UPA_SYNTHETIC,IntgCagInfo(SYNTHETIC v4),2026-09-26 06:03:35.163688+00:00,OK,True
KRUSN,2026,5,D7EX,케미칼 마케터,석유제품운반선,,,SYND7EX_2026_005,SYN-D7EX_2026_005-1,,I,수입,정박지-E1,액체,크실렌,1307,001077,대표화물코드 29·선석 미정·종수가정 2/6,벌크,펌프,TON,25112.1,25112.1,,,27623.3,25112.1,,울산,,,,2026-09-28 09:00:00+00:00,,UPA_SYNTHETIC,IntgCagInfo(SYNTHETIC v4),2026-09-26 06:03:35.166370+00:00,OK,True
KRUSN,2026,5,D7EX,케미칼 마케터,석유제품운반선,,,SYND7EX_2026_005,SYN-D7EX_2026_005-2,,O,수출,정박지-E1,액체,메탄올,1230,001151,대표화물코드 29·선석 미정·종수가정 2/6,벌크,펌프,TON,4814.5,4814.5,,,5296.0,4814.5,,,울산,,,2026-09-28 09:00:00+00:00,,UPA_SYNTHETIC,IntgCagInfo(SYNTHETIC v4),2026-09-26 06:03:35.166370+00:00,OK,True
KRUSN,2026,2,D7FR,썬 프리지아,석유제품운반선,,,SYND7FR_2026_002,SYN-D7FR_2026_002-1,,I,수입,정박지-E1,액체,케로신,1223,000756,대표화물코드 27·선석 미정·종수가정 3/6,벌크,펌프,TON,9476.3,9476.3,,,10423.9,9476.3,,울산,,,,2026-09-22 02:30:00+00:00,,UPA_SYNTHETIC,IntgCagInfo(SYNTHETIC v4),2026-09-26 06:03:35.167364+00:00,OK,True
KRUSN,2026,2,D7FR,썬 프리지아,석유제품운반선,,,SYND7FR_2026_002,SYN-D7FR_2026_002-2,,O,수출,정박지-E1,액체,디젤 연료/경유,1202,000973,대표화물코드 27·선석 미정·종수가정 3/6,벌크,펌프,TON,21548.6,21548.6,,,23703.5,21548.6,,,울산,,,2026-09-22 02:30:00+00:00,,UPA_SYNTHETIC,IntgCagInfo(SYNTHETIC v4),2026-09-26 06:03:35.167364+00:00,OK,True
KRUSN,2026,2,D7FR,썬 프리지아,석유제품운반선,,,SYND7FR_2026_002,SYN-D7FR_2026_002-3,,I,수입,정박지-E1,액체,석유증류물(기타),1268,001128,대표화물코드 27·선석 미정·종수가정 3/6,벌크,펌프,TON,6111.2,6111.2,,,6722.3,6111.2,,울산,,,,2026-09-22 02:30:00+00:00,,UPA_SYNTHETIC,IntgCagInfo(SYNTHETIC v4),2026-09-26 06:03:35.167364+00:00,OK,True
KRUSN,2026,20,D7HF,한유 프론티어,케미칼운반선,,,SYND7HF_2026_020,SYN-D7HF_2026_020-1,,I,수입,SK1부두,액체,물질 미특정,,,선종(케미칼운반선)·선석분류(유류/berth+UPA)·VTS 접안·물질 미특정,벌크,펌프,TON,18745.8,18745.8,,,20620.4,18745.8,,울산,,,,2026-09-13 04:00:00+00:00,,UPA_SYNTHETIC,IntgCagInfo(SYNTHETIC v4),2026-09-26 06:03:35.170365+00:00,UNSPECIFIED_SUBSTANCE,True
KRUSN,2026,21,D7HF,한유 프론티어,케미칼운반선,,,SYND7HF_2026_021,SYN-D7HF_2026_021-1,,I,수입,벙커링전용정박지-B12,액체,크실렌,1307,001077,선종(케미칼운반선)·선석 미정·종수가정 3/8,벌크,펌프,TON,17122.2,17122.2,,,18834.4,17122.2,,울산,,,,2026-09-21 09:00:00+00:00,,UPA_SYNTHETIC,IntgCagInfo(SYNTHETIC v4),2026-09-26 06:03:35.171370+00:00,OK,True
KRUSN,2026,21,D7HF,한유 프론티어,케미칼운반선,,,SYND7HF_2026_021,SYN-D7HF_2026_021-2,,O,수출,벙커링전용정박지-B12,액체,아크릴로니트릴(안정화),1093,001143,선종(케미칼운반선)·선석 미정·종수가정 3/8,벌크,펌프,TON,27067.1,27067.1,,,29773.8,27067.1,,,울산,,,2026-09-21 09:00:00+00:00,,UPA_SYNTHETIC,IntgCagInfo(SYNTHETIC v4),2026-09-26 06:03:35.171370+00:00,OK,True
KRUSN,2026,21,D7HF,한유 프론티어,케미칼운반선,,,SYND7HF_2026_021,SYN-D7HF_2026_021-3,,O,수출,벙커링전용정박지-B12,액체,스티렌 모노머(안정화),2055,001027,선종(케미칼운반선)·선석 미정·종수가정 3/8,벌크,펌프,TON,7156.1,7156.1,,,7871.7,7156.1,,,울산,,,2026-09-21 09:00:00+00:00,,UPA_SYNTHETIC,IntgCagInfo(SYNTHETIC v4),2026-09-26 06:03:35.171370+00:00,OK,True
KRUSN,2026,19,D7IE,에프씨 델라,케미칼운반선,,,SYND7IE_2026_019,SYN-D7IE_2026_019-1,,I,수입,정박지-E1,액체,황산(51% 초과),1830,001049,대표화물코드 28·선석 미정·종수가정 1/1,벌크,펌프,TON,9665.2,9665.2,,,10631.7,9665.2,,울산,,,,2026-09-24 14:30:00+00:00,,UPA_SYNTHETIC,IntgCagInfo(SYNTHETIC v4),2026-09-26 06:03:35.173364+00:00,OK,True
KRUSN,2026,12,D7KS,거영 스타 5,석유제품운반선,,,SYND7KS_2026_012,SYN-D7KS_2026_012-1,,I,수입,정박지-E1,액체,디젤 연료/경유,1202,000973,선종(석유제품운반선)·선석 미정·종수가정 4/4,벌크,펌프,TON,14828.0,14828.0,,,16310.8,14828.0,,울산,,,,2026-09-27 01:00:00+00:00,,UPA_SYNTHETIC,IntgCagInfo(SYNTHETIC v4),2026-09-26 06:03:35.174366+00:00,OK,True
KRUSN,2026,12,D7KS,거영 스타 5,석유제품운반선,,,SYND7KS_2026_012,SYN-D7KS_2026_012-2,,O,수출,정박지-E1,액체,석유증류물(기타),1268,001128,선종(석유제품운반선)·선석 미정·종수가정 4/4,벌크,펌프,TON,4292.6,4292.6,,,4721.9,4292.6,,,울산,,,2026-09-27 01:00:00+00:00,,UPA_SYNTHETIC,IntgCagInfo(SYNTHETIC v4),2026-09-26 06:03:35.174366+00:00,OK,True
KRUSN,2026,12,D7KS,거영 스타 5,석유제품운반선,,,SYND7KS_2026_012,SYN-D7KS_2026_012-3,,O,수출,정박지-E1,액체,케로신,1223,000756,선종(석유제품운반선)·선석 미정·종수가정 4/4,벌크,펌프,TON,4292.3,4292.3,,,4721.5,4292.3,,,울산,,,2026-09-27 01:00:00+00:00,,UPA_SYNTHETIC,IntgCagInfo(SYNTHETIC v4),2026-09-26 06:03:35.174366+00:00,OK,True
KRUSN,2026,12,D7KS,거영 스타 5,석유제품운반선,,,SYND7KS_2026_012,SYN-D7KS_2026_012-4,,I,수입,정박지-E1,액체,가솔린,1203,016420,선종(석유제품운반선)·선석 미정·종수가정 4/4,벌크,펌프,TON,2856.5,2856.5,,,3142.2,2856.5,,울산,,,,2026-09-27 01:00:00+00:00,,UPA_SYNTHETIC,IntgCagInfo(SYNTHETIC v4),2026-09-26 06:03:35.174366+00:00,OK,True
KRUSN,2026,36,D7LG,거영썬3,석유제품운반선,,,SYND7LG_2026_036,SYN-D7LG_2026_036-1,,I,수입,정박지-M1,액체,가솔린,1203,016420,선종(석유제품운반선)·선석 미정·종수가정 3/4,벌크,펌프,TON,13036.6,13036.6,,,14340.3,13036.6,,울산,,,,2026-09-12 07:00:00+00:00,,UPA_SYNTHETIC,IntgCagInfo(SYNTHETIC v4),2026-09-26 06:03:35.177948+00:00,OK,True
KRUSN,2026,36,D7LG,거영썬3,석유제품운반선,,,SYND7LG_2026_036,SYN-D7LG_2026_036-2,,O,수출,정박지-M1,액체,케로신,1223,000756,선종(석유제품운반선)·선석 미정·종수가정 3/4,벌크,펌프,TON,18762.2,18762.2,,,20638.4,18762.2,,,울산,,,2026-09-12 07:00:00+00:00,,UPA_SYNTHETIC,IntgCagInfo(SYNTHETIC v4),2026-09-26 06:03:35.177948+00:00,OK,True
KRUSN,2026,36,D7LG,거영썬3,석유제품운반선,,,SYND7LG_2026_036,SYN-D7LG_2026_036-3,,O,수출,정박지-M1,액체,석유증류물(기타),1268,001128,선종(석유제품운반선)·선석 미정·종수가정 3/4,벌크,펌프,TON,17132.6,17132.6,,,18845.9,17132.6,,,울산,,,2026-09-12 07:00:00+00:00,,UPA_SYNTHETIC,IntgCagInfo(SYNTHETIC v4),2026-09-26 06:03:35.177948+00:00,OK,True
KRUSN,2026,37,D7LG,거영썬3,석유제품운반선,,,SYND7LG_2026_037,SYN-D7LG_2026_037-1,,O,수출,정박지-M1,액체,가솔린,1203,016420,선종(석유제품운반선)·선석 미정·종수가정 2/4,벌크,펌프,TON,19198.0,19198.0,,,21117.8,19198.0,,,울산,,,2026-09-20 16:00:00+00:00,,UPA_SYNTHETIC,IntgCagInfo(SYNTHETIC v4),2026-09-26 06:03:35.178949+00:00,OK,True
KRUSN,2026,37,D7LG,거영썬3,석유제품운반선,,,SYND7LG_2026_037,SYN-D7LG_2026_037-2,,O,수출,정박지-M1,액체,케로신,1223,000756,선종(석유제품운반선)·선석 미정·종수가정 2/4,벌크,펌프,TON,17931.9,17931.9,,,19725.1,17931.9,,,울산,,,2026-09-20 16:00:00+00:00,,UPA_SYNTHETIC,IntgCagInfo(SYNTHETIC v4),2026-09-26 06:03:35.178949+00:00,OK,True
KRUSN,2026,38,D7LG,거영썬3,석유제품운반선,,,SYND7LG_2026_038,SYN-D7LG_2026_038-1,,I,수입,정박지-M1,액체,케로신,1223,000756,선종(석유제품운반선)·선석 미정·종수가정 3/4,벌크,펌프,TON,21501.9,21501.9,,,23652.1,21501.9,,울산,,,,2026-09-24 11:00:00+00:00,,UPA_SYNTHETIC,IntgCagInfo(SYNTHETIC v4),2026-09-26 06:03:35.179950+00:00,OK,True
KRUSN,2026,38,D7LG,거영썬3,석유제품운반선,,,SYND7LG_2026_038,SYN-D7LG_2026_038-2,,O,수출,정박지-M1,액체,석유증류물(기타),1268,001128,선종(석유제품운반선)·선석 미정·종수가정 3/4,벌크,펌프,TON,13052.8,13052.8,,,14358.1,13052.8,,,울산,,,2026-09-24 11:00:00+00:00,,UPA_SYNTHETIC,IntgCagInfo(SYNTHETIC v4),2026-09-26 06:03:35.179950+00:00,OK,True
KRUSN,2026,38,D7LG,거영썬3,석유제품운반선,,,SYND7LG_2026_038,SYN-D7LG_2026_038-3,,I,수입,정박지-M1,액체,가솔린,1203,016420,선종(석유제품운반선)·선석 미정·종수가정 3/4,벌크,펌프,TON,8262.0,8262.0,,,9088.2,8262.0,,울산,,,,2026-09-24 11:00:00+00:00,,UPA_SYNTHETIC,IntgCagInfo(SYNTHETIC v4),2026-09-26 06:03:35.179950+00:00,OK,True
KRUSN,2026,2,D7LW,로얄 크리스탈 7,케미칼운반선,,,SYND7LW_2026_002,SYN-D7LW_2026_002-1,,O,수출,정박지-E1,액체,"1,2-에폭시프로판(산화프로필렌)",1280,001162,선종(케미칼운반선)·선석 미정·종수가정 2/8,벌크,펌프,TON,20217.2,20217.2,,,22238.9,20217.2,,,울산,,,2026-09-13 23:00:00+00:00,,UPA_SYNTHETIC,IntgCagInfo(SYNTHETIC v4),2026-09-26 06:03:35.182940+00:00,OK,True
KRUSN,2026,2,D7LW,로얄 크리스탈 7,케미칼운반선,,,SYND7LW_2026_002,SYN-D7LW_2026_002-2,,O,수출,정박지-E1,액체,스티렌 모노머(안정화),2055,001027,선종(케미칼운반선)·선석 미정·종수가정 2/8,벌크,펌프,TON,7488.9,7488.9,,,8237.8,7488.9,,,울산,,,2026-09-13 23:00:00+00:00,,UPA_SYNTHETIC,IntgCagInfo(SYNTHETIC v4),2026-09-26 06:03:35.182940+00:00,OK,True
KRUSN,2026,8,D7MB,써니 퀸,케미칼운반선,,,SYND7MB_2026_008,SYN-D7MB_2026_008-1,,I,수입,정박지-E1,액체,크실렌,1307,001077,선종(케미칼운반선)·선석 미정·종수가정 3/8,벌크,펌프,TON,18980.5,18980.5,,,20878.6,18980.5,,울산,,,,2026-09-21 11:00:00+00:00,,UPA_SYNTHETIC,IntgCagInfo(SYNTHETIC v4),2026-09-26 06:03:35.184934+00:00,OK,True
KRUSN,2026,8,D7MB,써니 퀸,케미칼운반선,,,SYND7MB_2026_008,SYN-D7MB_2026_008-2,,O,수출,정박지-E1,액체,벤젠,1114,001008,선종(케미칼운반선)·선석 미정·종수가정 3/8,벌크,펌프,TON,9128.5,9128.5,,,10041.4,9128.5,,,울산,,,2026-09-21 11:00:00+00:00,,UPA_SYNTHETIC,IntgCagInfo(SYNTHETIC v4),2026-09-26 06:03:35.184934+00:00,OK,True
KRUSN,2026,8,D7MB,써니 퀸,케미칼운반선,,,SYND7MB_2026_008,SYN-D7MB_2026_008-3,,O,수출,정박지-E1,액체,"1,2-에폭시프로판(산화프로필렌)",1280,001162,선종(케미칼운반선)·선석 미정·종수가정 3/8,벌크,펌프,TON,6503.0,6503.0,,,7153.3,6503.0,,,울산,,,2026-09-21 11:00:00+00:00,,UPA_SYNTHETIC,IntgCagInfo(SYNTHETIC v4),2026-09-26 06:03:35.184934+00:00,OK,True
KRUSN,2026,34,D7MJ,103 효동케미,케미칼운반선,,,SYND7MJ_2026_034,SYN-D7MJ_2026_034-1,,O,수출,정일1부두,액체,메탄올,1230,001151,선종(케미칼운반선)·터미널 취급품목(JEONGIL_STOLTHAVEN)·PORT-MIS 선석·종수가정 2/2,벌크,펌프,TON,24347.4,24347.4,,,26782.1,24347.4,,,울산,,,2026-09-12 23:00:00+00:00,,UPA_SYNTHETIC,IntgCagInfo(SYNTHETIC v4),2026-09-26 06:03:35.186934+00:00,OK,True
KRUSN,2026,34,D7MJ,103 효동케미,케미칼운반선,,,SYND7MJ_2026_034,SYN-D7MJ_2026_034-2,,O,수출,정일1부두,액체,크실렌,1307,001077,선종(케미칼운반선)·터미널 취급품목(JEONGIL_STOLTHAVEN)·PORT-MIS 선석·종수가정 2/2,벌크,펌프,TON,12877.8,12877.8,,,14165.6,12877.8,,,울산,,,2026-09-12 23:00:00+00:00,,UPA_SYNTHETIC,IntgCagInfo(SYNTHETIC v4),2026-09-26 06:03:35.186934+00:00,OK,True
KRUSN,2026,35,D7MJ,103 효동케미,케미칼운반선,,,SYND7MJ_2026_035,SYN-D7MJ_2026_035-1,,I,수입,용연부두,액체,크실렌,1307,001077,선종(케미칼운반선)·선석조건 없음·VTS 접안·종수가정 2/8,벌크,펌프,TON,6984.3,6984.3,,,7682.7,6984.3,,울산,,,,2026-09-20 11:00:00+00:00,,UPA_SYNTHETIC,IntgCagInfo(SYNTHETIC v4),2026-09-26 06:03:35.187933+00:00,OK,True
KRUSN,2026,35,D7MJ,103 효동케미,케미칼운반선,,,SYND7MJ_2026_035,SYN-D7MJ_2026_035-2,,O,수출,용연부두,액체,"1,2-에폭시프로판(산화프로필렌)",1280,001162,선종(케미칼운반선)·선석조건 없음·VTS 접안·종수가정 2/8,벌크,펌프,TON,4907.7,4907.7,,,5398.5,4907.7,,,울산,,,2026-09-20 11:00:00+00:00,,UPA_SYNTHETIC,IntgCagInfo(SYNTHETIC v4),2026-09-26 06:03:35.187933+00:00,OK,True
KRUSN,2026,5,D7NM,골든 스카이 하나호,석유제품운반선,,,SYND7NM_2026_005,SYN-D7NM_2026_005-1,,I,수입,정박지-E1,액체,석유증류물(기타),1268,001128,선종(석유제품운반선)·선석 미정·종수가정 4/4,벌크,펌프,TON,1255.3,1255.3,,,1380.8,1255.3,,울산,,,,2026-09-24 14:00:00+00:00,,UPA_SYNTHETIC,IntgCagInfo(SYNTHETIC v4),2026-09-26 06:03:35.189933+00:00,OK,True
KRUSN,2026,5,D7NM,골든 스카이 하나호,석유제품운반선,,,SYND7NM_2026_005,SYN-D7NM_2026_005-2,,O,수출,정박지-E1,액체,디젤 연료/경유,1202,000973,선종(석유제품운반선)·선석 미정·종수가정 4/4,벌크,펌프,TON,15402.3,15402.3,,,16942.5,15402.3,,,울산,,,2026-09-24 14:00:00+00:00,,UPA_SYNTHETIC,IntgCagInfo(SYNTHETIC v4),2026-09-26 06:03:35.189933+00:00,OK,True
KRUSN,2026,5,D7NM,골든 스카이 하나호,석유제품운반선,,,SYND7NM_2026_005,SYN-D7NM_2026_005-3,,I,수입,정박지-E1,액체,케로신,1223,000756,선종(석유제품운반선)·선석 미정·종수가정 4/4,벌크,펌프,TON,21291.9,21291.9,,,23421.1,21291.9,,울산,,,,2026-09-24 14:00:00+00:00,,UPA_SYNTHETIC,IntgCagInfo(SYNTHETIC v4),2026-09-26 06:03:35.189933+00:00,OK,True
KRUSN,2026,5,D7NM,골든 스카이 하나호,석유제품운반선,,,SYND7NM_2026_005,SYN-D7NM_2026_005-4,,I,수입,정박지-E1,액체,가솔린,1203,016420,선종(석유제품운반선)·선석 미정·종수가정 4/4,벌크,펌프,TON,26326.5,26326.5,,,28959.2,26326.5,,울산,,,,2026-09-24 14:00:00+00:00,,UPA_SYNTHETIC,IntgCagInfo(SYNTHETIC v4),2026-09-26 06:03:35.189933+00:00,OK,True
KRUSN,2026,10,D7OO,골든 키 하나호,석유제품운반선,,,SYND7OO_2026_010,SYN-D7OO_2026_010-1,,O,수출,정일스톨트헤븐 울산신항3부두,액체,디젤 연료/경유,1202,000973,선종(석유제품운반선)·터미널 취급품목(JEONGIL_STOLTHAVEN)·VTS 접안·종수가정 1/2,벌크,펌프,TON,18979.0,18979.0,,,20876.9,18979.0,,,울산,,,2026-09-14 08:00:00+00:00,,UPA_SYNTHETIC,IntgCagInfo(SYNTHETIC v4),2026-09-26 06:03:35.192955+00:00,OK,True
KRUSN,2026,11,D7OO,골든 키 하나호,석유제품운반선,,,SYND7OO_2026_011,SYN-D7OO_2026_011-1,,O,수출,4부두,액체,물질 미특정,,,선종(석유제품운반선)·선석분류(액체화학/berth+UPA)·PORT-MIS 선석·물질 미특정,벌크,펌프,TON,19523.1,19523.1,,,21475.4,19523.1,,,울산,,,2026-09-21 12:00:00+00:00,,UPA_SYNTHETIC,IntgCagInfo(SYNTHETIC v4),2026-09-26 06:03:35.192955+00:00,UNSPECIFIED_SUBSTANCE,True
KRUSN,2026,6,D7QA,거제 코델리아,석유제품운반선,,,SYND7QA_2026_006,SYN-D7QA_2026_006-1,,I,수입,정박지-E1,액체,석유증류물(기타),1268,001128,선종(석유제품운반선)·선석 미정·종수가정 2/4,벌크,펌프,TON,19446.2,19446.2,,,21390.8,19446.2,,울산,,,,2026-09-23 04:00:00+00:00,,UPA_SYNTHETIC,IntgCagInfo(SYNTHETIC v4),2026-09-26 06:03:35.195531+00:00,OK,True
KRUSN,2026,6,D7QA,거제 코델리아,석유제품운반선,,,SYND7QA_2026_006,SYN-D7QA_2026_006-2,,O,수출,정박지-E1,액체,디젤 연료/경유,1202,000973,선종(석유제품운반선)·선석 미정·종수가정 2/4,벌크,펌프,TON,29659.1,29659.1,,,32625.0,29659.1,,,울산,,,2026-09-23 04:00:00+00:00,,UPA_SYNTHETIC,IntgCagInfo(SYNTHETIC v4),2026-09-26 06:03:35.195531+00:00,OK,True
KRUSN,2026,5,D7SJ,111효동케미,기타유조선,,,SYND7SJ_2026_005,SYN-D7SJ_2026_005-1,,I,수입,일반부두,액체,인화성 액체(기타),1993,000751,선종(기타유조선)·선석분류(유류/berth)·PORT-MIS 선석·종수가정 2/2,벌크,펌프,TON,18085.7,18085.7,,,19894.3,18085.7,,울산,,,,2026-09-12 09:00:00+00:00,,UPA_SYNTHETIC,IntgCagInfo(SYNTHETIC v4),2026-09-26 06:03:35.199218+00:00,OK,True
KRUSN,2026,5,D7SJ,111효동케미,기타유조선,,,SYND7SJ_2026_005,SYN-D7SJ_2026_005-2,,I,수입,일반부두,액체,석유증류물(기타),1268,001128,선종(기타유조선)·선석분류(유류/berth)·PORT-MIS 선석·종수가정 2/2,벌크,펌프,TON,26797.7,26797.7,,,29477.5,26797.7,,울산,,,,2026-09-12 09:00:00+00:00,,UPA_SYNTHETIC,IntgCagInfo(SYNTHETIC v4),2026-09-26 06:03:35.199218+00:00,OK,True
KRUSN,2026,20,D7TM,케이티에스 실버,케미칼운반선,,,SYND7TM_2026_020,SYN-D7TM_2026_020-1,,I,수입,정박지-E1,액체,아크릴로니트릴(안정화),1093,001143,선종(케미칼운반선)·선석 미정·종수가정 6/8,벌크,펌프,TON,19033.5,19033.5,,,20936.9,19033.5,,울산,,,,2026-09-12 12:00:00+00:00,,UPA_SYNTHETIC,IntgCagInfo(SYNTHETIC v4),2026-09-26 06:03:35.203210+00:00,OK,True
KRUSN,2026,20,D7TM,케이티에스 실버,케미칼운반선,,,SYND7TM_2026_020,SYN-D7TM_2026_020-2,,O,수출,정박지-E1,액체,"1,2-에폭시프로판(산화프로필렌)",1280,001162,선종(케미칼운반선)·선석 미정·종수가정 6/8,벌크,펌프,TON,15226.3,15226.3,,,16748.9,15226.3,,,울산,,,2026-09-12 12:00:00+00:00,,UPA_SYNTHETIC,IntgCagInfo(SYNTHETIC v4),2026-09-26 06:03:35.203210+00:00,OK,True
KRUSN,2026,20,D7TM,케이티에스 실버,케미칼운반선,,,SYND7TM_2026_020,SYN-D7TM_2026_020-3,,I,수입,정박지-E1,액체,톨루엔,1294,001032,선종(케미칼운반선)·선석 미정·종수가정 6/8,벌크,펌프,TON,18445.9,18445.9,,,20290.5,18445.9,,울산,,,,2026-09-12 12:00:00+00:00,,UPA_SYNTHETIC,IntgCagInfo(SYNTHETIC v4),2026-09-26 06:03:35.203210+00:00,OK,True
KRUSN,2026,20,D7TM,케이티에스 실버,케미칼운반선,,,SYND7TM_2026_020,SYN-D7TM_2026_020-4,,I,수입,정박지-E1,액체,테트라하이드로푸란,2056,001041,선종(케미칼운반선)·선석 미정·종수가정 6/8,벌크,펌프,TON,2063.1,2063.1,,,2269.4,2063.1,,울산,,,,2026-09-12 12:00:00+00:00,,UPA_SYNTHETIC,IntgCagInfo(SYNTHETIC v4),2026-09-26 06:03:35.203210+00:00,OK,True
KRUSN,2026,20,D7TM,케이티에스 실버,케미칼운반선,,,SYND7TM_2026_020,SYN-D7TM_2026_020-5,,O,수출,정박지-E1,액체,벤젠,1114,001008,선종(케미칼운반선)·선석 미정·종수가정 6/8,벌크,펌프,TON,25727.5,25727.5,,,28300.3,25727.5,,,울산,,,2026-09-12 12:00:00+00:00,,UPA_SYNTHETIC,IntgCagInfo(SYNTHETIC v4),2026-09-26 06:03:35.203210+00:00,OK,True
KRUSN,2026,20,D7TM,케이티에스 실버,케미칼운반선,,,SYND7TM_2026_020,SYN-D7TM_2026_020-6,,I,수입,정박지-E1,액체,스티렌 모노머(안정화),2055,001027,선종(케미칼운반선)·선석 미정·종수가정 6/8,벌크,펌프,TON,13473.5,13473.5,,,14820.9,13473.5,,울산,,,,2026-09-12 12:00:00+00:00,,UPA_SYNTHETIC,IntgCagInfo(SYNTHETIC v4),2026-09-26 06:03:35.203210+00:00,OK,True
KRUSN,2026,6,D7TV,범영,케미칼운반선,,,SYND7TV_2026_006,SYN-D7TV_2026_006-1,,O,수출,정박지-E2,액체,크실렌,1307,001077,선종(케미칼운반선)·선석 미정·종수가정 7/8,벌크,펌프,TON,21196.7,21196.7,,,23316.4,21196.7,,,울산,,,2026-09-26 22:00:00+00:00,,UPA_SYNTHETIC,IntgCagInfo(SYNTHETIC v4),2026-09-26 06:03:35.206276+00:00,OK,True
KRUSN,2026,6,D7TV,범영,케미칼운반선,,,SYND7TV_2026_006,SYN-D7TV_2026_006-2,,I,수입,정박지-E2,액체,벤젠,1114,001008,선종(케미칼운반선)·선석 미정·종수가정 7/8,벌크,펌프,TON,12584.2,12584.2,,,13842.6,12584.2,,울산,,,,2026-09-26 22:00:00+00:00,,UPA_SYNTHETIC,IntgCagInfo(SYNTHETIC v4),2026-09-26 06:03:35.206276+00:00,OK,True
KRUSN,2026,6,D7TV,범영,케미칼운반선,,,SYND7TV_2026_006,SYN-D7TV_2026_006-3,,O,수출,정박지-E2,액체,스티렌 모노머(안정화),2055,001027,선종(케미칼운반선)·선석 미정·종수가정 7/8,벌크,펌프,TON,2428.1,2428.1,,,2670.9,2428.1,,,울산,,,2026-09-26 22:00:00+00:00,,UPA_SYNTHETIC,IntgCagInfo(SYNTHETIC v4),2026-09-26 06:03:35.206276+00:00,OK,True
KRUSN,2026,6,D7TV,범영,케미칼운반선,,,SYND7TV_2026_006,SYN-D7TV_2026_006-4,,I,수입,정박지-E2,액체,"1,2-에폭시프로판(산화프로필렌)",1280,001162,선종(케미칼운반선)·선석 미정·종수가정 7/8,벌크,펌프,TON,21774.9,21774.9,,,23952.4,21774.9,,울산,,,,2026-09-26 22:00:00+00:00,,UPA_SYNTHETIC,IntgCagInfo(SYNTHETIC v4),2026-09-26 06:03:35.206276+00:00,OK,True
KRUSN,2026,6,D7TV,범영,케미칼운반선,,,SYND7TV_2026_006,SYN-D7TV_2026_006-5,,I,수입,정박지-E2,액체,톨루엔,1294,001032,선종(케미칼운반선)·선석 미정·종수가정 7/8,벌크,펌프,TON,26151.7,26151.7,,,28766.9,26151.7,,울산,,,,2026-09-26 22:00:00+00:00,,UPA_SYNTHETIC,IntgCagInfo(SYNTHETIC v4),2026-09-26 06:03:35.206276+00:00,OK,True
KRUSN,2026,6,D7TV,범영,케미칼운반선,,,SYND7TV_2026_006,SYN-D7TV_2026_006-6,,O,수출,정박지-E2,액체,메탄올,1230,001151,선종(케미칼운반선)·선석 미정·종수가정 7/8,벌크,펌프,TON,17737.6,17737.6,,,19511.4,17737.6,,,울산,,,2026-09-26 22:00:00+00:00,,UPA_SYNTHETIC,IntgCagInfo(SYNTHETIC v4),2026-09-26 06:03:35.206276+00:00,OK,True
KRUSN,2026,6,D7TV,범영,케미칼운반선,,,SYND7TV_2026_006,SYN-D7TV_2026_006-7,,O,수출,정박지-E2,액체,아크릴로니트릴(안정화),1093,001143,선종(케미칼운반선)·선석 미정·종수가정 7/8,벌크,펌프,TON,13398.7,13398.7,,,14738.6,13398.7,,,울산,,,2026-09-26 22:00:00+00:00,,UPA_SYNTHETIC,IntgCagInfo(SYNTHETIC v4),2026-09-26 06:03:35.206276+00:00,OK,True
KRUSN,2026,22,D7US,거영썬5,석유제품운반선,,,SYND7US_2026_022,SYN-D7US_2026_022-1,,I,수입,정박지-M1,액체,황산(51% 초과),1830,001049,대표화물코드 28·선석 미정·종수가정 1/1,벌크,펌프,TON,5827.5,5827.5,,,6410.3,5827.5,,울산,,,,2026-09-20 14:30:00+00:00,,UPA_SYNTHETIC,IntgCagInfo(SYNTHETIC v4),2026-09-26 06:03:35.209285+00:00,OK,True
KRUSN,2026,23,D7US,거영썬5,석유제품운반선,,,SYND7US_2026_023,SYN-D7US_2026_023-1,,O,수출,정박지-M1,액체,석유증류물(기타),1268,001128,선종(석유제품운반선)·선석 미정·종수가정 4/4,벌크,펌프,TON,14194.4,14194.4,,,15613.8,14194.4,,,울산,,,2026-09-29 03:00:00+00:00,,UPA_SYNTHETIC,IntgCagInfo(SYNTHETIC v4),2026-09-26 06:03:35.209285+00:00,OK,True
KRUSN,2026,23,D7US,거영썬5,석유제품운반선,,,SYND7US_2026_023,SYN-D7US_2026_023-2,,I,수입,정박지-M1,액체,디젤 연료/경유,1202,000973,선종(석유제품운반선)·선석 미정·종수가정 4/4,벌크,펌프,TON,14004.3,14004.3,,,15404.7,14004.3,,울산,,,,2026-09-29 03:00:00+00:00,,UPA_SYNTHETIC,IntgCagInfo(SYNTHETIC v4),2026-09-26 06:03:35.209285+00:00,OK,True
KRUSN,2026,23,D7US,거영썬5,석유제품운반선,,,SYND7US_2026_023,SYN-D7US_2026_023-3,,O,수출,정박지-M1,액체,케로신,1223,000756,선종(석유제품운반선)·선석 미정·종수가정 4/4,벌크,펌프,TON,3947.5,3947.5,,,4342.2,3947.5,,,울산,,,2026-09-29 03:00:00+00:00,,UPA_SYNTHETIC,IntgCagInfo(SYNTHETIC v4),2026-09-26 06:03:35.209285+00:00,OK,True
KRUSN,2026,23,D7US,거영썬5,석유제품운반선,,,SYND7US_2026_023,SYN-D7US_2026_023-4,,I,수입,정박지-M1,액체,가솔린,1203,016420,선종(석유제품운반선)·선석 미정·종수가정 4/4,벌크,펌프,TON,3140.7,3140.7,,,3454.8,3140.7,,울산,,,,2026-09-29 03:00:00+00:00,,UPA_SYNTHETIC,IntgCagInfo(SYNTHETIC v4),2026-09-26 06:03:35.209285+00:00,OK,True
KRUSN,2026,28,D7UZ,308 HYODONG CHEMI,석유제품운반선,,,SYND7UZ_2026_028,SYN-D7UZ_2026_028-1,,I,수입,정일1부두,액체,가솔린,1203,016420,선종(석유제품운반선)·터미널 취급품목(JEONGIL_STOLTHAVEN)·PORT-MIS 선석·종수가정 1/2,벌크,펌프,TON,22092.1,22092.1,,,24301.3,22092.1,,울산,,,,2026-09-26 22:00:00+00:00,,UPA_SYNTHETIC,IntgCagInfo(SYNTHETIC v4),2026-09-26 06:03:35.211918+00:00,OK,True
KRUSN,2026,25,D7VA,거영블루5,석유제품운반선,,,SYND7VA_2026_025,SYN-D7VA_2026_025-1,,I,수입,정박지-M1,액체,황산(51% 초과),1830,001049,대표화물코드 28·선석 미정·종수가정 1/1,벌크,펌프,TON,3546.9,3546.9,,,3901.6,3546.9,,울산,,,,2026-09-27 03:00:00+00:00,,UPA_SYNTHETIC,IntgCagInfo(SYNTHETIC v4),2026-09-26 06:03:35.214919+00:00,OK,True
KRUSN,2026,27,D7WH,우리 하나,석유제품운반선,,,SYND7WH_2026_027,SYN-D7WH_2026_027-1,,O,수출,용잠1부두,액체,물질 미특정,,,선종(석유제품운반선)·터미널 취급품목(TAEYOUNG)·VTS 접안·물질 미특정,벌크,펌프,TON,11634.2,11634.2,,,12797.6,11634.2,,,울산,,,2026-09-12 16:00:00+00:00,,UPA_SYNTHETIC,IntgCagInfo(SYNTHETIC v4),2026-09-26 06:03:35.218912+00:00,UNSPECIFIED_SUBSTANCE,True
KRUSN,2026,29,D7WH,우리 하나,석유제품운반선,,,SYND7WH_2026_029,SYN-D7WH_2026_029-1,,O,수출,정박지-M3,액체,가솔린,1203,016420,선종(석유제품운반선)·선석 미정·종수가정 3/4,벌크,펌프,TON,24202.0,24202.0,,,26622.2,24202.0,,,울산,,,2026-09-27 21:00:00+00:00,,UPA_SYNTHETIC,IntgCagInfo(SYNTHETIC v4),2026-09-26 06:03:35.219913+00:00,OK,True
KRUSN,2026,29,D7WH,우리 하나,석유제품운반선,,,SYND7WH_2026_029,SYN-D7WH_2026_029-2,,I,수입,정박지-M3,액체,석유증류물(기타),1268,001128,선종(석유제품운반선)·선석 미정·종수가정 3/4,벌크,펌프,TON,4890.2,4890.2,,,5379.2,4890.2,,울산,,,,2026-09-27 21:00:00+00:00,,UPA_SYNTHETIC,IntgCagInfo(SYNTHETIC v4),2026-09-26 06:03:35.219913+00:00,OK,True
KRUSN,2026,29,D7WH,우리 하나,석유제품운반선,,,SYND7WH_2026_029,SYN-D7WH_2026_029-3,,I,수입,정박지-M3,액체,디젤 연료/경유,1202,000973,선종(석유제품운반선)·선석 미정·종수가정 3/4,벌크,펌프,TON,13120.4,13120.4,,,14432.4,13120.4,,울산,,,,2026-09-27 21:00:00+00:00,,UPA_SYNTHETIC,IntgCagInfo(SYNTHETIC v4),2026-09-26 06:03:35.219913+00:00,OK,True
KRUSN,2026,24,D7XD,거영 블루 7,석유제품운반선,,,SYND7XD_2026_024,SYN-D7XD_2026_024-1,,O,수출,정박지-M1,액체,케로신,1223,000756,선종(석유제품운반선)·선석 미정·종수가정 3/4,벌크,펌프,TON,19639.7,19639.7,,,21603.7,19639.7,,,울산,,,2026-09-13 11:00:00+00:00,,UPA_SYNTHETIC,IntgCagInfo(SYNTHETIC v4),2026-09-26 06:03:35.220912+00:00,OK,True
KRUSN,2026,24,D7XD,거영 블루 7,석유제품운반선,,,SYND7XD_2026_024,SYN-D7XD_2026_024-2,,O,수출,정박지-M1,액체,가솔린,1203,016420,선종(석유제품운반선)·선석 미정·종수가정 3/4,벌크,펌프,TON,9091.8,9091.8,,,10001.0,9091.8,,,울산,,,2026-09-13 11:00:00+00:00,,UPA_SYNTHETIC,IntgCagInfo(SYNTHETIC v4),2026-09-26 06:03:35.220912+00:00,OK,True
KRUSN,2026,24,D7XD,거영 블루 7,석유제품운반선,,,SYND7XD_2026_024,SYN-D7XD_2026_024-3,,O,수출,정박지-M1,액체,디젤 연료/경유,1202,000973,선종(석유제품운반선)·선석 미정·종수가정 3/4,벌크,펌프,TON,14620.6,14620.6,,,16082.7,14620.6,,,울산,,,2026-09-13 11:00:00+00:00,,UPA_SYNTHETIC,IntgCagInfo(SYNTHETIC v4),2026-09-26 06:03:35.220912+00:00,OK,True
KRUSN,2026,19,D7YF,JN JUPITER,석유제품운반선,,,SYND7YF_2026_019,SYN-D7YF_2026_019-1,,O,수출,정박지-E1,액체,가솔린,1203,016420,선종(석유제품운반선)·선석 미정·종수가정 1/4,벌크,펌프,TON,19987.5,19987.5,,,21986.2,19987.5,,,울산,,,2026-09-28 01:00:00+00:00,,UPA_SYNTHETIC,IntgCagInfo(SYNTHETIC v4),2026-09-26 06:03:35.223438+00:00,OK,True
KRUSN,2026,32,D7ZP,케이티에스그린,석유제품운반선,,,SYND7ZP_2026_032,SYN-D7ZP_2026_032-1,,I,수입,정박지-E1,액체,케로신,1223,000756,선종(석유제품운반선)·선석 미정·종수가정 3/4,벌크,펌프,TON,27491.1,27491.1,,,30240.2,27491.1,,울산,,,,2026-09-12 12:00:00+00:00,,UPA_SYNTHETIC,IntgCagInfo(SYNTHETIC v4),2026-09-26 06:03:35.225444+00:00,OK,True
KRUSN,2026,32,D7ZP,케이티에스그린,석유제품운반선,,,SYND7ZP_2026_032,SYN-D7ZP_2026_032-2,,I,수입,정박지-E1,액체,디젤 연료/경유,1202,000973,선종(석유제품운반선)·선석 미정·종수가정 3/4,벌크,펌프,TON,25648.6,25648.6,,,28213.5,25648.6,,울산,,,,2026-09-12 12:00:00+00:00,,UPA_SYNTHETIC,IntgCagInfo(SYNTHETIC v4),2026-09-26 06:03:35.225444+00:00,OK,True
KRUSN,2026,32,D7ZP,케이티에스그린,석유제품운반선,,,SYND7ZP_2026_032,SYN-D7ZP_2026_032-3,,I,수입,정박지-E1,액체,석유증류물(기타),1268,001128,선종(석유제품운반선)·선석 미정·종수가정 3/4,벌크,펌프,TON,21757.6,21757.6,,,23933.4,21757.6,,울산,,,,2026-09-12 12:00:00+00:00,,UPA_SYNTHETIC,IntgCagInfo(SYNTHETIC v4),2026-09-26 06:03:35.225444+00:00,OK,True
KRUSN,2026,33,D7ZP,케이티에스그린,석유제품운반선,,,SYND7ZP_2026_033,SYN-D7ZP_2026_033-1,,O,수출,정박지-E1,액체,석유증류물(기타),1268,001128,선종(석유제품운반선)·선석 미정·종수가정 2/4,벌크,펌프,TON,17708.6,17708.6,,,19479.5,17708.6,,,울산,,,2026-09-25 15:01:00+00:00,,UPA_SYNTHETIC,IntgCagInfo(SYNTHETIC v4),2026-09-26 06:03:35.226447+00:00,OK,True
KRUSN,2026,33,D7ZP,케이티에스그린,석유제품운반선,,,SYND7ZP_2026_033,SYN-D7ZP_2026_033-2,,O,수출,정박지-E1,액체,디젤 연료/경유,1202,000973,선종(석유제품운반선)·선석 미정·종수가정 2/4,벌크,펌프,TON,24800.8,24800.8,,,27280.9,24800.8,,,울산,,,2026-09-25 15:01:00+00:00,,UPA_SYNTHETIC,IntgCagInfo(SYNTHETIC v4),2026-09-26 06:03:35.226447+00:00,OK,True
KRUSN,2026,3,D8AG,아시안 그레이스,석유제품운반선,,,SYND8AG_2026_003,SYN-D8AG_2026_003-1,,I,수입,정박지-E1,액체,벤젠,1114,001008,대표화물코드 27·선석 미정·종수가정 2/6,벌크,펌프,TON,2957.2,2957.2,,,3252.9,2957.2,,울산,,,,2026-09-25 20:00:00+00:00,,UPA_SYNTHETIC,IntgCagInfo(SYNTHETIC v4),2026-09-26 06:03:35.229448+00:00,OK,True
KRUSN,2026,3,D8AG,아시안 그레이스,석유제품운반선,,,SYND8AG_2026_003,SYN-D8AG_2026_003-2,,O,수출,정박지-E1,액체,크실렌,1307,001077,대표화물코드 27·선석 미정·종수가정 2/6,벌크,펌프,TON,25761.5,25761.5,,,28337.7,25761.5,,,울산,,,2026-09-25 20:00:00+00:00,,UPA_SYNTHETIC,IntgCagInfo(SYNTHETIC v4),2026-09-26 06:03:35.229448+00:00,OK,True
KRUSN,2026,36,D8BD,미시칸,석유제품운반선,,,SYND8BD_2026_036,SYN-D8BD_2026_036-1,,O,수출,정박지-E1,액체,디젤 연료/경유,1202,000973,선종(석유제품운반선)·선석 미정·종수가정 3/4,벌크,펌프,TON,24396.6,24396.6,,,26836.3,24396.6,,,울산,,,2026-09-20 09:00:00+00:00,,UPA_SYNTHETIC,IntgCagInfo(SYNTHETIC v4),2026-09-26 06:03:35.234449+00:00,OK,True
KRUSN,2026,36,D8BD,미시칸,석유제품운반선,,,SYND8BD_2026_036,SYN-D8BD_2026_036-2,,O,수출,정박지-E1,액체,가솔린,1203,016420,선종(석유제품운반선)·선석 미정·종수가정 3/4,벌크,펌프,TON,19004.6,19004.6,,,20905.1,19004.6,,,울산,,,2026-09-20 09:00:00+00:00,,UPA_SYNTHETIC,IntgCagInfo(SYNTHETIC v4),2026-09-26 06:03:35.234449+00:00,OK,True
KRUSN,2026,36,D8BD,미시칸,석유제품운반선,,,SYND8BD_2026_036,SYN-D8BD_2026_036-3,,I,수입,정박지-E1,액체,석유증류물(기타),1268,001128,선종(석유제품운반선)·선석 미정·종수가정 3/4,벌크,펌프,TON,10503.9,10503.9,,,11554.3,10503.9,,울산,,,,2026-09-20 09:00:00+00:00,,UPA_SYNTHETIC,IntgCagInfo(SYNTHETIC v4),2026-09-26 06:03:35.234449+00:00,OK,True
KRUSN,2026,37,D8BD,미시칸,석유제품운반선,,,SYND8BD_2026_037,SYN-D8BD_2026_037-1,,O,수출,정박지-E1,액체,디젤 연료/경유,1202,000973,선종(석유제품운반선)·선석 미정·종수가정 1/4,벌크,펌프,TON,26784.6,26784.6,,,29463.1,26784.6,,,울산,,,2026-09-26 11:00:00+00:00,,UPA_SYNTHETIC,IntgCagInfo(SYNTHETIC v4),2026-09-26 06:03:35.235456+00:00,OK,True
KRUSN,2026,9,D8BR,해피 가스,LPG운반선,,,SYND8BR_2026_009,SYN-D8BR_2026_009-1,,I,수입,정박지-E1,액체,물질 미특정,,,대표화물코드 29·선석 미정·물질 미특정,벌크,펌프,TON,16326.8,16326.8,,,17959.5,16326.8,,울산,,,,2026-09-21 22:00:00+00:00,,UPA_SYNTHETIC,IntgCagInfo(SYNTHETIC v4),2026-09-26 06:03:35.238999+00:00,UNSPECIFIED_SUBSTANCE,True
KRUSN,2026,14,D8BV,제이에스 온산호,석유제품운반선,,,SYND8BV_2026_014,SYN-D8BV_2026_014-1,,O,수출,정박지-E1,액체,벤젠,1114,001008,대표화물코드 27·선석 미정·종수가정 2/6,벌크,펌프,TON,858.2,858.2,,,944.0,858.2,,,울산,,,2026-09-29 12:00:00+00:00,,UPA_SYNTHETIC,IntgCagInfo(SYNTHETIC v4),2026-09-26 06:03:35.241994+00:00,OK,True
KRUSN,2026,14,D8BV,제이에스 온산호,석유제품운반선,,,SYND8BV_2026_014,SYN-D8BV_2026_014-2,,O,수출,정박지-E1,액체,케로신,1223,000756,대표화물코드 27·선석 미정·종수가정 2/6,벌크,펌프,TON,16890.3,16890.3,,,18579.3,16890.3,,,울산,,,2026-09-29 12:00:00+00:00,,UPA_SYNTHETIC,IntgCagInfo(SYNTHETIC v4),2026-09-26 06:03:35.242225+00:00,OK,True
KRUSN,2026,1,D8HG,SH SOPHIA,케미칼운반선,,,SYND8HG_2026_001,SYN-D8HG_2026_001-1,,O,수출,정박지-E1,액체,"1,2-에폭시프로판(산화프로필렌)",1280,001162,선종(케미칼운반선)·선석 미정·종수가정 3/8,벌크,펌프,TON,21046.8,21046.8,,,23151.5,21046.8,,,울산,,,2026-09-26 03:00:00+00:00,,UPA_SYNTHETIC,IntgCagInfo(SYNTHETIC v4),2026-09-26 06:03:35.245775+00:00,OK,True
KRUSN,2026,1,D8HG,SH SOPHIA,케미칼운반선,,,SYND8HG_2026_001,SYN-D8HG_2026_001-2,,O,수출,정박지-E1,액체,벤젠,1114,001008,선종(케미칼운반선)·선석 미정·종수가정 3/8,벌크,펌프,TON,29375.5,29375.5,,,32313.1,29375.5,,,울산,,,2026-09-26 03:00:00+00:00,,UPA_SYNTHETIC,IntgCagInfo(SYNTHETIC v4),2026-09-26 06:03:35.245775+00:00,OK,True
KRUSN,2026,1,D8HG,SH SOPHIA,케미칼운반선,,,SYND8HG_2026_001,SYN-D8HG_2026_001-3,,O,수출,정박지-E1,액체,아크릴로니트릴(안정화),1093,001143,선종(케미칼운반선)·선석 미정·종수가정 3/8,벌크,펌프,TON,18849.2,18849.2,,,20734.1,18849.2,,,울산,,,2026-09-26 03:00:00+00:00,,UPA_SYNTHETIC,IntgCagInfo(SYNTHETIC v4),2026-09-26 06:03:35.245775+00:00,OK,True
KRUSN,2026,8,D8HH,에스에이치 올리비아,석유제품운반선,,,SYND8HH_2026_008,SYN-D8HH_2026_008-1,,O,수출,정박지-E1,액체,석유증류물(기타),1268,001128,선종(석유제품운반선)·선석 미정·종수가정 4/4,벌크,펌프,TON,26452.6,26452.6,,,29097.9,26452.6,,,울산,,,2026-09-14 11:00:00+00:00,,UPA_SYNTHETIC,IntgCagInfo(SYNTHETIC v4),2026-09-26 06:03:35.247707+00:00,OK,True
KRUSN,2026,8,D8HH,에스에이치 올리비아,석유제품운반선,,,SYND8HH_2026_008,SYN-D8HH_2026_008-2,,O,수출,정박지-E1,액체,케로신,1223,000756,선종(석유제품운반선)·선석 미정·종수가정 4/4,벌크,펌프,TON,5129.4,5129.4,,,5642.3,5129.4,,,울산,,,2026-09-14 11:00:00+00:00,,UPA_SYNTHETIC,IntgCagInfo(SYNTHETIC v4),2026-09-26 06:03:35.247707+00:00,OK,True
KRUSN,2026,8,D8HH,에스에이치 올리비아,석유제품운반선,,,SYND8HH_2026_008,SYN-D8HH_2026_008-3,,O,수출,정박지-E1,액체,디젤 연료/경유,1202,000973,선종(석유제품운반선)·선석 미정·종수가정 4/4,벌크,펌프,TON,19328.9,19328.9,,,21261.8,19328.9,,,울산,,,2026-09-14 11:00:00+00:00,,UPA_SYNTHETIC,IntgCagInfo(SYNTHETIC v4),2026-09-26 06:03:35.247707+00:00,OK,True
KRUSN,2026,8,D8HH,에스에이치 올리비아,석유제품운반선,,,SYND8HH_2026_008,SYN-D8HH_2026_008-4,,O,수출,정박지-E1,액체,가솔린,1203,016420,선종(석유제품운반선)·선석 미정·종수가정 4/4,벌크,펌프,TON,9549.6,9549.6,,,10504.6,9549.6,,,울산,,,2026-09-14 11:00:00+00:00,,UPA_SYNTHETIC,IntgCagInfo(SYNTHETIC v4),2026-09-26 06:03:35.247707+00:00,OK,True
KRUSN,2026,2,D8HQ,씨 프리덤,원유운반선,,,SYND8HQ_2026_002,SYN-D8HQ_2026_002-1,,O,수출,SK2부이,액체,원유,1267,000751,대표화물코드 27·선석분류(원유/berth+UPA)·PORT-MIS 선석·종수가정 1/1,벌크,펌프,TON,2942.0,2942.0,,,3236.2,2942.0,,,울산,,,2026-09-23 04:00:00+00:00,,UPA_SYNTHETIC,IntgCagInfo(SYNTHETIC v4),2026-09-26 06:03:35.249707+00:00,OK,True
KRUSN,2026,4,D8HX,BS NGHI SON,케미칼운반선,,,SYND8HX_2026_004,SYN-D8HX_2026_004-1,,I,수입,정박지-E1,액체,메탄올,1230,001151,선종(케미칼운반선)·선석 미정·종수가정 4/8,벌크,펌프,TON,9394.7,9394.7,,,10334.2,9394.7,,울산,,,,2026-09-24 02:00:00+00:00,,UPA_SYNTHETIC,IntgCagInfo(SYNTHETIC v4),2026-09-26 06:03:35.251705+00:00,OK,True
KRUSN,2026,4,D8HX,BS NGHI SON,케미칼운반선,,,SYND8HX_2026_004,SYN-D8HX_2026_004-3,,O,수출,정박지-E1,액체,크실렌,1307,001077,선종(케미칼운반선)·선석 미정·종수가정 4/8,벌크,펌프,TON,3219.4,3219.4,,,3541.3,3219.4,,,울산,,,2026-09-24 02:00:00+00:00,,UPA_SYNTHETIC,IntgCagInfo(SYNTHETIC v4),2026-09-26 06:03:35.251705+00:00,OK,True
KRUSN,2026,4,D8HX,BS NGHI SON,케미칼운반선,,,SYND8HX_2026_004,SYN-D8HX_2026_004-4,,I,수입,정박지-E1,액체,테트라하이드로푸란,2056,001041,선종(케미칼운반선)·선석 미정·종수가정 4/8,벌크,펌프,TON,19105.4,19105.4,,,21015.9,19105.4,,울산,,,,2026-09-24 02:00:00+00:00,,UPA_SYNTHETIC,IntgCagInfo(SYNTHETIC v4),2026-09-26 06:03:35.251705+00:00,OK,True
KRUSN,2026,20,D8HZ,골든 글로리,케미칼운반선,,,SYND8HZ_2026_020,SYN-D8HZ_2026_020-1,,O,수출,정박지-E1,액체,스티렌 모노머(안정화),2055,001027,선종(케미칼운반선)·선석 미정·종수가정 6/8,벌크,펌프,TON,786.1,786.1,,,864.7,786.1,,,울산,,,2026-09-14 14:00:00+00:00,,UPA_SYNTHETIC,IntgCagInfo(SYNTHETIC v4),2026-09-26 06:03:35.253705+00:00,OK,True
KRUSN,2026,20,D8HZ,골든 글로리,케미칼운반선,,,SYND8HZ_2026_020,SYN-D8HZ_2026_020-2,,I,수입,정박지-E1,액체,메탄올,1230,001151,선종(케미칼운반선)·선석 미정·종수가정 6/8,벌크,펌프,TON,27885.9,27885.9,,,30674.5,27885.9,,울산,,,,2026-09-14 14:00:00+00:00,,UPA_SYNTHETIC,IntgCagInfo(SYNTHETIC v4),2026-09-26 06:03:35.253705+00:00,OK,True
KRUSN,2026,20,D8HZ,골든 글로리,케미칼운반선,,,SYND8HZ_2026_020,SYN-D8HZ_2026_020-3,,O,수출,정박지-E1,액체,"1,2-에폭시프로판(산화프로필렌)",1280,001162,선종(케미칼운반선)·선석 미정·종수가정 6/8,벌크,펌프,TON,2305.5,2305.5,,,2536.1,2305.5,,,울산,,,2026-09-14 14:00:00+00:00,,UPA_SYNTHETIC,IntgCagInfo(SYNTHETIC v4),2026-09-26 06:03:35.253705+00:00,OK,True
KRUSN,2026,20,D8HZ,골든 글로리,케미칼운반선,,,SYND8HZ_2026_020,SYN-D8HZ_2026_020-4,,I,수입,정박지-E1,액체,아크릴로니트릴(안정화),1093,001143,선종(케미칼운반선)·선석 미정·종수가정 6/8,벌크,펌프,TON,26530.1,26530.1,,,29183.1,26530.1,,울산,,,,2026-09-14 14:00:00+00:00,,UPA_SYNTHETIC,IntgCagInfo(SYNTHETIC v4),2026-09-26 06:03:35.253705+00:00,OK,True
KRUSN,2026,20,D8HZ,골든 글로리,케미칼운반선,,,SYND8HZ_2026_020,SYN-D8HZ_2026_020-5,,O,수출,정박지-E1,액체,벤젠,1114,001008,선종(케미칼운반선)·선석 미정·종수가정 6/8,벌크,펌프,TON,19586.1,19586.1,,,21544.7,19586.1,,,울산,,,2026-09-14 14:00:00+00:00,,UPA_SYNTHETIC,IntgCagInfo(SYNTHETIC v4),2026-09-26 06:03:35.253705+00:00,OK,True
KRUSN,2026,20,D8HZ,골든 글로리,케미칼운반선,,,SYND8HZ_2026_020,SYN-D8HZ_2026_020-6,,O,수출,정박지-E1,액체,테트라하이드로푸란,2056,001041,선종(케미칼운반선)·선석 미정·종수가정 6/8,벌크,펌프,TON,25837.3,25837.3,,,28421.0,25837.3,,,울산,,,2026-09-14 14:00:00+00:00,,UPA_SYNTHETIC,IntgCagInfo(SYNTHETIC v4),2026-09-26 06:03:35.253705+00:00,OK,True
KRUSN,2026,21,D8HZ,골든 글로리,케미칼운반선,,,SYND8HZ_2026_021,SYN-D8HZ_2026_021-1,,O,수출,정박지-E1,액체,크실렌,1307,001077,선종(케미칼운반선)·선석 미정·종수가정 1/8,벌크,펌프,TON,21220.0,21220.0,,,23342.0,21220.0,,,울산,,,2026-09-24 21:00:00+00:00,,UPA_SYNTHETIC,IntgCagInfo(SYNTHETIC v4),2026-09-26 06:03:35.253705+00:00,OK,True
KRUSN,2026,16,D8MP,엠에스피스,LPG운반선,,,SYND8MP_2026_016,SYN-D8MP_2026_016-1,,O,수출,정박지-E1,액체,물질 미특정,,,대표화물코드 29·선석 미정·물질 미특정,벌크,펌프,TON,18238.2,18238.2,,,20062.0,18238.2,,,울산,,,2026-09-21 07:00:00+00:00,,UPA_SYNTHETIC,IntgCagInfo(SYNTHETIC v4),2026-09-26 06:03:35.255703+00:00,UNSPECIFIED_SUBSTANCE,True
KRUSN,2026,1,D8PF,스카이 드림,석유제품운반선,,,SYND8PF_2026_001,SYN-D8PF_2026_001-1,,O,수출,정박지-E2,액체,디젤 연료/경유,1202,000973,대표화물코드 27·선석 미정·종수가정 2/6,벌크,펌프,TON,19481.2,19481.2,,,21429.3,19481.2,,,울산,,,2026-09-26 08:00:00+00:00,,UPA_SYNTHETIC,IntgCagInfo(SYNTHETIC v4),2026-09-26 06:03:35.258341+00:00,OK,True
KRUSN,2026,1,D8PF,스카이 드림,석유제품운반선,,,SYND8PF_2026_001,SYN-D8PF_2026_001-2,,O,수출,정박지-E2,액체,원유,1267,000751,대표화물코드 27·선석 미정·종수가정 2/6,벌크,펌프,TON,9570.2,9570.2,,,10527.2,9570.2,,,울산,,,2026-09-26 08:00:00+00:00,,UPA_SYNTHETIC,IntgCagInfo(SYNTHETIC v4),2026-09-26 06:03:35.258341+00:00,OK,True
KRUSN,2026,4,D8PQ,C. INFINITY,원유운반선,,,SYND8PQ_2026_004,SYN-D8PQ_2026_004-1,,I,수입,SK3부이,액체,원유,1267,000751,대표화물코드 27·선석분류(원유/berth+UPA)·PORT-MIS 선석·종수가정 1/1,벌크,펌프,TON,21099.9,21099.9,,,23209.9,21099.9,,울산,,,,2026-09-27 09:00:00+00:00,,UPA_SYNTHETIC,IntgCagInfo(SYNTHETIC v4),2026-09-26 06:03:35.260346+00:00,OK,True
KRUSN,2026,15,D8QR,성호갤럭시호,케미칼운반선,,,SYND8QR_2026_015,SYN-D8QR_2026_015-1,,O,수출,8부두,액체,벤젠,1114,001008,선종(케미칼운반선)·선석조건 없음·VTS 접안·종수가정 2/8,벌크,펌프,TON,12229.3,12229.3,,,13452.2,12229.3,,,울산,,,2026-09-13 17:00:00+00:00,,UPA_SYNTHETIC,IntgCagInfo(SYNTHETIC v4),2026-09-26 06:03:35.264341+00:00,OK,True
KRUSN,2026,15,D8QR,성호갤럭시호,케미칼운반선,,,SYND8QR_2026_015,SYN-D8QR_2026_015-2,,O,수출,8부두,액체,아크릴로니트릴(안정화),1093,001143,선종(케미칼운반선)·선석조건 없음·VTS 접안·종수가정 2/8,벌크,펌프,TON,27870.9,27870.9,,,30658.0,27870.9,,,울산,,,2026-09-13 17:00:00+00:00,,UPA_SYNTHETIC,IntgCagInfo(SYNTHETIC v4),2026-09-26 06:03:35.264341+00:00,OK,True
KRUSN,2026,9,DSAU,금양3호,석유제품운반선,,,SYNDSAU_2026_009,SYN-DSAU_2026_009-1,,O,수출,정박지-E2,액체,가솔린,1203,016420,선종(석유제품운반선)·선석 미정·종수가정 3/4,벌크,펌프,TON,1545.4,1545.4,,,1699.9,1545.4,,,울산,,,2026-09-20 19:00:00+00:00,,UPA_SYNTHETIC,IntgCagInfo(SYNTHETIC v4),2026-09-26 06:03:35.266341+00:00,OK,True
KRUSN,2026,9,DSAU,금양3호,석유제품운반선,,,SYNDSAU_2026_009,SYN-DSAU_2026_009-2,,O,수출,정박지-E2,액체,석유증류물(기타),1268,001128,선종(석유제품운반선)·선석 미정·종수가정 3/4,벌크,펌프,TON,16640.4,16640.4,,,18304.4,16640.4,,,울산,,,2026-09-20 19:00:00+00:00,,UPA_SYNTHETIC,IntgCagInfo(SYNTHETIC v4),2026-09-26 06:03:35.266341+00:00,OK,True
KRUSN,2026,9,DSAU,금양3호,석유제품운반선,,,SYNDSAU_2026_009,SYN-DSAU_2026_009-3,,I,수입,정박지-E2,액체,케로신,1223,000756,선종(석유제품운반선)·선석 미정·종수가정 3/4,벌크,펌프,TON,12560.6,12560.6,,,13816.7,12560.6,,울산,,,,2026-09-20 19:00:00+00:00,,UPA_SYNTHETIC,IntgCagInfo(SYNTHETIC v4),2026-09-26 06:03:35.266341+00:00,OK,True
KRUSN,2026,8,DSEZ7,마린가스,LPG운반선,,,SYNDSEZ7_2026_008,SYN-DSEZ7_2026_008-1,,I,수입,정박지-E1,액체,프로페인,1978,015420,선종(LPG운반선)·선석 미정·종수가정 1/2,벌크,펌프,TON,8456.1,8456.1,,,9301.7,8456.1,,울산,,,,2026-09-14 07:00:00+00:00,,UPA_SYNTHETIC,IntgCagInfo(SYNTHETIC v4),2026-09-26 06:03:35.268332+00:00,OK,True
KRUSN,2026,9,DSEZ7,마린가스,LPG운반선,,,SYNDSEZ7_2026_009,SYN-DSEZ7_2026_009-1,,O,수출,정박지-E1,액체,프로페인,1978,015420,선종(LPG운반선)·선석 미정·종수가정 2/2,벌크,펌프,TON,25943.1,25943.1,,,28537.4,25943.1,,,울산,,,2026-09-24 09:00:00+00:00,,UPA_SYNTHETIC,IntgCagInfo(SYNTHETIC v4),2026-09-26 06:03:35.268332+00:00,OK,True
KRUSN,2026,9,DSEZ7,마린가스,LPG운반선,,,SYNDSEZ7_2026_009,SYN-DSEZ7_2026_009-2,,O,수출,정박지-E1,액체,부탄,1011,000247,선종(LPG운반선)·선석 미정·종수가정 2/2,벌크,펌프,TON,3598.1,3598.1,,,3957.9,3598.1,,,울산,,,2026-09-24 09:00:00+00:00,,UPA_SYNTHETIC,IntgCagInfo(SYNTHETIC v4),2026-09-26 06:03:35.268332+00:00,OK,True
KRUSN,2026,29,DSFM6,루나 하나,석유제품운반선,,,SYNDSFM6_2026_029,SYN-DSFM6_2026_029-1,,I,수입,정박지-M3,액체,벤젠,1114,001008,대표화물코드 29·선석 미정·종수가정 3/6,벌크,펌프,TON,9088.7,9088.7,,,9997.6,9088.7,,울산,,,,2026-09-24 08:00:00+00:00,,UPA_SYNTHETIC,IntgCagInfo(SYNTHETIC v4),2026-09-26 06:03:35.270329+00:00,OK,True
KRUSN,2026,29,DSFM6,루나 하나,석유제품운반선,,,SYNDSFM6_2026_029,SYN-DSFM6_2026_029-2,,O,수출,정박지-M3,액체,테트라하이드로푸란,2056,001041,대표화물코드 29·선석 미정·종수가정 3/6,벌크,펌프,TON,27725.0,27725.0,,,30497.5,27725.0,,,울산,,,2026-09-24 08:00:00+00:00,,UPA_SYNTHETIC,IntgCagInfo(SYNTHETIC v4),2026-09-26 06:03:35.270329+00:00,OK,True
KRUSN,2026,29,DSFM6,루나 하나,석유제품운반선,,,SYNDSFM6_2026_029,SYN-DSFM6_2026_029-3,,I,수입,정박지-M3,액체,크실렌,1307,001077,대표화물코드 29·선석 미정·종수가정 3/6,벌크,펌프,TON,20735.2,20735.2,,,22808.7,20735.2,,울산,,,,2026-09-24 08:00:00+00:00,,UPA_SYNTHETIC,IntgCagInfo(SYNTHETIC v4),2026-09-26 06:03:35.270329+00:00,OK,True
KRUSN,2026,51,DSFN9,우선호,석유제품운반선,,,SYNDSFN9_2026_051,SYN-DSFN9_2026_051-1,,O,수출,S-Oil 3부두,액체,케로신,1223,000756,선종(석유제품운반선)·선석분류(유류/UPA)·VTS 접안·종수가정 1/4,벌크,펌프,TON,6901.8,6901.8,,,7592.0,6901.8,,,울산,,,2026-09-13 12:00:00+00:00,,UPA_SYNTHETIC,IntgCagInfo(SYNTHETIC v4),2026-09-26 06:03:35.272330+00:00,OK,True
KRUSN,2026,53,DSFN9,우선호,석유제품운반선,,,SYNDSFN9_2026_053,SYN-DSFN9_2026_053-1,,I,수입,정박지-M1,액체,석유증류물(기타),1268,001128,선종(석유제품운반선)·선석 미정·종수가정 4/4,벌크,펌프,TON,7745.9,7745.9,,,8520.5,7745.9,,울산,,,,2026-09-25 15:00:00+00:00,,UPA_SYNTHETIC,IntgCagInfo(SYNTHETIC v4),2026-09-26 06:03:35.273967+00:00,OK,True
KRUSN,2026,53,DSFN9,우선호,석유제품운반선,,,SYNDSFN9_2026_053,SYN-DSFN9_2026_053-2,,O,수출,정박지-M1,액체,디젤 연료/경유,1202,000973,선종(석유제품운반선)·선석 미정·종수가정 4/4,벌크,펌프,TON,11479.6,11479.6,,,12627.6,11479.6,,,울산,,,2026-09-25 15:00:00+00:00,,UPA_SYNTHETIC,IntgCagInfo(SYNTHETIC v4),2026-09-26 06:03:35.273967+00:00,OK,True
KRUSN,2026,53,DSFN9,우선호,석유제품운반선,,,SYNDSFN9_2026_053,SYN-DSFN9_2026_053-3,,O,수출,정박지-M1,액체,케로신,1223,000756,선종(석유제품운반선)·선석 미정·종수가정 4/4,벌크,펌프,TON,25211.9,25211.9,,,27733.1,25211.9,,,울산,,,2026-09-25 15:00:00+00:00,,UPA_SYNTHETIC,IntgCagInfo(SYNTHETIC v4),2026-09-26 06:03:35.273967+00:00,OK,True
KRUSN,2026,53,DSFN9,우선호,석유제품운반선,,,SYNDSFN9_2026_053,SYN-DSFN9_2026_053-4,,O,수출,정박지-M1,액체,가솔린,1203,016420,선종(석유제품운반선)·선석 미정·종수가정 4/4,벌크,펌프,TON,27286.8,27286.8,,,30015.5,27286.8,,,울산,,,2026-09-25 15:00:00+00:00,,UPA_SYNTHETIC,IntgCagInfo(SYNTHETIC v4),2026-09-26 06:03:35.273967+00:00,OK,True
KRUSN,2026,19,DSIU5,우금호,석유제품운반선,,,SYNDSIU5_2026_019,SYN-DSIU5_2026_019-1,,I,수입,4부두,액체,메탄올,1230,001151,대표화물코드 29·선석분류(액체화학/berth+UPA)·PORT-MIS 선석·종수가정 5/6,벌크,펌프,TON,24996.5,24996.5,,,27496.2,24996.5,,울산,,,,2026-09-29 13:00:00+00:00,,UPA_SYNTHETIC,IntgCagInfo(SYNTHETIC v4),2026-09-26 06:03:35.275976+00:00,OK,True
KRUSN,2026,19,DSIU5,우금호,석유제품운반선,,,SYNDSIU5_2026_019,SYN-DSIU5_2026_019-2,,O,수출,4부두,액체,톨루엔,1294,001032,대표화물코드 29·선석분류(액체화학/berth+UPA)·PORT-MIS 선석·종수가정 5/6,벌크,펌프,TON,21081.8,21081.8,,,23190.0,21081.8,,,울산,,,2026-09-29 13:00:00+00:00,,UPA_SYNTHETIC,IntgCagInfo(SYNTHETIC v4),2026-09-26 06:03:35.275976+00:00,OK,True
KRUSN,2026,19,DSIU5,우금호,석유제품운반선,,,SYNDSIU5_2026_019,SYN-DSIU5_2026_019-3,,I,수입,4부두,액체,스티렌 모노머(안정화),2055,001027,대표화물코드 29·선석분류(액체화학/berth+UPA)·PORT-MIS 선석·종수가정 5/6,벌크,펌프,TON,15763.4,15763.4,,,17339.7,15763.4,,울산,,,,2026-09-29 13:00:00+00:00,,UPA_SYNTHETIC,IntgCagInfo(SYNTHETIC v4),2026-09-26 06:03:35.275976+00:00,OK,True
KRUSN,2026,19,DSIU5,우금호,석유제품운반선,,,SYNDSIU5_2026_019,SYN-DSIU5_2026_019-4,,I,수입,4부두,액체,벤젠,1114,001008,대표화물코드 29·선석분류(액체화학/berth+UPA)·PORT-MIS 선석·종수가정 5/6,벌크,펌프,TON,2004.6,2004.6,,,2205.1,2004.6,,울산,,,,2026-09-29 13:00:00+00:00,,UPA_SYNTHETIC,IntgCagInfo(SYNTHETIC v4),2026-09-26 06:03:35.275976+00:00,OK,True
KRUSN,2026,19,DSIU5,우금호,석유제품운반선,,,SYNDSIU5_2026_019,SYN-DSIU5_2026_019-5,,O,수출,4부두,액체,크실렌,1307,001077,대표화물코드 29·선석분류(액체화학/berth+UPA)·PORT-MIS 선석·종수가정 5/6,벌크,펌프,TON,27184.1,27184.1,,,29902.5,27184.1,,,울산,,,2026-09-29 13:00:00+00:00,,UPA_SYNTHETIC,IntgCagInfo(SYNTHETIC v4),2026-09-26 06:03:35.275976+00:00,OK,True
KRUSN,2026,21,DSMD,우림 5,석유제품운반선,,,SYNDSMD_2026_021,SYN-DSMD_2026_021-1,,I,수입,정박지-E1,액체,크실렌,1307,001077,대표화물코드 29·선석 미정·종수가정 5/6,벌크,펌프,TON,14824.1,14824.1,,,16306.5,14824.1,,울산,,,,2026-09-28 14:00:00+00:00,,UPA_SYNTHETIC,IntgCagInfo(SYNTHETIC v4),2026-09-26 06:03:35.277979+00:00,OK,True
KRUSN,2026,21,DSMD,우림 5,석유제품운반선,,,SYNDSMD_2026_021,SYN-DSMD_2026_021-2,,I,수입,정박지-E1,액체,"1,2-에폭시프로판(산화프로필렌)",1280,001162,대표화물코드 29·선석 미정·종수가정 5/6,벌크,펌프,TON,12703.3,12703.3,,,13973.6,12703.3,,울산,,,,2026-09-28 14:00:00+00:00,,UPA_SYNTHETIC,IntgCagInfo(SYNTHETIC v4),2026-09-26 06:03:35.278981+00:00,OK,True
KRUSN,2026,21,DSMD,우림 5,석유제품운반선,,,SYNDSMD_2026_021,SYN-DSMD_2026_021-3,,O,수출,정박지-E1,액체,스티렌 모노머(안정화),2055,001027,대표화물코드 29·선석 미정·종수가정 5/6,벌크,펌프,TON,7963.1,7963.1,,,8759.4,7963.1,,,울산,,,2026-09-28 14:00:00+00:00,,UPA_SYNTHETIC,IntgCagInfo(SYNTHETIC v4),2026-09-26 06:03:35.278981+00:00,OK,True
KRUSN,2026,21,DSMD,우림 5,석유제품운반선,,,SYNDSMD_2026_021,SYN-DSMD_2026_021-4,,O,수출,정박지-E1,액체,톨루엔,1294,001032,대표화물코드 29·선석 미정·종수가정 5/6,벌크,펌프,TON,28209.7,28209.7,,,31030.7,28209.7,,,울산,,,2026-09-28 14:00:00+00:00,,UPA_SYNTHETIC,IntgCagInfo(SYNTHETIC v4),2026-09-26 06:03:35.278981+00:00,OK,True
KRUSN,2026,21,DSMD,우림 5,석유제품운반선,,,SYNDSMD_2026_021,SYN-DSMD_2026_021-5,,O,수출,정박지-E1,액체,메탄올,1230,001151,대표화물코드 29·선석 미정·종수가정 5/6,벌크,펌프,TON,24537.3,24537.3,,,26991.0,24537.3,,,울산,,,2026-09-28 14:00:00+00:00,,UPA_SYNTHETIC,IntgCagInfo(SYNTHETIC v4),2026-09-26 06:03:35.278981+00:00,OK,True
KRUSN,2026,20,DSME,우림 7,석유제품운반선,,,SYNDSME_2026_020,SYN-DSME_2026_020-1,,O,수출,정박지-E1,액체,디젤 연료/경유,1202,000973,선종(석유제품운반선)·선석 미정·종수가정 1/4,벌크,펌프,TON,12294.4,12294.4,,,13523.8,12294.4,,,울산,,,2026-09-22 13:00:00+00:00,,UPA_SYNTHETIC,IntgCagInfo(SYNTHETIC v4),2026-09-26 06:03:35.282980+00:00,OK,True
KRUSN,2026,96,DSNA3,제1한미르호,석유제품운반선,,,SYNDSNA3_2026_096,SYN-DSNA3_2026_096-1,,O,수출,SK2부두,액체,케로신,1223,000756,선종(석유제품운반선)·선석분류(유류/berth+UPA)·VTS 접안·종수가정 3/4,벌크,펌프,TON,18898.5,18898.5,,,20788.4,18898.5,,,울산,,,2026-09-20 08:00:00+00:00,,UPA_SYNTHETIC,IntgCagInfo(SYNTHETIC v4),2026-09-26 06:03:35.286972+00:00,OK,True
KRUSN,2026,96,DSNA3,제1한미르호,석유제품운반선,,,SYNDSNA3_2026_096,SYN-DSNA3_2026_096-2,,O,수출,SK2부두,액체,가솔린,1203,016420,선종(석유제품운반선)·선석분류(유류/berth+UPA)·VTS 접안·종수가정 3/4,벌크,펌프,TON,8825.1,8825.1,,,9707.6,8825.1,,,울산,,,2026-09-20 08:00:00+00:00,,UPA_SYNTHETIC,IntgCagInfo(SYNTHETIC v4),2026-09-26 06:03:35.286972+00:00,OK,True
KRUSN,2026,96,DSNA3,제1한미르호,석유제품운반선,,,SYNDSNA3_2026_096,SYN-DSNA3_2026_096-3,,O,수출,SK2부두,액체,석유증류물(기타),1268,001128,선종(석유제품운반선)·선석분류(유류/berth+UPA)·VTS 접안·종수가정 3/4,벌크,펌프,TON,25786.4,25786.4,,,28365.0,25786.4,,,울산,,,2026-09-20 08:00:00+00:00,,UPA_SYNTHETIC,IntgCagInfo(SYNTHETIC v4),2026-09-26 06:03:35.286972+00:00,OK,True
KRUSN,2026,97,DSNA3,제1한미르호,석유제품운반선,,,SYNDSNA3_2026_097,SYN-DSNA3_2026_097-1,,O,수출,정박지-M3,액체,케로신,1223,000756,선종(석유제품운반선)·선석 미정·종수가정 4/4,벌크,펌프,TON,8956.8,8956.8,,,9852.5,8956.8,,,울산,,,2026-09-22 08:00:00+00:00,,UPA_SYNTHETIC,IntgCagInfo(SYNTHETIC v4),2026-09-26 06:03:35.287969+00:00,OK,True
KRUSN,2026,97,DSNA3,제1한미르호,석유제품운반선,,,SYNDSNA3_2026_097,SYN-DSNA3_2026_097-2,,I,수입,정박지-M3,액체,가솔린,1203,016420,선종(석유제품운반선)·선석 미정·종수가정 4/4,벌크,펌프,TON,19787.7,19787.7,,,21766.5,19787.7,,울산,,,,2026-09-22 08:00:00+00:00,,UPA_SYNTHETIC,IntgCagInfo(SYNTHETIC v4),2026-09-26 06:03:35.287969+00:00,OK,True
KRUSN,2026,97,DSNA3,제1한미르호,석유제품운반선,,,SYNDSNA3_2026_097,SYN-DSNA3_2026_097-3,,O,수출,정박지-M3,액체,디젤 연료/경유,1202,000973,선종(석유제품운반선)·선석 미정·종수가정 4/4,벌크,펌프,TON,6364.6,6364.6,,,7001.1,6364.6,,,울산,,,2026-09-22 08:00:00+00:00,,UPA_SYNTHETIC,IntgCagInfo(SYNTHETIC v4),2026-09-26 06:03:35.287969+00:00,OK,True
KRUSN,2026,97,DSNA3,제1한미르호,석유제품운반선,,,SYNDSNA3_2026_097,SYN-DSNA3_2026_097-4,,I,수입,정박지-M3,액체,석유증류물(기타),1268,001128,선종(석유제품운반선)·선석 미정·종수가정 4/4,벌크,펌프,TON,23479.6,23479.6,,,25827.6,23479.6,,울산,,,,2026-09-22 08:00:00+00:00,,UPA_SYNTHETIC,IntgCagInfo(SYNTHETIC v4),2026-09-26 06:03:35.287969+00:00,OK,True
KRUSN,2026,19,DSND9,퍼시픽 삼부,석유제품운반선,,,SYNDSND9_2026_019,SYN-DSND9_2026_019-1,,I,수입,3부두,액체,석유증류물(기타),1268,001128,선종(석유제품운반선)·선석분류(가스·액체화학·유류/berth+UPA)·PORT-MIS 선석·종수가정 3/4,벌크,펌프,TON,2325.8,2325.8,,,2558.4,2325.8,,울산,,,,2026-09-20 23:00:00+00:00,,UPA_SYNTHETIC,IntgCagInfo(SYNTHETIC v4),2026-09-26 06:03:35.289968+00:00,OK,True
KRUSN,2026,19,DSND9,퍼시픽 삼부,석유제품운반선,,,SYNDSND9_2026_019,SYN-DSND9_2026_019-2,,O,수출,3부두,액체,케로신,1223,000756,선종(석유제품운반선)·선석분류(가스·액체화학·유류/berth+UPA)·PORT-MIS 선석·종수가정 3/4,벌크,펌프,TON,9353.3,9353.3,,,10288.6,9353.3,,,울산,,,2026-09-20 23:00:00+00:00,,UPA_SYNTHETIC,IntgCagInfo(SYNTHETIC v4),2026-09-26 06:03:35.289968+00:00,OK,True
KRUSN,2026,19,DSND9,퍼시픽 삼부,석유제품운반선,,,SYNDSND9_2026_019,SYN-DSND9_2026_019-3,,I,수입,3부두,액체,디젤 연료/경유,1202,000973,선종(석유제품운반선)·선석분류(가스·액체화학·유류/berth+UPA)·PORT-MIS 선석·종수가정 3/4,벌크,펌프,TON,14355.8,14355.8,,,15791.4,14355.8,,울산,,,,2026-09-20 23:00:00+00:00,,UPA_SYNTHETIC,IntgCagInfo(SYNTHETIC v4),2026-09-26 06:03:35.289968+00:00,OK,True
KRUSN,2026,11,DSNH2,우진 파이오니어호,케미칼운반선,,,SYNDSNH2_2026_011,SYN-DSNH2_2026_011-1,,O,수출,6부두,액체,테트라하이드로푸란,2056,001041,대표화물코드 29·선석분류(액체화학/UPA)·PORT-MIS 선석·종수가정 3/8,벌크,펌프,TON,16519.5,16519.5,,,18171.5,16519.5,,,울산,,,2026-09-21 13:00:00+00:00,,UPA_SYNTHETIC,IntgCagInfo(SYNTHETIC v4),2026-09-26 06:03:35.291969+00:00,OK,True
KRUSN,2026,11,DSNH2,우진 파이오니어호,케미칼운반선,,,SYNDSNH2_2026_011,SYN-DSNH2_2026_011-2,,I,수입,6부두,액체,벤젠,1114,001008,대표화물코드 29·선석분류(액체화학/UPA)·PORT-MIS 선석·종수가정 3/8,벌크,펌프,TON,22353.0,22353.0,,,24588.3,22353.0,,울산,,,,2026-09-21 13:00:00+00:00,,UPA_SYNTHETIC,IntgCagInfo(SYNTHETIC v4),2026-09-26 06:03:35.291969+00:00,OK,True
KRUSN,2026,11,DSNH2,우진 파이오니어호,케미칼운반선,,,SYNDSNH2_2026_011,SYN-DSNH2_2026_011-3,,O,수출,6부두,액체,톨루엔,1294,001032,대표화물코드 29·선석분류(액체화학/UPA)·PORT-MIS 선석·종수가정 3/8,벌크,펌프,TON,17410.3,17410.3,,,19151.3,17410.3,,,울산,,,2026-09-21 13:00:00+00:00,,UPA_SYNTHETIC,IntgCagInfo(SYNTHETIC v4),2026-09-26 06:03:35.291969+00:00,OK,True
KRUSN,2026,17,DSNR6,선라이즈 삼부,케미칼운반선,,,SYNDSNR6_2026_017,SYN-DSNR6_2026_017-1,,I,수입,정박지-E1,액체,크실렌,1307,001077,선종(케미칼운반선)·선석 미정·종수가정 6/8,벌크,펌프,TON,12462.9,12462.9,,,13709.2,12462.9,,울산,,,,2026-09-15 13:00:00+00:00,,UPA_SYNTHETIC,IntgCagInfo(SYNTHETIC v4),2026-09-26 06:03:35.295968+00:00,OK,True
KRUSN,2026,17,DSNR6,선라이즈 삼부,케미칼운반선,,,SYNDSNR6_2026_017,SYN-DSNR6_2026_017-2,,O,수출,정박지-E1,액체,스티렌 모노머(안정화),2055,001027,선종(케미칼운반선)·선석 미정·종수가정 6/8,벌크,펌프,TON,736.6,736.6,,,810.3,736.6,,,울산,,,2026-09-15 13:00:00+00:00,,UPA_SYNTHETIC,IntgCagInfo(SYNTHETIC v4),2026-09-26 06:03:35.295968+00:00,OK,True
KRUSN,2026,17,DSNR6,선라이즈 삼부,케미칼운반선,,,SYNDSNR6_2026_017,SYN-DSNR6_2026_017-3,,I,수입,정박지-E1,액체,벤젠,1114,001008,선종(케미칼운반선)·선석 미정·종수가정 6/8,벌크,펌프,TON,13732.7,13732.7,,,15106.0,13732.7,,울산,,,,2026-09-15 13:00:00+00:00,,UPA_SYNTHETIC,IntgCagInfo(SYNTHETIC v4),2026-09-26 06:03:35.296972+00:00,OK,True
KRUSN,2026,17,DSNR6,선라이즈 삼부,케미칼운반선,,,SYNDSNR6_2026_017,SYN-DSNR6_2026_017-4,,I,수입,정박지-E1,액체,아크릴로니트릴(안정화),1093,001143,선종(케미칼운반선)·선석 미정·종수가정 6/8,벌크,펌프,TON,2043.8,2043.8,,,2248.2,2043.8,,울산,,,,2026-09-15 13:00:00+00:00,,UPA_SYNTHETIC,IntgCagInfo(SYNTHETIC v4),2026-09-26 06:03:35.296972+00:00,OK,True
KRUSN,2026,17,DSNR6,선라이즈 삼부,케미칼운반선,,,SYNDSNR6_2026_017,SYN-DSNR6_2026_017-5,,I,수입,정박지-E1,액체,메탄올,1230,001151,선종(케미칼운반선)·선석 미정·종수가정 6/8,벌크,펌프,TON,19156.8,19156.8,,,21072.5,19156.8,,울산,,,,2026-09-15 13:00:00+00:00,,UPA_SYNTHETIC,IntgCagInfo(SYNTHETIC v4),2026-09-26 06:03:35.296972+00:00,OK,True
KRUSN,2026,17,DSNR6,선라이즈 삼부,케미칼운반선,,,SYNDSNR6_2026_017,SYN-DSNR6_2026_017-6,,O,수출,정박지-E1,액체,"1,2-에폭시프로판(산화프로필렌)",1280,001162,선종(케미칼운반선)·선석 미정·종수가정 6/8,벌크,펌프,TON,26091.5,26091.5,,,28700.7,26091.5,,,울산,,,2026-09-15 13:00:00+00:00,,UPA_SYNTHETIC,IntgCagInfo(SYNTHETIC v4),2026-09-26 06:03:35.296972+00:00,OK,True
KRUSN,2026,9,DSPC6,갤럭시 삼부,케미칼운반선,,,SYNDSPC6_2026_009,SYN-DSPC6_2026_009-1,,I,수입,정박지-E1,액체,크실렌,1307,001077,선종(케미칼운반선)·선석 미정·종수가정 2/8,벌크,펌프,TON,20894.1,20894.1,,,22983.5,20894.1,,울산,,,,2026-09-14 02:00:00+00:00,,UPA_SYNTHETIC,IntgCagInfo(SYNTHETIC v4),2026-09-26 06:03:35.298971+00:00,OK,True
KRUSN,2026,9,DSPC6,갤럭시 삼부,케미칼운반선,,,SYNDSPC6_2026_009,SYN-DSPC6_2026_009-2,,O,수출,정박지-E1,액체,"1,2-에폭시프로판(산화프로필렌)",1280,001162,선종(케미칼운반선)·선석 미정·종수가정 2/8,벌크,펌프,TON,21093.0,21093.0,,,23202.3,21093.0,,,울산,,,2026-09-14 02:00:00+00:00,,UPA_SYNTHETIC,IntgCagInfo(SYNTHETIC v4),2026-09-26 06:03:35.298971+00:00,OK,True
KRUSN,2026,10,DSPC6,갤럭시 삼부,케미칼운반선,,,SYNDSPC6_2026_010,SYN-DSPC6_2026_010-1,,O,수출,북신항 에너지부두04,액체,물질 미특정,,,대표화물코드 38·선석 미정·물질 미특정,벌크,펌프,TON,6922.9,6922.9,,,7615.2,6922.9,,,울산,,,2026-09-24 16:00:00+00:00,,UPA_SYNTHETIC,IntgCagInfo(SYNTHETIC v4),2026-09-26 06:03:35.298971+00:00,UNSPECIFIED_SUBSTANCE,True
KRUSN,2026,48,DSPD6,그레이스삼부,케미칼운반선,,,SYNDSPD6_2026_048,SYN-DSPD6_2026_048-1,,I,수입,용잠1부두,액체,스티렌 모노머(안정화),2055,001027,선종(케미칼운반선)·터미널 취급품목(TAEYOUNG)·PORT-MIS 선석·종수가정 4/4,벌크,펌프,TON,8598.1,8598.1,,,9457.9,8598.1,,울산,,,,2026-09-12 05:00:00+00:00,,UPA_SYNTHETIC,IntgCagInfo(SYNTHETIC v4),2026-09-26 06:03:35.301578+00:00,OK,True
KRUSN,2026,48,DSPD6,그레이스삼부,케미칼운반선,,,SYNDSPD6_2026_048,SYN-DSPD6_2026_048-2,,I,수입,용잠1부두,액체,벤젠,1114,001008,선종(케미칼운반선)·터미널 취급품목(TAEYOUNG)·PORT-MIS 선석·종수가정 4/4,벌크,펌프,TON,28026.6,28026.6,,,30829.3,28026.6,,울산,,,,2026-09-12 05:00:00+00:00,,UPA_SYNTHETIC,IntgCagInfo(SYNTHETIC v4),2026-09-26 06:03:35.301595+00:00,OK,True
KRUSN,2026,48,DSPD6,그레이스삼부,케미칼운반선,,,SYNDSPD6_2026_048,SYN-DSPD6_2026_048-3,,I,수입,용잠1부두,액체,크실렌,1307,001077,선종(케미칼운반선)·터미널 취급품목(TAEYOUNG)·PORT-MIS 선석·종수가정 4/4,벌크,펌프,TON,3526.8,3526.8,,,3879.5,3526.8,,울산,,,,2026-09-12 05:00:00+00:00,,UPA_SYNTHETIC,IntgCagInfo(SYNTHETIC v4),2026-09-26 06:03:35.301595+00:00,OK,True
KRUSN,2026,48,DSPD6,그레이스삼부,케미칼운반선,,,SYNDSPD6_2026_048,SYN-DSPD6_2026_048-4,,O,수출,용잠1부두,액체,"1,2-에폭시프로판(산화프로필렌)",1280,001162,선종(케미칼운반선)·터미널 취급품목(TAEYOUNG)·PORT-MIS 선석·종수가정 4/4,벌크,펌프,TON,12791.9,12791.9,,,14071.1,12791.9,,,울산,,,2026-09-12 05:00:00+00:00,,UPA_SYNTHETIC,IntgCagInfo(SYNTHETIC v4),2026-09-26 06:03:35.301595+00:00,OK,True
KRUSN,2026,49,DSPD6,그레이스삼부,케미칼운반선,,,SYNDSPD6_2026_049,SYN-DSPD6_2026_049-1,,O,수출,정박지-M1,액체,물질 미특정,,,대표화물코드 38·선석 미정·물질 미특정,벌크,펌프,TON,26318.7,26318.7,,,28950.6,26318.7,,,울산,,,2026-09-23 10:00:00+00:00,,UPA_SYNTHETIC,IntgCagInfo(SYNTHETIC v4),2026-09-26 06:03:35.302710+00:00,UNSPECIFIED_SUBSTANCE,True
KRUSN,2026,23,DSPF9,보넨자,케미칼운반선,,,SYNDSPF9_2026_023,SYN-DSPF9_2026_023-1,,O,수출,정박지-E1,액체,톨루엔,1294,001032,선종(케미칼운반선)·선석 미정·종수가정 3/8,벌크,펌프,TON,1406.8,1406.8,,,1547.5,1406.8,,,울산,,,2026-09-12 11:00:00+00:00,,UPA_SYNTHETIC,IntgCagInfo(SYNTHETIC v4),2026-09-26 06:03:35.306025+00:00,OK,True
KRUSN,2026,23,DSPF9,보넨자,케미칼운반선,,,SYNDSPF9_2026_023,SYN-DSPF9_2026_023-2,,I,수입,정박지-E1,액체,아크릴로니트릴(안정화),1093,001143,선종(케미칼운반선)·선석 미정·종수가정 3/8,벌크,펌프,TON,16472.7,16472.7,,,18120.0,16472.7,,울산,,,,2026-09-12 11:00:00+00:00,,UPA_SYNTHETIC,IntgCagInfo(SYNTHETIC v4),2026-09-26 06:03:35.306051+00:00,OK,True
KRUSN,2026,23,DSPF9,보넨자,케미칼운반선,,,SYNDSPF9_2026_023,SYN-DSPF9_2026_023-3,,O,수출,정박지-E1,액체,테트라하이드로푸란,2056,001041,선종(케미칼운반선)·선석 미정·종수가정 3/8,벌크,펌프,TON,962.0,962.0,,,1058.2,962.0,,,울산,,,2026-09-12 11:00:00+00:00,,UPA_SYNTHETIC,IntgCagInfo(SYNTHETIC v4),2026-09-26 06:03:35.306051+00:00,OK,True
KRUSN,2026,15,DSPH2,거영스타호,케미칼운반선,,,SYNDSPH2_2026_015,SYN-DSPH2_2026_015-1,,I,수입,OTK1부두,액체,톨루엔,1294,001032,선종(케미칼운반선)·터미널 취급품목(ODFJELL)·VTS 접안·종수가정 1/2,벌크,펌프,TON,1286.7,1286.7,,,1415.4,1286.7,,울산,,,,2026-09-21 00:00:00+00:00,,UPA_SYNTHETIC,IntgCagInfo(SYNTHETIC v4),2026-09-26 06:03:35.308577+00:00,OK,True
KRUSN,2026,14,DSPL3,자이언트 삼부,케미칼운반선,,,SYNDSPL3_2026_014,SYN-DSPL3_2026_014-1,,I,수입,7부두,액체,테트라하이드로푸란,2056,001041,선종(케미칼운반선)·선석조건 없음·VTS 접안·종수가정 7/8,벌크,펌프,TON,15988.0,15988.0,,,17586.8,15988.0,,울산,,,,2026-09-11 16:00:00+00:00,,UPA_SYNTHETIC,IntgCagInfo(SYNTHETIC v4),2026-09-26 06:03:35.313130+00:00,OK,True
KRUSN,2026,14,DSPL3,자이언트 삼부,케미칼운반선,,,SYNDSPL3_2026_014,SYN-DSPL3_2026_014-2,,I,수입,7부두,액체,스티렌 모노머(안정화),2055,001027,선종(케미칼운반선)·선석조건 없음·VTS 접안·종수가정 7/8,벌크,펌프,TON,22532.5,22532.5,,,24785.8,22532.5,,울산,,,,2026-09-11 16:00:00+00:00,,UPA_SYNTHETIC,IntgCagInfo(SYNTHETIC v4),2026-09-26 06:03:35.313130+00:00,OK,True
KRUSN,2026,14,DSPL3,자이언트 삼부,케미칼운반선,,,SYNDSPL3_2026_014,SYN-DSPL3_2026_014-3,,I,수입,7부두,액체,크실렌,1307,001077,선종(케미칼운반선)·선석조건 없음·VTS 접안·종수가정 7/8,벌크,펌프,TON,2754.9,2754.9,,,3030.4,2754.9,,울산,,,,2026-09-11 16:00:00+00:00,,UPA_SYNTHETIC,IntgCagInfo(SYNTHETIC v4),2026-09-26 06:03:35.313130+00:00,OK,True
KRUSN,2026,14,DSPL3,자이언트 삼부,케미칼운반선,,,SYNDSPL3_2026_014,SYN-DSPL3_2026_014-4,,O,수출,7부두,액체,톨루엔,1294,001032,선종(케미칼운반선)·선석조건 없음·VTS 접안·종수가정 7/8,벌크,펌프,TON,22008.8,22008.8,,,24209.7,22008.8,,,울산,,,2026-09-11 16:00:00+00:00,,UPA_SYNTHETIC,IntgCagInfo(SYNTHETIC v4),2026-09-26 06:03:35.313130+00:00,OK,True
KRUSN,2026,14,DSPL3,자이언트 삼부,케미칼운반선,,,SYNDSPL3_2026_014,SYN-DSPL3_2026_014-5,,O,수출,7부두,액체,"1,2-에폭시프로판(산화프로필렌)",1280,001162,선종(케미칼운반선)·선석조건 없음·VTS 접안·종수가정 7/8,벌크,펌프,TON,4139.6,4139.6,,,4553.6,4139.6,,,울산,,,2026-09-11 16:00:00+00:00,,UPA_SYNTHETIC,IntgCagInfo(SYNTHETIC v4),2026-09-26 06:03:35.313130+00:00,OK,True
KRUSN,2026,14,DSPL3,자이언트 삼부,케미칼운반선,,,SYNDSPL3_2026_014,SYN-DSPL3_2026_014-6,,O,수출,7부두,액체,아크릴로니트릴(안정화),1093,001143,선종(케미칼운반선)·선석조건 없음·VTS 접안·종수가정 7/8,벌크,펌프,TON,14552.3,14552.3,,,16007.5,14552.3,,,울산,,,2026-09-11 16:00:00+00:00,,UPA_SYNTHETIC,IntgCagInfo(SYNTHETIC v4),2026-09-26 06:03:35.314130+00:00,OK,True
KRUSN,2026,14,DSPL3,자이언트 삼부,케미칼운반선,,,SYNDSPL3_2026_014,SYN-DSPL3_2026_014-7,,I,수입,7부두,액체,벤젠,1114,001008,선종(케미칼운반선)·선석조건 없음·VTS 접안·종수가정 7/8,벌크,펌프,TON,18629.6,18629.6,,,20492.6,18629.6,,울산,,,,2026-09-11 16:00:00+00:00,,UPA_SYNTHETIC,IntgCagInfo(SYNTHETIC v4),2026-09-26 06:03:35.314130+00:00,OK,True
KRUSN,2026,15,DSPL3,자이언트 삼부,케미칼운반선,,,SYNDSPL3_2026_015,SYN-DSPL3_2026_015-1,,I,수입,정박지-E1,액체,물질 미특정,,,대표화물코드 38·선석 미정·물질 미특정,벌크,펌프,TON,3515.9,3515.9,,,3867.5,3515.9,,울산,,,,2026-09-20 01:00:00+00:00,,UPA_SYNTHETIC,IntgCagInfo(SYNTHETIC v4),2026-09-26 06:03:35.315128+00:00,UNSPECIFIED_SUBSTANCE,True
KRUSN,2026,16,DSPL3,자이언트 삼부,케미칼운반선,,,SYNDSPL3_2026_016,SYN-DSPL3_2026_016-1,,I,수입,UTT부두,액체,물질 미특정,,,대표화물코드 38·터미널 취급품목(TAEYOUNG)·PORT-MIS 선석·물질 미특정,벌크,펌프,TON,18247.2,18247.2,,,20071.9,18247.2,,울산,,,,2026-09-28 06:00:00+00:00,,UPA_SYNTHETIC,IntgCagInfo(SYNTHETIC v4),2026-09-26 06:03:35.315128+00:00,UNSPECIFIED_SUBSTANCE,True
KRUSN,2026,10,DSPQ4,디엘 다이아몬드호,석유제품운반선,,,SYNDSPQ4_2026_010,SYN-DSPQ4_2026_010-1,,I,수입,정박지-E1,액체,톨루엔,1294,001032,대표화물코드 27·선석 미정·종수가정 4/6,벌크,펌프,TON,21870.8,21870.8,,,24057.9,21870.8,,울산,,,,2026-09-23 22:00:00+00:00,,UPA_SYNTHETIC,IntgCagInfo(SYNTHETIC v4),2026-09-26 06:03:35.317127+00:00,OK,True
KRUSN,2026,10,DSPQ4,디엘 다이아몬드호,석유제품운반선,,,SYNDSPQ4_2026_010,SYN-DSPQ4_2026_010-2,,I,수입,정박지-E1,액체,가솔린,1203,016420,대표화물코드 27·선석 미정·종수가정 4/6,벌크,펌프,TON,19911.6,19911.6,,,21902.8,19911.6,,울산,,,,2026-09-23 22:00:00+00:00,,UPA_SYNTHETIC,IntgCagInfo(SYNTHETIC v4),2026-09-26 06:03:35.317127+00:00,OK,True
KRUSN,2026,10,DSPQ4,디엘 다이아몬드호,석유제품운반선,,,SYNDSPQ4_2026_010,SYN-DSPQ4_2026_010-3,,O,수출,정박지-E1,액체,벤젠,1114,001008,대표화물코드 27·선석 미정·종수가정 4/6,벌크,펌프,TON,29125.2,29125.2,,,32037.7,29125.2,,,울산,,,2026-09-23 22:00:00+00:00,,UPA_SYNTHETIC,IntgCagInfo(SYNTHETIC v4),2026-09-26 06:03:35.317127+00:00,OK,True
KRUSN,2026,10,DSPQ4,디엘 다이아몬드호,석유제품운반선,,,SYNDSPQ4_2026_010,SYN-DSPQ4_2026_010-4,,I,수입,정박지-E1,액체,석유증류물(기타),1268,001128,대표화물코드 27·선석 미정·종수가정 4/6,벌크,펌프,TON,17484.0,17484.0,,,19232.4,17484.0,,울산,,,,2026-09-23 22:00:00+00:00,,UPA_SYNTHETIC,IntgCagInfo(SYNTHETIC v4),2026-09-26 06:03:35.317127+00:00,OK,True
KRUSN,2026,18,DSPW9,거영마스타호,케미칼운반선,,,SYNDSPW9_2026_018,SYN-DSPW9_2026_018-1,,O,수출,가스부두,액체,물질 미특정,,,선종(케미칼운반선)·선석분류(가스·유류/berth+UPA)·VTS 접안·물질 미특정,벌크,펌프,TON,1647.1,1647.1,,,1811.8,1647.1,,,울산,,,2026-09-12 08:00:00+00:00,,UPA_SYNTHETIC,IntgCagInfo(SYNTHETIC v4),2026-09-26 06:03:35.322059+00:00,UNSPECIFIED_SUBSTANCE,True
KRUSN,2026,19,DSPW9,거영마스타호,케미칼운반선,,,SYNDSPW9_2026_019,SYN-DSPW9_2026_019-1,,I,수입,정박지-M1,액체,황산(51% 초과),1830,001049,대표화물코드 28·선석 미정·종수가정 1/1,벌크,펌프,TON,10133.1,10133.1,,,11146.4,10133.1,,울산,,,,2026-09-22 09:00:00+00:00,,UPA_SYNTHETIC,IntgCagInfo(SYNTHETIC v4),2026-09-26 06:03:35.323053+00:00,OK,True
KRUSN,2026,59,DSQF4,케이티에스 화이트,석유제품운반선,,,SYNDSQF4_2026_059,SYN-DSQF4_2026_059-1,,O,수출,SK1부두,액체,물질 미특정,,,대표화물코드 29·선석분류(유류/berth+UPA)·PORT-MIS 선석·물질 미특정,벌크,펌프,TON,25041.7,25041.7,,,27545.9,25041.7,,,울산,,,2026-09-22 11:00:00+00:00,,UPA_SYNTHETIC,IntgCagInfo(SYNTHETIC v4),2026-09-26 06:03:35.326070+00:00,UNSPECIFIED_SUBSTANCE,True
KRUSN,2026,60,DSQF4,케이티에스 화이트,석유제품운반선,,,SYNDSQF4_2026_060,SYN-DSQF4_2026_060-1,,O,수출,UTK부두,액체,벤젠,1114,001008,대표화물코드 29·터미널 취급품목(UTK)·PORT-MIS 선석·종수가정 2/2,벌크,펌프,TON,2022.6,2022.6,,,2224.9,2022.6,,,울산,,,2026-09-25 06:30:00+00:00,,UPA_SYNTHETIC,IntgCagInfo(SYNTHETIC v4),2026-09-26 06:03:35.326070+00:00,OK,True
KRUSN,2026,60,DSQF4,케이티에스 화이트,석유제품운반선,,,SYNDSQF4_2026_060,SYN-DSQF4_2026_060-2,,I,수입,UTK부두,액체,톨루엔,1294,001032,대표화물코드 29·터미널 취급품목(UTK)·PORT-MIS 선석·종수가정 2/2,벌크,펌프,TON,3891.9,3891.9,,,4281.1,3891.9,,울산,,,,2026-09-25 06:30:00+00:00,,UPA_SYNTHETIC,IntgCagInfo(SYNTHETIC v4),2026-09-26 06:03:35.326070+00:00,OK,True
KRUSN,2026,29,DSQH5,케이티에스 블루,케미칼운반선,,,SYNDSQH5_2026_029,SYN-DSQH5_2026_029-1,,O,수출,용잠2부두,액체,크실렌,1307,001077,대표화물코드 29·터미널 취급품목(TAEYOUNG)·PORT-MIS 선석·종수가정 2/4,벌크,펌프,TON,12203.2,12203.2,,,13423.5,12203.2,,,울산,,,2026-09-21 05:00:00+00:00,,UPA_SYNTHETIC,IntgCagInfo(SYNTHETIC v4),2026-09-26 06:03:35.328067+00:00,OK,True
KRUSN,2026,29,DSQH5,케이티에스 블루,케미칼운반선,,,SYNDSQH5_2026_029,SYN-DSQH5_2026_029-2,,I,수입,용잠2부두,액체,"1,2-에폭시프로판(산화프로필렌)",1280,001162,대표화물코드 29·터미널 취급품목(TAEYOUNG)·PORT-MIS 선석·종수가정 2/4,벌크,펌프,TON,29165.8,29165.8,,,32082.4,29165.8,,울산,,,,2026-09-21 05:00:00+00:00,,UPA_SYNTHETIC,IntgCagInfo(SYNTHETIC v4),2026-09-26 06:03:35.328067+00:00,OK,True
KRUSN,2026,17,DSQI2,로터스 삼부,석유제품운반선,,,SYNDSQI2_2026_017,SYN-DSQI2_2026_017-1,,I,수입,정박지-E1,액체,석유증류물(기타),1268,001128,선종(석유제품운반선)·선석 미정·종수가정 1/4,벌크,펌프,TON,27986.8,27986.8,,,30785.5,27986.8,,울산,,,,2026-09-14 17:00:00+00:00,,UPA_SYNTHETIC,IntgCagInfo(SYNTHETIC v4),2026-09-26 06:03:35.331068+00:00,OK,True
KRUSN,2026,18,DSQI2,로터스 삼부,석유제품운반선,,,SYNDSQI2_2026_018,SYN-DSQI2_2026_018-1,,O,수출,UTT부두,액체,물질 미특정,,,대표화물코드 38·터미널 취급품목(TAEYOUNG)·PORT-MIS 선석·물질 미특정,벌크,펌프,TON,26650.9,26650.9,,,29316.0,26650.9,,,울산,,,2026-09-28 05:00:00+00:00,,UPA_SYNTHETIC,IntgCagInfo(SYNTHETIC v4),2026-09-26 06:03:35.331068+00:00,UNSPECIFIED_SUBSTANCE,True
KRUSN,2026,30,DSQI3,우림 드라곤 7호,석유제품운반선,,,SYNDSQI3_2026_030,SYN-DSQI3_2026_030-1,,O,수출,정박지-E1,액체,스티렌 모노머(안정화),2055,001027,대표화물코드 29·선석 미정·종수가정 3/6,벌크,펌프,TON,3365.0,3365.0,,,3701.5,3365.0,,,울산,,,2026-09-27 15:00:00+00:00,,UPA_SYNTHETIC,IntgCagInfo(SYNTHETIC v4),2026-09-26 06:03:35.334060+00:00,OK,True
KRUSN,2026,30,DSQI3,우림 드라곤 7호,석유제품운반선,,,SYNDSQI3_2026_030,SYN-DSQI3_2026_030-2,,O,수출,정박지-E1,액체,테트라하이드로푸란,2056,001041,대표화물코드 29·선석 미정·종수가정 3/6,벌크,펌프,TON,2712.7,2712.7,,,2984.0,2712.7,,,울산,,,2026-09-27 15:00:00+00:00,,UPA_SYNTHETIC,IntgCagInfo(SYNTHETIC v4),2026-09-26 06:03:35.334060+00:00,OK,True
KRUSN,2026,30,DSQI3,우림 드라곤 7호,석유제품운반선,,,SYNDSQI3_2026_030,SYN-DSQI3_2026_030-3,,O,수출,정박지-E1,액체,아크릴로니트릴(안정화),1093,001143,대표화물코드 29·선석 미정·종수가정 3/6,벌크,펌프,TON,10796.8,10796.8,,,11876.5,10796.8,,,울산,,,2026-09-27 15:00:00+00:00,,UPA_SYNTHETIC,IntgCagInfo(SYNTHETIC v4),2026-09-26 06:03:35.334060+00:00,OK,True
KRUSN,2026,12,DSQJ9,뉴 하모니,석유제품운반선,,,SYNDSQJ9_2026_012,SYN-DSQJ9_2026_012-1,,I,수입,UTK부두,액체,케로신,1223,000756,대표화물코드 27·터미널 취급품목(UTK)·PORT-MIS 선석·종수가정 1/5,벌크,펌프,TON,17803.2,17803.2,,,19583.5,17803.2,,울산,,,,2026-09-28 03:00:00+00:00,,UPA_SYNTHETIC,IntgCagInfo(SYNTHETIC v4),2026-09-26 06:03:35.335665+00:00,OK,True
KRUSN,2026,11,DSQN4,POLARIS,원유운반선,,,SYNDSQN4_2026_011,SYN-DSQN4_2026_011-1,,O,수출,정박지-E2,액체,원유,1267,000751,선종(원유운반선)·선석 미정·종수가정 1/1,벌크,펌프,TON,23826.1,23826.1,,,26208.7,23826.1,,,울산,,,2026-09-25 02:00:00+00:00,,UPA_SYNTHETIC,IntgCagInfo(SYNTHETIC v4),2026-09-26 06:03:35.337661+00:00,OK,True
KRUSN,2026,15,DSQP2,HANYU EMPIRE,석유제품운반선,,,SYNDSQP2_2026_015,SYN-DSQP2_2026_015-1,,I,수입,정박지-E1,액체,디젤 연료/경유,1202,000973,선종(석유제품운반선)·선석 미정·종수가정 4/4,벌크,펌프,TON,17730.0,17730.0,,,19503.0,17730.0,,울산,,,,2026-09-23 22:00:00+00:00,,UPA_SYNTHETIC,IntgCagInfo(SYNTHETIC v4),2026-09-26 06:03:35.338662+00:00,OK,True
KRUSN,2026,15,DSQP2,HANYU EMPIRE,석유제품운반선,,,SYNDSQP2_2026_015,SYN-DSQP2_2026_015-2,,I,수입,정박지-E1,액체,가솔린,1203,016420,선종(석유제품운반선)·선석 미정·종수가정 4/4,벌크,펌프,TON,4990.2,4990.2,,,5489.2,4990.2,,울산,,,,2026-09-23 22:00:00+00:00,,UPA_SYNTHETIC,IntgCagInfo(SYNTHETIC v4),2026-09-26 06:03:35.338662+00:00,OK,True
KRUSN,2026,15,DSQP2,HANYU EMPIRE,석유제품운반선,,,SYNDSQP2_2026_015,SYN-DSQP2_2026_015-3,,I,수입,정박지-E1,액체,케로신,1223,000756,선종(석유제품운반선)·선석 미정·종수가정 4/4,벌크,펌프,TON,5617.3,5617.3,,,6179.0,5617.3,,울산,,,,2026-09-23 22:00:00+00:00,,UPA_SYNTHETIC,IntgCagInfo(SYNTHETIC v4),2026-09-26 06:03:35.338662+00:00,OK,True
KRUSN,2026,15,DSQP2,HANYU EMPIRE,석유제품운반선,,,SYNDSQP2_2026_015,SYN-DSQP2_2026_015-4,,O,수출,정박지-E1,액체,석유증류물(기타),1268,001128,선종(석유제품운반선)·선석 미정·종수가정 4/4,벌크,펌프,TON,14480.6,14480.6,,,15928.7,14480.6,,,울산,,,2026-09-23 22:00:00+00:00,,UPA_SYNTHETIC,IntgCagInfo(SYNTHETIC v4),2026-09-26 06:03:35.338662+00:00,OK,True
KRUSN,2026,24,DSQT6,가스브로드웨이,LPG운반선,,,SYNDSQT6_2026_024,SYN-DSQT6_2026_024-1,,O,수출,정박지-M1,액체,부탄,1011,000247,선종(LPG운반선)·선석 미정·종수가정 2/2,벌크,펌프,TON,13397.6,13397.6,,,14737.4,13397.6,,,울산,,,2026-09-13 01:00:00+00:00,,UPA_SYNTHETIC,IntgCagInfo(SYNTHETIC v4),2026-09-26 06:03:35.340662+00:00,OK,True
KRUSN,2026,24,DSQT6,가스브로드웨이,LPG운반선,,,SYNDSQT6_2026_024,SYN-DSQT6_2026_024-2,,O,수출,정박지-M1,액체,프로페인,1978,015420,선종(LPG운반선)·선석 미정·종수가정 2/2,벌크,펌프,TON,24313.9,24313.9,,,26745.3,24313.9,,,울산,,,2026-09-13 01:00:00+00:00,,UPA_SYNTHETIC,IntgCagInfo(SYNTHETIC v4),2026-09-26 06:03:35.340662+00:00,OK,True
KRUSN,2026,19,DSRG6,107효동케미,케미칼운반선,,,SYNDSRG6_2026_019,SYN-DSRG6_2026_019-1,,I,수입,정박지-M1,액체,크실렌,1307,001077,선종(케미칼운반선)·선석 미정·종수가정 6/8,벌크,펌프,TON,17174.8,17174.8,,,18892.3,17174.8,,울산,,,,2026-09-29 09:00:00+00:00,,UPA_SYNTHETIC,IntgCagInfo(SYNTHETIC v4),2026-09-26 06:03:35.344671+00:00,OK,True
KRUSN,2026,19,DSRG6,107효동케미,케미칼운반선,,,SYNDSRG6_2026_019,SYN-DSRG6_2026_019-2,,O,수출,정박지-M1,액체,"1,2-에폭시프로판(산화프로필렌)",1280,001162,선종(케미칼운반선)·선석 미정·종수가정 6/8,벌크,펌프,TON,8082.0,8082.0,,,8890.2,8082.0,,,울산,,,2026-09-29 09:00:00+00:00,,UPA_SYNTHETIC,IntgCagInfo(SYNTHETIC v4),2026-09-26 06:03:35.344671+00:00,OK,True
KRUSN,2026,19,DSRG6,107효동케미,케미칼운반선,,,SYNDSRG6_2026_019,SYN-DSRG6_2026_019-3,,I,수입,정박지-M1,액체,아크릴로니트릴(안정화),1093,001143,선종(케미칼운반선)·선석 미정·종수가정 6/8,벌크,펌프,TON,573.5,573.5,,,630.9,573.5,,울산,,,,2026-09-29 09:00:00+00:00,,UPA_SYNTHETIC,IntgCagInfo(SYNTHETIC v4),2026-09-26 06:03:35.344671+00:00,OK,True
KRUSN,2026,19,DSRG6,107효동케미,케미칼운반선,,,SYNDSRG6_2026_019,SYN-DSRG6_2026_019-4,,I,수입,정박지-M1,액체,벤젠,1114,001008,선종(케미칼운반선)·선석 미정·종수가정 6/8,벌크,펌프,TON,9999.7,9999.7,,,10999.7,9999.7,,울산,,,,2026-09-29 09:00:00+00:00,,UPA_SYNTHETIC,IntgCagInfo(SYNTHETIC v4),2026-09-26 06:03:35.344671+00:00,OK,True
KRUSN,2026,19,DSRG6,107효동케미,케미칼운반선,,,SYNDSRG6_2026_019,SYN-DSRG6_2026_019-5,,O,수출,정박지-M1,액체,테트라하이드로푸란,2056,001041,선종(케미칼운반선)·선석 미정·종수가정 6/8,벌크,펌프,TON,14611.0,14611.0,,,16072.1,14611.0,,,울산,,,2026-09-29 09:00:00+00:00,,UPA_SYNTHETIC,IntgCagInfo(SYNTHETIC v4),2026-09-26 06:03:35.344671+00:00,OK,True
KRUSN,2026,19,DSRG6,107효동케미,케미칼운반선,,,SYNDSRG6_2026_019,SYN-DSRG6_2026_019-6,,O,수출,정박지-M1,액체,스티렌 모노머(안정화),2055,001027,선종(케미칼운반선)·선석 미정·종수가정 6/8,벌크,펌프,TON,28257.0,28257.0,,,31082.7,28257.0,,,울산,,,2026-09-29 09:00:00+00:00,,UPA_SYNTHETIC,IntgCagInfo(SYNTHETIC v4),2026-09-26 06:03:35.344671+00:00,OK,True
KRUSN,2026,10,DSRJ2,와이씨 코스모스,케미칼운반선,,,SYNDSRJ2_2026_010,SYN-DSRJ2_2026_010-1,,O,수출,정박지-E1,액체,톨루엔,1294,001032,선종(케미칼운반선)·선석 미정·종수가정 8/8,벌크,펌프,TON,27683.2,27683.2,,,30451.5,27683.2,,,울산,,,2026-09-14 15:00:00+00:00,,UPA_SYNTHETIC,IntgCagInfo(SYNTHETIC v4),2026-09-26 06:03:35.347672+00:00,OK,True
KRUSN,2026,10,DSRJ2,와이씨 코스모스,케미칼운반선,,,SYNDSRJ2_2026_010,SYN-DSRJ2_2026_010-2,,O,수출,정박지-E1,액체,스티렌 모노머(안정화),2055,001027,선종(케미칼운반선)·선석 미정·종수가정 8/8,벌크,펌프,TON,26656.3,26656.3,,,29321.9,26656.3,,,울산,,,2026-09-14 15:00:00+00:00,,UPA_SYNTHETIC,IntgCagInfo(SYNTHETIC v4),2026-09-26 06:03:35.347672+00:00,OK,True
KRUSN,2026,10,DSRJ2,와이씨 코스모스,케미칼운반선,,,SYNDSRJ2_2026_010,SYN-DSRJ2_2026_010-3,,O,수출,정박지-E1,액체,"1,2-에폭시프로판(산화프로필렌)",1280,001162,선종(케미칼운반선)·선석 미정·종수가정 8/8,벌크,펌프,TON,15687.9,15687.9,,,17256.7,15687.9,,,울산,,,2026-09-14 15:00:00+00:00,,UPA_SYNTHETIC,IntgCagInfo(SYNTHETIC v4),2026-09-26 06:03:35.347672+00:00,OK,True
KRUSN,2026,10,DSRJ2,와이씨 코스모스,케미칼운반선,,,SYNDSRJ2_2026_010,SYN-DSRJ2_2026_010-4,,O,수출,정박지-E1,액체,벤젠,1114,001008,선종(케미칼운반선)·선석 미정·종수가정 8/8,벌크,펌프,TON,6791.6,6791.6,,,7470.8,6791.6,,,울산,,,2026-09-14 15:00:00+00:00,,UPA_SYNTHETIC,IntgCagInfo(SYNTHETIC v4),2026-09-26 06:03:35.347672+00:00,OK,True
KRUSN,2026,10,DSRJ2,와이씨 코스모스,케미칼운반선,,,SYNDSRJ2_2026_010,SYN-DSRJ2_2026_010-5,,I,수입,정박지-E1,액체,테트라하이드로푸란,2056,001041,선종(케미칼운반선)·선석 미정·종수가정 8/8,벌크,펌프,TON,9875.8,9875.8,,,10863.4,9875.8,,울산,,,,2026-09-14 15:00:00+00:00,,UPA_SYNTHETIC,IntgCagInfo(SYNTHETIC v4),2026-09-26 06:03:35.347672+00:00,OK,True
KRUSN,2026,10,DSRJ2,와이씨 코스모스,케미칼운반선,,,SYNDSRJ2_2026_010,SYN-DSRJ2_2026_010-6,,O,수출,정박지-E1,액체,메탄올,1230,001151,선종(케미칼운반선)·선석 미정·종수가정 8/8,벌크,펌프,TON,9776.7,9776.7,,,10754.4,9776.7,,,울산,,,2026-09-14 15:00:00+00:00,,UPA_SYNTHETIC,IntgCagInfo(SYNTHETIC v4),2026-09-26 06:03:35.347672+00:00,OK,True
KRUSN,2026,10,DSRJ2,와이씨 코스모스,케미칼운반선,,,SYNDSRJ2_2026_010,SYN-DSRJ2_2026_010-7,,I,수입,정박지-E1,액체,아크릴로니트릴(안정화),1093,001143,선종(케미칼운반선)·선석 미정·종수가정 8/8,벌크,펌프,TON,26303.5,26303.5,,,28933.9,26303.5,,울산,,,,2026-09-14 15:00:00+00:00,,UPA_SYNTHETIC,IntgCagInfo(SYNTHETIC v4),2026-09-26 06:03:35.347672+00:00,OK,True
KRUSN,2026,10,DSRJ2,와이씨 코스모스,케미칼운반선,,,SYNDSRJ2_2026_010,SYN-DSRJ2_2026_010-8,,I,수입,정박지-E1,액체,크실렌,1307,001077,선종(케미칼운반선)·선석 미정·종수가정 8/8,벌크,펌프,TON,10254.4,10254.4,,,11279.8,10254.4,,울산,,,,2026-09-14 15:00:00+00:00,,UPA_SYNTHETIC,IntgCagInfo(SYNTHETIC v4),2026-09-26 06:03:35.347672+00:00,OK,True
KRUSN,2026,11,DSRJ2,와이씨 코스모스,케미칼운반선,,,SYNDSRJ2_2026_011,SYN-DSRJ2_2026_011-1,,O,수출,정박지-E1,액체,크실렌,1307,001077,대표화물코드 27·선석 미정·종수가정 1/8,벌크,펌프,TON,5246.3,5246.3,,,5770.9,5246.3,,,울산,,,2026-09-26 00:00:00+00:00,,UPA_SYNTHETIC,IntgCagInfo(SYNTHETIC v4),2026-09-26 06:03:35.347672+00:00,OK,True
KRUSN,2026,19,DSRK4,제이앤 에메랄드,석유제품운반선,,,SYNDSRK4_2026_019,SYN-DSRK4_2026_019-1,,O,수출,UTK부두,액체,물질 미특정,,,대표화물코드 28·터미널 취급품목(UTK)·VTS 접안·물질 미특정,벌크,펌프,TON,28388.9,28388.9,,,31227.8,28388.9,,,울산,,,2026-09-19 17:00:00+00:00,,UPA_SYNTHETIC,IntgCagInfo(SYNTHETIC v4),2026-09-26 06:03:35.351404+00:00,UNSPECIFIED_SUBSTANCE,True
KRUSN,2026,20,DSRK4,제이앤 에메랄드,석유제품운반선,,,SYNDSRK4_2026_020,SYN-DSRK4_2026_020-1,,I,수입,정박지-E1,액체,가솔린,1203,016420,선종(석유제품운반선)·선석 미정·종수가정 4/4,벌크,펌프,TON,12147.7,12147.7,,,13362.5,12147.7,,울산,,,,2026-09-24 18:00:00+00:00,,UPA_SYNTHETIC,IntgCagInfo(SYNTHETIC v4),2026-09-26 06:03:35.352397+00:00,OK,True
KRUSN,2026,20,DSRK4,제이앤 에메랄드,석유제품운반선,,,SYNDSRK4_2026_020,SYN-DSRK4_2026_020-2,,I,수입,정박지-E1,액체,석유증류물(기타),1268,001128,선종(석유제품운반선)·선석 미정·종수가정 4/4,벌크,펌프,TON,27505.2,27505.2,,,30255.7,27505.2,,울산,,,,2026-09-24 18:00:00+00:00,,UPA_SYNTHETIC,IntgCagInfo(SYNTHETIC v4),2026-09-26 06:03:35.352397+00:00,OK,True
KRUSN,2026,20,DSRK4,제이앤 에메랄드,석유제품운반선,,,SYNDSRK4_2026_020,SYN-DSRK4_2026_020-3,,I,수입,정박지-E1,액체,케로신,1223,000756,선종(석유제품운반선)·선석 미정·종수가정 4/4,벌크,펌프,TON,17034.9,17034.9,,,18738.4,17034.9,,울산,,,,2026-09-24 18:00:00+00:00,,UPA_SYNTHETIC,IntgCagInfo(SYNTHETIC v4),2026-09-26 06:03:35.352397+00:00,OK,True
KRUSN,2026,20,DSRK4,제이앤 에메랄드,석유제품운반선,,,SYNDSRK4_2026_020,SYN-DSRK4_2026_020-4,,I,수입,정박지-E1,액체,디젤 연료/경유,1202,000973,선종(석유제품운반선)·선석 미정·종수가정 4/4,벌크,펌프,TON,20103.1,20103.1,,,22113.4,20103.1,,울산,,,,2026-09-24 18:00:00+00:00,,UPA_SYNTHETIC,IntgCagInfo(SYNTHETIC v4),2026-09-26 06:03:35.352397+00:00,OK,True
KRUSN,2026,14,DSRL7,누리 하나호,석유제품운반선,,,SYNDSRL7_2026_014,SYN-DSRL7_2026_014-1,,I,수입,정박지-M1,액체,스티렌 모노머(안정화),2055,001027,대표화물코드 29·선석 미정·종수가정 4/6,벌크,펌프,TON,10612.3,10612.3,,,11673.5,10612.3,,울산,,,,2026-09-27 05:00:00+00:00,,UPA_SYNTHETIC,IntgCagInfo(SYNTHETIC v4),2026-09-26 06:03:35.356393+00:00,OK,True
KRUSN,2026,14,DSRL7,누리 하나호,석유제품운반선,,,SYNDSRL7_2026_014,SYN-DSRL7_2026_014-2,,I,수입,정박지-M1,액체,아크릴로니트릴(안정화),1093,001143,대표화물코드 29·선석 미정·종수가정 4/6,벌크,펌프,TON,1143.9,1143.9,,,1258.3,1143.9,,울산,,,,2026-09-27 05:00:00+00:00,,UPA_SYNTHETIC,IntgCagInfo(SYNTHETIC v4),2026-09-26 06:03:35.356393+00:00,OK,True
KRUSN,2026,14,DSRL7,누리 하나호,석유제품운반선,,,SYNDSRL7_2026_014,SYN-DSRL7_2026_014-3,,I,수입,정박지-M1,액체,벤젠,1114,001008,대표화물코드 29·선석 미정·종수가정 4/6,벌크,펌프,TON,27925.9,27925.9,,,30718.5,27925.9,,울산,,,,2026-09-27 05:00:00+00:00,,UPA_SYNTHETIC,IntgCagInfo(SYNTHETIC v4),2026-09-26 06:03:35.356393+00:00,OK,True
KRUSN,2026,14,DSRL7,누리 하나호,석유제품운반선,,,SYNDSRL7_2026_014,SYN-DSRL7_2026_014-4,,O,수출,정박지-M1,액체,"1,2-에폭시프로판(산화프로필렌)",1280,001162,대표화물코드 29·선석 미정·종수가정 4/6,벌크,펌프,TON,9947.9,9947.9,,,10942.7,9947.9,,,울산,,,2026-09-27 05:00:00+00:00,,UPA_SYNTHETIC,IntgCagInfo(SYNTHETIC v4),2026-09-26 06:03:35.356393+00:00,OK,True
KRUSN,2026,14,DSRP4,한유 빅토리아,석유제품운반선,,,SYNDSRP4_2026_014,SYN-DSRP4_2026_014-1,,I,수입,정박지-E1,액체,케로신,1223,000756,선종(석유제품운반선)·선석 미정·종수가정 2/4,벌크,펌프,TON,2070.0,2070.0,,,2277.0,2070.0,,울산,,,,2026-09-12 01:00:00+00:00,,UPA_SYNTHETIC,IntgCagInfo(SYNTHETIC v4),2026-09-26 06:03:35.366400+00:00,OK,True
KRUSN,2026,14,DSRP4,한유 빅토리아,석유제품운반선,,,SYNDSRP4_2026_014,SYN-DSRP4_2026_014-2,,O,수출,정박지-E1,액체,석유증류물(기타),1268,001128,선종(석유제품운반선)·선석 미정·종수가정 2/4,벌크,펌프,TON,9978.6,9978.6,,,10976.5,9978.6,,,울산,,,2026-09-12 01:00:00+00:00,,UPA_SYNTHETIC,IntgCagInfo(SYNTHETIC v4),2026-09-26 06:03:35.366400+00:00,OK,True
KRUSN,2026,36,H9HG,썬퀸,케미칼운반선,,,SYNH9HG_2026_036,SYN-H9HG_2026_036-1,,O,수출,정박지-E1,액체,아크릴로니트릴(안정화),1093,001143,선종(케미칼운반선)·선석 미정·종수가정 1/8,벌크,펌프,TON,3672.3,3672.3,,,4039.5,3672.3,,,울산,,,2026-09-13 14:00:00+00:00,,UPA_SYNTHETIC,IntgCagInfo(SYNTHETIC v4),2026-09-26 06:03:35.371355+00:00,OK,True
KRUSN,2026,37,H9HG,썬퀸,케미칼운반선,,,SYNH9HG_2026_037,SYN-H9HG_2026_037-1,,O,수출,벙커링전용정박지-B12,액체,크실렌,1307,001077,선종(케미칼운반선)·선석 미정·종수가정 6/8,벌크,펌프,TON,20967.4,20967.4,,,23064.1,20967.4,,,울산,,,2026-09-23 21:00:00+00:00,,UPA_SYNTHETIC,IntgCagInfo(SYNTHETIC v4),2026-09-26 06:03:35.371355+00:00,OK,True
KRUSN,2026,37,H9HG,썬퀸,케미칼운반선,,,SYNH9HG_2026_037,SYN-H9HG_2026_037-2,,I,수입,벙커링전용정박지-B12,액체,"1,2-에폭시프로판(산화프로필렌)",1280,001162,선종(케미칼운반선)·선석 미정·종수가정 6/8,벌크,펌프,TON,963.9,963.9,,,1060.3,963.9,,울산,,,,2026-09-23 21:00:00+00:00,,UPA_SYNTHETIC,IntgCagInfo(SYNTHETIC v4),2026-09-26 06:03:35.371355+00:00,OK,True
KRUSN,2026,37,H9HG,썬퀸,케미칼운반선,,,SYNH9HG_2026_037,SYN-H9HG_2026_037-3,,I,수입,벙커링전용정박지-B12,액체,톨루엔,1294,001032,선종(케미칼운반선)·선석 미정·종수가정 6/8,벌크,펌프,TON,29746.9,29746.9,,,32721.6,29746.9,,울산,,,,2026-09-23 21:00:00+00:00,,UPA_SYNTHETIC,IntgCagInfo(SYNTHETIC v4),2026-09-26 06:03:35.371355+00:00,OK,True
KRUSN,2026,37,H9HG,썬퀸,케미칼운반선,,,SYNH9HG_2026_037,SYN-H9HG_2026_037-4,,O,수출,벙커링전용정박지-B12,액체,스티렌 모노머(안정화),2055,001027,선종(케미칼운반선)·선석 미정·종수가정 6/8,벌크,펌프,TON,23098.5,23098.5,,,25408.4,23098.5,,,울산,,,2026-09-23 21:00:00+00:00,,UPA_SYNTHETIC,IntgCagInfo(SYNTHETIC v4),2026-09-26 06:03:35.371355+00:00,OK,True
KRUSN,2026,37,H9HG,썬퀸,케미칼운반선,,,SYNH9HG_2026_037,SYN-H9HG_2026_037-5,,O,수출,벙커링전용정박지-B12,액체,테트라하이드로푸란,2056,001041,선종(케미칼운반선)·선석 미정·종수가정 6/8,벌크,펌프,TON,24857.7,24857.7,,,27343.5,24857.7,,,울산,,,2026-09-23 21:00:00+00:00,,UPA_SYNTHETIC,IntgCagInfo(SYNTHETIC v4),2026-09-26 06:03:35.371355+00:00,OK,True
KRUSN,2026,37,H9HG,썬퀸,케미칼운반선,,,SYNH9HG_2026_037,SYN-H9HG_2026_037-6,,O,수출,벙커링전용정박지-B12,액체,메탄올,1230,001151,선종(케미칼운반선)·선석 미정·종수가정 6/8,벌크,펌프,TON,7651.9,7651.9,,,8417.1,7651.9,,,울산,,,2026-09-23 21:00:00+00:00,,UPA_SYNTHETIC,IntgCagInfo(SYNTHETIC v4),2026-09-26 06:03:35.371355+00:00,OK,True
KRUSN,2026,26,HO5909,켐 하나,석유제품운반선,,,SYNHO5909_2026_026,SYN-HO5909_2026_026-1,,O,수출,정박지-M1,액체,디젤 연료/경유,1202,000973,선종(석유제품운반선)·선석 미정·종수가정 3/4,벌크,펌프,TON,9026.6,9026.6,,,9929.3,9026.6,,,울산,,,2026-09-21 22:00:00+00:00,,UPA_SYNTHETIC,IntgCagInfo(SYNTHETIC v4),2026-09-26 06:03:35.374340+00:00,OK,True
KRUSN,2026,26,HO5909,켐 하나,석유제품운반선,,,SYNHO5909_2026_026,SYN-HO5909_2026_026-2,,I,수입,정박지-M1,액체,가솔린,1203,016420,선종(석유제품운반선)·선석 미정·종수가정 3/4,벌크,펌프,TON,27805.8,27805.8,,,30586.4,27805.8,,울산,,,,2026-09-21 22:00:00+00:00,,UPA_SYNTHETIC,IntgCagInfo(SYNTHETIC v4),2026-09-26 06:03:35.375346+00:00,OK,True
KRUSN,2026,26,HO5909,켐 하나,석유제품운반선,,,SYNHO5909_2026_026,SYN-HO5909_2026_026-3,,I,수입,정박지-M1,액체,석유증류물(기타),1268,001128,선종(석유제품운반선)·선석 미정·종수가정 3/4,벌크,펌프,TON,20983.8,20983.8,,,23082.2,20983.8,,울산,,,,2026-09-21 22:00:00+00:00,,UPA_SYNTHETIC,IntgCagInfo(SYNTHETIC v4),2026-09-26 06:03:35.375346+00:00,OK,True
KRUSN,2026,24,HO9294,KEOYOUNG BLUE 3,석유제품운반선,,,SYNHO9294_2026_024,SYN-HO9294_2026_024-1,,O,수출,정박지-M1,액체,디젤 연료/경유,1202,000973,선종(석유제품운반선)·선석 미정·종수가정 2/4,벌크,펌프,TON,11615.4,11615.4,,,12776.9,11615.4,,,울산,,,2026-09-15 13:00:00+00:00,,UPA_SYNTHETIC,IntgCagInfo(SYNTHETIC v4),2026-09-26 06:03:35.379349+00:00,OK,True
KRUSN,2026,24,HO9294,KEOYOUNG BLUE 3,석유제품운반선,,,SYNHO9294_2026_024,SYN-HO9294_2026_024-2,,O,수출,정박지-M1,액체,케로신,1223,000756,선종(석유제품운반선)·선석 미정·종수가정 2/4,벌크,펌프,TON,3384.4,3384.4,,,3722.8,3384.4,,,울산,,,2026-09-15 13:00:00+00:00,,UPA_SYNTHETIC,IntgCagInfo(SYNTHETIC v4),2026-09-26 06:03:35.379349+00:00,OK,True
KRUSN,2026,5,HOEQ,팔콘 케미스트,케미칼운반선,,,SYNHOEQ_2026_005,SYN-HOEQ_2026_005-1,,I,수입,정박지-E1,액체,메탄올,1230,001151,선종(케미칼운반선)·선석 미정·종수가정 5/8,벌크,펌프,TON,17522.5,17522.5,,,19274.8,17522.5,,울산,,,,2026-09-19 19:00:00+00:00,,UPA_SYNTHETIC,IntgCagInfo(SYNTHETIC v4),2026-09-26 06:03:35.386352+00:00,OK,True
KRUSN,2026,5,HOEQ,팔콘 케미스트,케미칼운반선,,,SYNHOEQ_2026_005,SYN-HOEQ_2026_005-2,,I,수입,정박지-E1,액체,테트라하이드로푸란,2056,001041,선종(케미칼운반선)·선석 미정·종수가정 5/8,벌크,펌프,TON,20423.0,20423.0,,,22465.3,20423.0,,울산,,,,2026-09-19 19:00:00+00:00,,UPA_SYNTHETIC,IntgCagInfo(SYNTHETIC v4),2026-09-26 06:03:35.386352+00:00,OK,True
KRUSN,2026,5,HOEQ,팔콘 케미스트,케미칼운반선,,,SYNHOEQ_2026_005,SYN-HOEQ_2026_005-3,,O,수출,정박지-E1,액체,크실렌,1307,001077,선종(케미칼운반선)·선석 미정·종수가정 5/8,벌크,펌프,TON,4516.6,4516.6,,,4968.3,4516.6,,,울산,,,2026-09-19 19:00:00+00:00,,UPA_SYNTHETIC,IntgCagInfo(SYNTHETIC v4),2026-09-26 06:03:35.386352+00:00,OK,True
KRUSN,2026,5,HOEQ,팔콘 케미스트,케미칼운반선,,,SYNHOEQ_2026_005,SYN-HOEQ_2026_005-4,,O,수출,정박지-E1,액체,"1,2-에폭시프로판(산화프로필렌)",1280,001162,선종(케미칼운반선)·선석 미정·종수가정 5/8,벌크,펌프,TON,27194.3,27194.3,,,29913.7,27194.3,,,울산,,,2026-09-19 19:00:00+00:00,,UPA_SYNTHETIC,IntgCagInfo(SYNTHETIC v4),2026-09-26 06:03:35.386352+00:00,OK,True
KRUSN,2026,5,HOEQ,팔콘 케미스트,케미칼운반선,,,SYNHOEQ_2026_005,SYN-HOEQ_2026_005-5,,O,수출,정박지-E1,액체,스티렌 모노머(안정화),2055,001027,선종(케미칼운반선)·선석 미정·종수가정 5/8,벌크,펌프,TON,28160.4,28160.4,,,30976.4,28160.4,,,울산,,,2026-09-19 19:00:00+00:00,,UPA_SYNTHETIC,IntgCagInfo(SYNTHETIC v4),2026-09-26 06:03:35.386352+00:00,OK,True
KRUSN,2026,6,KTTB,TORM THUNDER,석유제품운반선,,,SYNKTTB_2026_006,SYN-KTTB_2026_006-1,,I,수입,정박지-E2,액체,석유증류물(기타),1268,001128,선종(석유제품운반선)·선석 미정·종수가정 2/4,벌크,펌프,TON,23573.2,23573.2,,,25930.5,23573.2,,울산,,,,2026-09-23 23:00:00+00:00,,UPA_SYNTHETIC,IntgCagInfo(SYNTHETIC v4),2026-09-26 06:03:35.389349+00:00,OK,True
KRUSN,2026,6,KTTB,TORM THUNDER,석유제품운반선,,,SYNKTTB_2026_006,SYN-KTTB_2026_006-2,,I,수입,정박지-E2,액체,케로신,1223,000756,선종(석유제품운반선)·선석 미정·종수가정 2/4,벌크,펌프,TON,24460.1,24460.1,,,26906.1,24460.1,,울산,,,,2026-09-23 23:00:00+00:00,,UPA_SYNTHETIC,IntgCagInfo(SYNTHETIC v4),2026-09-26 06:03:35.389349+00:00,OK,True
KRUSN,2026,6,KTTL,TORM THOR,석유제품운반선,,,SYNKTTL_2026_006,SYN-KTTL_2026_006-1,,I,수입,정박지-E2,액체,톨루엔,1294,001032,대표화물코드 27·선석 미정·종수가정 1/6,벌크,펌프,TON,19724.8,19724.8,,,21697.3,19724.8,,울산,,,,2026-09-23 04:00:00+00:00,,UPA_SYNTHETIC,IntgCagInfo(SYNTHETIC v4),2026-09-26 06:03:35.391345+00:00,OK,True
KRUSN,2026,3,LAFZ8,BOW ODYSSEY,석유제품운반선,,,SYNLAFZ8_2026_003,SYN-LAFZ8_2026_003-1,,I,수입,정박지-E3,액체,케로신,1223,000756,선종(석유제품운반선)·선석 미정·종수가정 3/4,벌크,펌프,TON,13313.7,13313.7,,,14645.1,13313.7,,울산,,,,2026-09-15 03:00:00+00:00,,UPA_SYNTHETIC,IntgCagInfo(SYNTHETIC v4),2026-09-26 06:03:35.395351+00:00,OK,True
KRUSN,2026,3,LAFZ8,BOW ODYSSEY,석유제품운반선,,,SYNLAFZ8_2026_003,SYN-LAFZ8_2026_003-2,,I,수입,정박지-E3,액체,디젤 연료/경유,1202,000973,선종(석유제품운반선)·선석 미정·종수가정 3/4,벌크,펌프,TON,1106.1,1106.1,,,1216.7,1106.1,,울산,,,,2026-09-15 03:00:00+00:00,,UPA_SYNTHETIC,IntgCagInfo(SYNTHETIC v4),2026-09-26 06:03:35.395351+00:00,OK,True
KRUSN,2026,3,LAFZ8,BOW ODYSSEY,석유제품운반선,,,SYNLAFZ8_2026_003,SYN-LAFZ8_2026_003-3,,O,수출,정박지-E3,액체,가솔린,1203,016420,선종(석유제품운반선)·선석 미정·종수가정 3/4,벌크,펌프,TON,15954.8,15954.8,,,17550.3,15954.8,,,울산,,,2026-09-15 03:00:00+00:00,,UPA_SYNTHETIC,IntgCagInfo(SYNTHETIC v4),2026-09-26 06:03:35.395351+00:00,OK,True
KRUSN,2026,5,LAGA8,BOW OPTIMA,케미칼운반선,,,SYNLAGA8_2026_005,SYN-LAGA8_2026_005-1,,I,수입,4부두,액체,크실렌,1307,001077,선종(케미칼운반선)·선석분류(액체화학/berth+UPA)·PORT-MIS 선석·종수가정 3/8,벌크,펌프,TON,4868.6,4868.6,,,5355.5,4868.6,,울산,,,,2026-09-23 00:00:00+00:00,,UPA_SYNTHETIC,IntgCagInfo(SYNTHETIC v4),2026-09-26 06:03:35.397350+00:00,OK,True
KRUSN,2026,5,LAGA8,BOW OPTIMA,케미칼운반선,,,SYNLAGA8_2026_005,SYN-LAGA8_2026_005-2,,I,수입,4부두,액체,스티렌 모노머(안정화),2055,001027,선종(케미칼운반선)·선석분류(액체화학/berth+UPA)·PORT-MIS 선석·종수가정 3/8,벌크,펌프,TON,20756.3,20756.3,,,22831.9,20756.3,,울산,,,,2026-09-23 00:00:00+00:00,,UPA_SYNTHETIC,IntgCagInfo(SYNTHETIC v4),2026-09-26 06:03:35.398349+00:00,OK,True
KRUSN,2026,5,LAGA8,BOW OPTIMA,케미칼운반선,,,SYNLAGA8_2026_005,SYN-LAGA8_2026_005-3,,O,수출,4부두,액체,메탄올,1230,001151,선종(케미칼운반선)·선석분류(액체화학/berth+UPA)·PORT-MIS 선석·종수가정 3/8,벌크,펌프,TON,27919.4,27919.4,,,30711.3,27919.4,,,울산,,,2026-09-23 00:00:00+00:00,,UPA_SYNTHETIC,IntgCagInfo(SYNTHETIC v4),2026-09-26 06:03:35.398349+00:00,OK,True
KRUSN,2026,1,OWYQ2,BERING GAS,케미칼가스운반선,,,SYNOWYQ2_2026_001,SYN-OWYQ2_2026_001-1,,I,수입,4부두,액체,물질 미특정,,,대표화물코드 29·선석분류(액체화학/berth+UPA)·PORT-MIS 선석·물질 미특정,벌크,펌프,TON,23931.7,23931.7,,,26324.9,23931.7,,울산,,,,2026-09-23 04:00:00+00:00,,UPA_SYNTHETIC,IntgCagInfo(SYNTHETIC v4),2026-09-26 06:03:35.400088+00:00,UNSPECIFIED_SUBSTANCE,True
KRUSN,2026,2,OZDP2,MAERSK CAYMAN,석유제품운반선,,,SYNOZDP2_2026_002,SYN-OZDP2_2026_002-1,,I,수입,정박지-E2,액체,디젤 연료/경유,1202,000973,대표화물코드 27·선석 미정·종수가정 6/6,벌크,펌프,TON,1203.4,1203.4,,,1323.7,1203.4,,울산,,,,2026-09-21 21:00:00+00:00,,UPA_SYNTHETIC,IntgCagInfo(SYNTHETIC v4),2026-09-26 06:03:35.402078+00:00,OK,True
KRUSN,2026,2,OZDP2,MAERSK CAYMAN,석유제품운반선,,,SYNOZDP2_2026_002,SYN-OZDP2_2026_002-2,,O,수출,정박지-E2,액체,톨루엔,1294,001032,대표화물코드 27·선석 미정·종수가정 6/6,벌크,펌프,TON,5768.5,5768.5,,,6345.4,5768.5,,,울산,,,2026-09-21 21:00:00+00:00,,UPA_SYNTHETIC,IntgCagInfo(SYNTHETIC v4),2026-09-26 06:03:35.402078+00:00,OK,True
KRUSN,2026,2,OZDP2,MAERSK CAYMAN,석유제품운반선,,,SYNOZDP2_2026_002,SYN-OZDP2_2026_002-3,,I,수입,정박지-E2,액체,석유증류물(기타),1268,001128,대표화물코드 27·선석 미정·종수가정 6/6,벌크,펌프,TON,10412.5,10412.5,,,11453.8,10412.5,,울산,,,,2026-09-21 21:00:00+00:00,,UPA_SYNTHETIC,IntgCagInfo(SYNTHETIC v4),2026-09-26 06:03:35.402078+00:00,OK,True
KRUSN,2026,2,OZDP2,MAERSK CAYMAN,석유제품운반선,,,SYNOZDP2_2026_002,SYN-OZDP2_2026_002-4,,O,수출,정박지-E2,액체,가솔린,1203,016420,대표화물코드 27·선석 미정·종수가정 6/6,벌크,펌프,TON,29428.6,29428.6,,,32371.5,29428.6,,,울산,,,2026-09-21 21:00:00+00:00,,UPA_SYNTHETIC,IntgCagInfo(SYNTHETIC v4),2026-09-26 06:03:35.402078+00:00,OK,True
KRUSN,2026,2,OZDP2,MAERSK CAYMAN,석유제품운반선,,,SYNOZDP2_2026_002,SYN-OZDP2_2026_002-5,,I,수입,정박지-E2,액체,원유,1267,000751,대표화물코드 27·선석 미정·종수가정 6/6,벌크,펌프,TON,3147.5,3147.5,,,3462.3,3147.5,,울산,,,,2026-09-21 21:00:00+00:00,,UPA_SYNTHETIC,IntgCagInfo(SYNTHETIC v4),2026-09-26 06:03:35.402078+00:00,OK,True
KRUSN,2026,2,OZDP2,MAERSK CAYMAN,석유제품운반선,,,SYNOZDP2_2026_002,SYN-OZDP2_2026_002-6,,I,수입,정박지-E2,액체,케로신,1223,000756,대표화물코드 27·선석 미정·종수가정 6/6,벌크,펌프,TON,16275.8,16275.8,,,17903.4,16275.8,,울산,,,,2026-09-21 21:00:00+00:00,,UPA_SYNTHETIC,IntgCagInfo(SYNTHETIC v4),2026-09-26 06:03:35.402078+00:00,OK,True
KRUSN,2026,3,PCPA,CORAL ALICIA,LPG운반선,,,SYNPCPA_2026_003,SYN-PCPA_2026_003-1,,O,수출,정박지-E1,액체,부탄,1011,000247,선종(LPG운반선)·선석 미정·종수가정 2/2,벌크,펌프,TON,17279.4,17279.4,,,19007.3,17279.4,,,울산,,,2026-09-20 22:00:00+00:00,,UPA_SYNTHETIC,IntgCagInfo(SYNTHETIC v4),2026-09-26 06:03:35.404072+00:00,OK,True
KRUSN,2026,3,PCPA,CORAL ALICIA,LPG운반선,,,SYNPCPA_2026_003,SYN-PCPA_2026_003-2,,O,수출,정박지-E1,액체,프로페인,1978,015420,선종(LPG운반선)·선석 미정·종수가정 2/2,벌크,펌프,TON,5967.3,5967.3,,,6564.0,5967.3,,,울산,,,2026-09-20 22:00:00+00:00,,UPA_SYNTHETIC,IntgCagInfo(SYNTHETIC v4),2026-09-26 06:03:35.404072+00:00,OK,True
KRUSN,2026,3,S6SZ6,GINGA PUMA,석유제품운반선,,,SYNS6SZ6_2026_003,SYN-S6SZ6_2026_003-1,,I,수입,8부두,액체,가솔린,1203,016420,선종(석유제품운반선)·선석조건 없음·VTS 접안·종수가정 4/4,벌크,펌프,TON,23304.5,23304.5,,,25635.0,23304.5,,울산,,,,2026-09-20 14:00:00+00:00,,UPA_SYNTHETIC,IntgCagInfo(SYNTHETIC v4),2026-09-26 06:03:35.407083+00:00,OK,True
KRUSN,2026,3,S6SZ6,GINGA PUMA,석유제품운반선,,,SYNS6SZ6_2026_003,SYN-S6SZ6_2026_003-2,,I,수입,8부두,액체,디젤 연료/경유,1202,000973,선종(석유제품운반선)·선석조건 없음·VTS 접안·종수가정 4/4,벌크,펌프,TON,6560.1,6560.1,,,7216.1,6560.1,,울산,,,,2026-09-20 14:00:00+00:00,,UPA_SYNTHETIC,IntgCagInfo(SYNTHETIC v4),2026-09-26 06:03:35.407083+00:00,OK,True
KRUSN,2026,3,S6SZ6,GINGA PUMA,석유제품운반선,,,SYNS6SZ6_2026_003,SYN-S6SZ6_2026_003-3,,O,수출,8부두,액체,석유증류물(기타),1268,001128,선종(석유제품운반선)·선석조건 없음·VTS 접안·종수가정 4/4,벌크,펌프,TON,16869.8,16869.8,,,18556.8,16869.8,,,울산,,,2026-09-20 14:00:00+00:00,,UPA_SYNTHETIC,IntgCagInfo(SYNTHETIC v4),2026-09-26 06:03:35.407083+00:00,OK,True
KRUSN,2026,3,S6SZ6,GINGA PUMA,석유제품운반선,,,SYNS6SZ6_2026_003,SYN-S6SZ6_2026_003-4,,I,수입,8부두,액체,케로신,1223,000756,선종(석유제품운반선)·선석조건 없음·VTS 접안·종수가정 4/4,벌크,펌프,TON,3200.1,3200.1,,,3520.1,3200.1,,울산,,,,2026-09-20 14:00:00+00:00,,UPA_SYNTHETIC,IntgCagInfo(SYNTHETIC v4),2026-09-26 06:03:35.407083+00:00,OK,True
KRUSN,2026,1,SVCS7,MARAN APHRODITE,원유운반선,,,SYNSVCS7_2026_001,SYN-SVCS7_2026_001-1,,O,수출,S-Oil부이,액체,원유,1267,000751,대표화물코드 27·선석분류(원유/UPA)·PORT-MIS 선석·종수가정 1/1,벌크,펌프,TON,21719.1,21719.1,,,23891.0,21719.1,,,울산,,,2026-09-23 23:00:00+00:00,,UPA_SYNTHETIC,IntgCagInfo(SYNTHETIC v4),2026-09-26 06:03:35.410088+00:00,OK,True
KRUSN,2026,1,V7A2018,ECO MARINA DEL REY,석유제품운반선,,,SYNV7A2018_2026_001,SYN-V7A2018_2026_001-1,,O,수출,정박지-E2,액체,가솔린,1203,016420,선종(석유제품운반선)·선석 미정·종수가정 3/4,벌크,펌프,TON,12378.2,12378.2,,,13616.0,12378.2,,,울산,,,2026-09-27 12:00:00+00:00,,UPA_SYNTHETIC,IntgCagInfo(SYNTHETIC v4),2026-09-26 06:03:35.412089+00:00,OK,True
KRUSN,2026,1,V7A2018,ECO MARINA DEL REY,석유제품운반선,,,SYNV7A2018_2026_001,SYN-V7A2018_2026_001-2,,O,수출,정박지-E2,액체,디젤 연료/경유,1202,000973,선종(석유제품운반선)·선석 미정·종수가정 3/4,벌크,펌프,TON,582.9,582.9,,,641.2,582.9,,,울산,,,2026-09-27 12:00:00+00:00,,UPA_SYNTHETIC,IntgCagInfo(SYNTHETIC v4),2026-09-26 06:03:35.412089+00:00,OK,True
KRUSN,2026,1,V7A2018,ECO MARINA DEL REY,석유제품운반선,,,SYNV7A2018_2026_001,SYN-V7A2018_2026_001-3,,O,수출,정박지-E2,액체,석유증류물(기타),1268,001128,선종(석유제품운반선)·선석 미정·종수가정 3/4,벌크,펌프,TON,4485.9,4485.9,,,4934.5,4485.9,,,울산,,,2026-09-27 12:00:00+00:00,,UPA_SYNTHETIC,IntgCagInfo(SYNTHETIC v4),2026-09-26 06:03:35.412089+00:00,OK,True
KRUSN,2026,1,V7A2809,MIDNIGHT GLORY,케미칼운반선,,,SYNV7A2809_2026_001,SYN-V7A2809_2026_001-1,,O,수출,정박지-E2,액체,크실렌,1307,001077,대표화물코드 27·선석 미정·종수가정 5/8,벌크,펌프,TON,21436.3,21436.3,,,23579.9,21436.3,,,울산,,,2026-09-24 04:00:00+00:00,,UPA_SYNTHETIC,IntgCagInfo(SYNTHETIC v4),2026-09-26 06:03:35.414809+00:00,OK,True
KRUSN,2026,1,V7A2809,MIDNIGHT GLORY,케미칼운반선,,,SYNV7A2809_2026_001,SYN-V7A2809_2026_001-2,,I,수입,정박지-E2,액체,톨루엔,1294,001032,대표화물코드 27·선석 미정·종수가정 5/8,벌크,펌프,TON,22728.2,22728.2,,,25001.0,22728.2,,울산,,,,2026-09-24 04:00:00+00:00,,UPA_SYNTHETIC,IntgCagInfo(SYNTHETIC v4),2026-09-26 06:03:35.414809+00:00,OK,True
KRUSN,2026,1,V7A2809,MIDNIGHT GLORY,케미칼운반선,,,SYNV7A2809_2026_001,SYN-V7A2809_2026_001-3,,I,수입,정박지-E2,액체,벤젠,1114,001008,대표화물코드 27·선석 미정·종수가정 5/8,벌크,펌프,TON,6749.2,6749.2,,,7424.1,6749.2,,울산,,,,2026-09-24 04:00:00+00:00,,UPA_SYNTHETIC,IntgCagInfo(SYNTHETIC v4),2026-09-26 06:03:35.414809+00:00,OK,True
KRUSN,2026,1,V7A2809,MIDNIGHT GLORY,케미칼운반선,,,SYNV7A2809_2026_001,SYN-V7A2809_2026_001-4,,O,수출,정박지-E2,액체,원유,1267,000751,대표화물코드 27·선석 미정·종수가정 5/8,벌크,펌프,TON,22518.4,22518.4,,,24770.2,22518.4,,,울산,,,2026-09-24 04:00:00+00:00,,UPA_SYNTHETIC,IntgCagInfo(SYNTHETIC v4),2026-09-26 06:03:35.414809+00:00,OK,True
KRUSN,2026,1,V7A2809,MIDNIGHT GLORY,케미칼운반선,,,SYNV7A2809_2026_001,SYN-V7A2809_2026_001-5,,O,수출,정박지-E2,액체,석유증류물(기타),1268,001128,대표화물코드 27·선석 미정·종수가정 5/8,벌크,펌프,TON,5408.6,5408.6,,,5949.5,5408.6,,,울산,,,2026-09-24 04:00:00+00:00,,UPA_SYNTHETIC,IntgCagInfo(SYNTHETIC v4),2026-09-26 06:03:35.414809+00:00,OK,True
KRUSN,2026,1,V7A2873,NISEKO GALAXY,석유제품운반선,,,SYNV7A2873_2026_001,SYN-V7A2873_2026_001-1,,O,수출,UTT부두,액체,물질 미특정,,,선종(석유제품운반선)·터미널 취급품목(TAEYOUNG)·VTS 접안·물질 미특정,벌크,펌프,TON,24995.2,24995.2,,,27494.7,24995.2,,,울산,,,2026-09-12 06:00:00+00:00,,UPA_SYNTHETIC,IntgCagInfo(SYNTHETIC v4),2026-09-26 06:03:35.417793+00:00,UNSPECIFIED_SUBSTANCE,True
KRUSN,2026,2,V7A2873,NISEKO GALAXY,석유제품운반선,,,SYNV7A2873_2026_002,SYN-V7A2873_2026_002-1,,O,수출,정박지-E2,액체,테트라하이드로푸란,2056,001041,대표화물코드 29·선석 미정·종수가정 4/6,벌크,펌프,TON,14311.3,14311.3,,,15742.4,14311.3,,,울산,,,2026-09-26 19:00:00+00:00,,UPA_SYNTHETIC,IntgCagInfo(SYNTHETIC v4),2026-09-26 06:03:35.418790+00:00,OK,True
KRUSN,2026,2,V7A2873,NISEKO GALAXY,석유제품운반선,,,SYNV7A2873_2026_002,SYN-V7A2873_2026_002-2,,I,수입,정박지-E2,액체,"1,2-에폭시프로판(산화프로필렌)",1280,001162,대표화물코드 29·선석 미정·종수가정 4/6,벌크,펌프,TON,26200.5,26200.5,,,28820.6,26200.5,,울산,,,,2026-09-26 19:00:00+00:00,,UPA_SYNTHETIC,IntgCagInfo(SYNTHETIC v4),2026-09-26 06:03:35.419792+00:00,OK,True
KRUSN,2026,2,V7A2873,NISEKO GALAXY,석유제품운반선,,,SYNV7A2873_2026_002,SYN-V7A2873_2026_002-3,,O,수출,정박지-E2,액체,아크릴로니트릴(안정화),1093,001143,대표화물코드 29·선석 미정·종수가정 4/6,벌크,펌프,TON,2344.1,2344.1,,,2578.5,2344.1,,,울산,,,2026-09-26 19:00:00+00:00,,UPA_SYNTHETIC,IntgCagInfo(SYNTHETIC v4),2026-09-26 06:03:35.419792+00:00,OK,True
KRUSN,2026,2,V7A2873,NISEKO GALAXY,석유제품운반선,,,SYNV7A2873_2026_002,SYN-V7A2873_2026_002-4,,I,수입,정박지-E2,액체,톨루엔,1294,001032,대표화물코드 29·선석 미정·종수가정 4/6,벌크,펌프,TON,967.6,967.6,,,1064.4,967.6,,울산,,,,2026-09-26 19:00:00+00:00,,UPA_SYNTHETIC,IntgCagInfo(SYNTHETIC v4),2026-09-26 06:03:35.419792+00:00,OK,True
KRUSN,2026,1,V7A3007,시웨이즈 델가다,원유운반선,,,SYNV7A3007_2026_001,SYN-V7A3007_2026_001-1,,O,수출,SK7부두,액체,물질 미특정,,,선종(원유운반선)·선석분류(액체화학·유류/berth+UPA)·VTS 접안·물질 미특정,벌크,펌프,TON,17712.6,17712.6,,,19483.9,17712.6,,,울산,,,2026-09-13 03:00:00+00:00,,UPA_SYNTHETIC,IntgCagInfo(SYNTHETIC v4),2026-09-26 06:03:35.421791+00:00,UNSPECIFIED_SUBSTANCE,True
KRUSN,2026,2,V7A3030,SEAWAYS WAVE,석유제품운반선,,,SYNV7A3030_2026_002,SYN-V7A3030_2026_002-1,,I,수입,정박지-E2,액체,석유증류물(기타),1268,001128,선종(석유제품운반선)·선석 미정·종수가정 3/4,벌크,펌프,TON,16992.0,16992.0,,,18691.2,16992.0,,울산,,,,2026-09-13 13:00:00+00:00,,UPA_SYNTHETIC,IntgCagInfo(SYNTHETIC v4),2026-09-26 06:03:35.423796+00:00,OK,True
KRUSN,2026,2,V7A3030,SEAWAYS WAVE,석유제품운반선,,,SYNV7A3030_2026_002,SYN-V7A3030_2026_002-2,,I,수입,정박지-E2,액체,가솔린,1203,016420,선종(석유제품운반선)·선석 미정·종수가정 3/4,벌크,펌프,TON,27712.5,27712.5,,,30483.8,27712.5,,울산,,,,2026-09-13 13:00:00+00:00,,UPA_SYNTHETIC,IntgCagInfo(SYNTHETIC v4),2026-09-26 06:03:35.423796+00:00,OK,True
KRUSN,2026,2,V7A3030,SEAWAYS WAVE,석유제품운반선,,,SYNV7A3030_2026_002,SYN-V7A3030_2026_002-3,,O,수출,정박지-E2,액체,디젤 연료/경유,1202,000973,선종(석유제품운반선)·선석 미정·종수가정 3/4,벌크,펌프,TON,7271.6,7271.6,,,7998.8,7271.6,,,울산,,,2026-09-13 13:00:00+00:00,,UPA_SYNTHETIC,IntgCagInfo(SYNTHETIC v4),2026-09-26 06:03:35.423796+00:00,OK,True
KRUSN,2026,3,V7A4484,CL XUNYANG,석유제품운반선,,,SYNV7A4484_2026_003,SYN-V7A4484_2026_003-1,,I,수입,정박지-E2,액체,크실렌,1307,001077,대표화물코드 27·선석 미정·종수가정 1/6,벌크,펌프,TON,22784.8,22784.8,,,25063.3,22784.8,,울산,,,,2026-09-23 01:00:00+00:00,,UPA_SYNTHETIC,IntgCagInfo(SYNTHETIC v4),2026-09-26 06:03:35.425808+00:00,OK,True
KRUSN,2026,4,V7A5459,HANSA SEALIFTER,석유제품운반선,,,SYNV7A5459_2026_004,SYN-V7A5459_2026_004-1,,O,수출,정박지-E2,액체,가솔린,1203,016420,선종(석유제품운반선)·선석 미정·종수가정 4/4,벌크,펌프,TON,12493.3,12493.3,,,13742.6,12493.3,,,울산,,,2026-09-12 01:00:00+00:00,,UPA_SYNTHETIC,IntgCagInfo(SYNTHETIC v4),2026-09-26 06:03:35.428806+00:00,OK,True
KRUSN,2026,4,V7A5459,HANSA SEALIFTER,석유제품운반선,,,SYNV7A5459_2026_004,SYN-V7A5459_2026_004-2,,I,수입,정박지-E2,액체,케로신,1223,000756,선종(석유제품운반선)·선석 미정·종수가정 4/4,벌크,펌프,TON,21433.0,21433.0,,,23576.3,21433.0,,울산,,,,2026-09-12 01:00:00+00:00,,UPA_SYNTHETIC,IntgCagInfo(SYNTHETIC v4),2026-09-26 06:03:35.428806+00:00,OK,True
KRUSN,2026,4,V7A5459,HANSA SEALIFTER,석유제품운반선,,,SYNV7A5459_2026_004,SYN-V7A5459_2026_004-3,,I,수입,정박지-E2,액체,디젤 연료/경유,1202,000973,선종(석유제품운반선)·선석 미정·종수가정 4/4,벌크,펌프,TON,22397.7,22397.7,,,24637.5,22397.7,,울산,,,,2026-09-12 01:00:00+00:00,,UPA_SYNTHETIC,IntgCagInfo(SYNTHETIC v4),2026-09-26 06:03:35.428806+00:00,OK,True
KRUSN,2026,4,V7A5459,HANSA SEALIFTER,석유제품운반선,,,SYNV7A5459_2026_004,SYN-V7A5459_2026_004-4,,O,수출,정박지-E2,액체,석유증류물(기타),1268,001128,선종(석유제품운반선)·선석 미정·종수가정 4/4,벌크,펌프,TON,7213.5,7213.5,,,7934.9,7213.5,,,울산,,,2026-09-12 01:00:00+00:00,,UPA_SYNTHETIC,IntgCagInfo(SYNTHETIC v4),2026-09-26 06:03:35.428806+00:00,OK,True
KRUSN,2026,1,V7A6016,ZOBU START,석유제품운반선,,,SYNV7A6016_2026_001,SYN-V7A6016_2026_001-1,,I,수입,정박지-E2,액체,석유증류물(기타),1268,001128,선종(석유제품운반선)·선석 미정·종수가정 1/4,벌크,펌프,TON,4835.7,4835.7,,,5319.3,4835.7,,울산,,,,2026-09-13 09:00:00+00:00,,UPA_SYNTHETIC,IntgCagInfo(SYNTHETIC v4),2026-09-26 06:03:35.432388+00:00,OK,True
KRUSN,2026,1,V7A6419,HOUSTON VOYAGER,원유운반선,,,SYNV7A6419_2026_001,SYN-V7A6419_2026_001-1,,O,수출,벙커링전용정박지-B32,액체,케로신,1223,000756,대표화물코드 27·선석 미정·종수가정 2/3,벌크,펌프,TON,17023.3,17023.3,,,18725.6,17023.3,,,울산,,,2026-09-22 22:00:00+00:00,,UPA_SYNTHETIC,IntgCagInfo(SYNTHETIC v4),2026-09-26 06:03:35.434374+00:00,OK,True
KRUSN,2026,1,V7A6419,HOUSTON VOYAGER,원유운반선,,,SYNV7A6419_2026_001,SYN-V7A6419_2026_001-2,,O,수출,벙커링전용정박지-B32,액체,가솔린,1203,016420,대표화물코드 27·선석 미정·종수가정 2/3,벌크,펌프,TON,9709.4,9709.4,,,10680.3,9709.4,,,울산,,,2026-09-22 22:00:00+00:00,,UPA_SYNTHETIC,IntgCagInfo(SYNTHETIC v4),2026-09-26 06:03:35.434374+00:00,OK,True
KRUSN,2026,1,V7A6497,PASCAGOULA VOYAGER,원유운반선,,,SYNV7A6497_2026_001,SYN-V7A6497_2026_001-1,,O,수출,SK2부이,액체,원유,1267,000751,선종(원유운반선)·선석분류(원유/berth+UPA)·PORT-MIS 선석·종수가정 1/1,벌크,펌프,TON,22066.4,22066.4,,,24273.0,22066.4,,,울산,,,2026-09-14 00:00:00+00:00,,UPA_SYNTHETIC,IntgCagInfo(SYNTHETIC v4),2026-09-26 06:03:35.436370+00:00,OK,True
KRUSN,2026,2,V7A6965,SC EQUATOR,석유제품운반선,,,SYNV7A6965_2026_002,SYN-V7A6965_2026_002-1,,I,수입,정박지-E3,액체,가솔린,1203,016420,선종(석유제품운반선)·선석 미정·종수가정 3/4,벌크,펌프,TON,8832.9,8832.9,,,9716.2,8832.9,,울산,,,,2026-09-19 21:00:00+00:00,,UPA_SYNTHETIC,IntgCagInfo(SYNTHETIC v4),2026-09-26 06:03:35.438365+00:00,OK,True
KRUSN,2026,2,V7A6965,SC EQUATOR,석유제품운반선,,,SYNV7A6965_2026_002,SYN-V7A6965_2026_002-2,,I,수입,정박지-E3,액체,케로신,1223,000756,선종(석유제품운반선)·선석 미정·종수가정 3/4,벌크,펌프,TON,1389.8,1389.8,,,1528.8,1389.8,,울산,,,,2026-09-19 21:00:00+00:00,,UPA_SYNTHETIC,IntgCagInfo(SYNTHETIC v4),2026-09-26 06:03:35.438365+00:00,OK,True
KRUSN,2026,2,V7A6965,SC EQUATOR,석유제품운반선,,,SYNV7A6965_2026_002,SYN-V7A6965_2026_002-3,,I,수입,정박지-E3,액체,디젤 연료/경유,1202,000973,선종(석유제품운반선)·선석 미정·종수가정 3/4,벌크,펌프,TON,3898.7,3898.7,,,4288.6,3898.7,,울산,,,,2026-09-19 21:00:00+00:00,,UPA_SYNTHETIC,IntgCagInfo(SYNTHETIC v4),2026-09-26 06:03:35.438365+00:00,OK,True
KRUSN,2026,3,V7B2723,MALBEC HERITAGE,케미칼운반선,,,SYNV7B2723_2026_003,SYN-V7B2723_2026_003-1,,O,수출,정박지-E3,액체,크실렌,1307,001077,선종(케미칼운반선)·선석 미정·종수가정 4/8,벌크,펌프,TON,5770.7,5770.7,,,6347.8,5770.7,,,울산,,,2026-09-23 03:00:00+00:00,,UPA_SYNTHETIC,IntgCagInfo(SYNTHETIC v4),2026-09-26 06:03:35.440366+00:00,OK,True
KRUSN,2026,3,V7B2723,MALBEC HERITAGE,케미칼운반선,,,SYNV7B2723_2026_003,SYN-V7B2723_2026_003-2,,I,수입,정박지-E3,액체,톨루엔,1294,001032,선종(케미칼운반선)·선석 미정·종수가정 4/8,벌크,펌프,TON,28243.5,28243.5,,,31067.9,28243.5,,울산,,,,2026-09-23 03:00:00+00:00,,UPA_SYNTHETIC,IntgCagInfo(SYNTHETIC v4),2026-09-26 06:03:35.440366+00:00,OK,True
KRUSN,2026,3,V7B2723,MALBEC HERITAGE,케미칼운반선,,,SYNV7B2723_2026_003,SYN-V7B2723_2026_003-3,,O,수출,정박지-E3,액체,"1,2-에폭시프로판(산화프로필렌)",1280,001162,선종(케미칼운반선)·선석 미정·종수가정 4/8,벌크,펌프,TON,11400.3,11400.3,,,12540.3,11400.3,,,울산,,,2026-09-23 03:00:00+00:00,,UPA_SYNTHETIC,IntgCagInfo(SYNTHETIC v4),2026-09-26 06:03:35.440366+00:00,OK,True
KRUSN,2026,3,V7B2723,MALBEC HERITAGE,케미칼운반선,,,SYNV7B2723_2026_003,SYN-V7B2723_2026_003-4,,I,수입,정박지-E3,액체,메탄올,1230,001151,선종(케미칼운반선)·선석 미정·종수가정 4/8,벌크,펌프,TON,4400.5,4400.5,,,4840.6,4400.5,,울산,,,,2026-09-23 03:00:00+00:00,,UPA_SYNTHETIC,IntgCagInfo(SYNTHETIC v4),2026-09-26 06:03:35.440366+00:00,OK,True
KRUSN,2026,1,V7B3350,DAMIANIA,석유제품운반선,,,SYNV7B3350_2026_001,SYN-V7B3350_2026_001-1,,I,수입,온산2부두,액체,디젤 연료/경유,1202,000973,선종(석유제품운반선)·선석분류(유류/berth)·VTS 접안·종수가정 2/4,벌크,펌프,TON,17680.5,17680.5,,,19448.6,17680.5,,울산,,,,2026-09-20 07:00:00+00:00,,UPA_SYNTHETIC,IntgCagInfo(SYNTHETIC v4),2026-09-26 06:03:35.444381+00:00,OK,True
KRUSN,2026,1,V7B3350,DAMIANIA,석유제품운반선,,,SYNV7B3350_2026_001,SYN-V7B3350_2026_001-2,,O,수출,온산2부두,액체,가솔린,1203,016420,선종(석유제품운반선)·선석분류(유류/berth)·VTS 접안·종수가정 2/4,벌크,펌프,TON,7750.1,7750.1,,,8525.1,7750.1,,,울산,,,2026-09-20 07:00:00+00:00,,UPA_SYNTHETIC,IntgCagInfo(SYNTHETIC v4),2026-09-26 06:03:35.444381+00:00,OK,True
KRUSN,2026,1,V7B3475,AFRA MARE,석유제품운반선,,,SYNV7B3475_2026_001,SYN-V7B3475_2026_001-1,,I,수입,현대오일터미널 신항2부두,액체,석유증류물(기타),1268,001128,선종(석유제품운반선)·터미널 취급품목(HYUNDAI_OIL)·PORT-MIS 선석·종수가정 1/3,벌크,펌프,TON,6430.4,6430.4,,,7073.4,6430.4,,울산,,,,2026-09-13 11:00:00+00:00,,UPA_SYNTHETIC,IntgCagInfo(SYNTHETIC v4),2026-09-26 06:03:35.446995+00:00,OK,True
KRUSN,2026,1,V7B3580,SPLENDOR,석유제품운반선,,,SYNV7B3580_2026_001,SYN-V7B3580_2026_001-1,,O,수출,정박지-E3,액체,케로신,1223,000756,선종(석유제품운반선)·선석 미정·종수가정 3/4,벌크,펌프,TON,7810.5,7810.5,,,8591.6,7810.5,,,울산,,,2026-09-28 01:00:00+00:00,,UPA_SYNTHETIC,IntgCagInfo(SYNTHETIC v4),2026-09-26 06:03:35.449989+00:00,OK,True
KRUSN,2026,1,V7B3580,SPLENDOR,석유제품운반선,,,SYNV7B3580_2026_001,SYN-V7B3580_2026_001-2,,O,수출,정박지-E3,액체,디젤 연료/경유,1202,000973,선종(석유제품운반선)·선석 미정·종수가정 3/4,벌크,펌프,TON,27310.6,27310.6,,,30041.7,27310.6,,,울산,,,2026-09-28 01:00:00+00:00,,UPA_SYNTHETIC,IntgCagInfo(SYNTHETIC v4),2026-09-26 06:03:35.449989+00:00,OK,True
KRUSN,2026,1,V7B3580,SPLENDOR,석유제품운반선,,,SYNV7B3580_2026_001,SYN-V7B3580_2026_001-3,,O,수출,정박지-E3,액체,석유증류물(기타),1268,001128,선종(석유제품운반선)·선석 미정·종수가정 3/4,벌크,펌프,TON,14614.8,14614.8,,,16076.3,14614.8,,,울산,,,2026-09-28 01:00:00+00:00,,UPA_SYNTHETIC,IntgCagInfo(SYNTHETIC v4),2026-09-26 06:03:35.449989+00:00,OK,True
KRUSN,2026,1,V7B3674,JIE YANG ZHI XING,석유제품운반선,,,SYNV7B3674_2026_001,SYN-V7B3674_2026_001-1,,O,수출,정박지-E2,액체,디젤 연료/경유,1202,000973,선종(석유제품운반선)·선석 미정·종수가정 4/4,벌크,펌프,TON,2376.1,2376.1,,,2613.7,2376.1,,,울산,,,2026-09-12 06:00:00+00:00,,UPA_SYNTHETIC,IntgCagInfo(SYNTHETIC v4),2026-09-26 06:03:35.451987+00:00,OK,True
KRUSN,2026,1,V7B3674,JIE YANG ZHI XING,석유제품운반선,,,SYNV7B3674_2026_001,SYN-V7B3674_2026_001-2,,I,수입,정박지-E2,액체,케로신,1223,000756,선종(석유제품운반선)·선석 미정·종수가정 4/4,벌크,펌프,TON,17237.9,17237.9,,,18961.7,17237.9,,울산,,,,2026-09-12 06:00:00+00:00,,UPA_SYNTHETIC,IntgCagInfo(SYNTHETIC v4),2026-09-26 06:03:35.451987+00:00,OK,True
KRUSN,2026,1,V7B3674,JIE YANG ZHI XING,석유제품운반선,,,SYNV7B3674_2026_001,SYN-V7B3674_2026_001-3,,I,수입,정박지-E2,액체,가솔린,1203,016420,선종(석유제품운반선)·선석 미정·종수가정 4/4,벌크,펌프,TON,10842.4,10842.4,,,11926.6,10842.4,,울산,,,,2026-09-12 06:00:00+00:00,,UPA_SYNTHETIC,IntgCagInfo(SYNTHETIC v4),2026-09-26 06:03:35.451987+00:00,OK,True
KRUSN,2026,1,V7B3674,JIE YANG ZHI XING,석유제품운반선,,,SYNV7B3674_2026_001,SYN-V7B3674_2026_001-4,,O,수출,정박지-E2,액체,석유증류물(기타),1268,001128,선종(석유제품운반선)·선석 미정·종수가정 4/4,벌크,펌프,TON,14051.8,14051.8,,,15457.0,14051.8,,,울산,,,2026-09-12 06:00:00+00:00,,UPA_SYNTHETIC,IntgCagInfo(SYNTHETIC v4),2026-09-26 06:03:35.451987+00:00,OK,True
KRUSN,2026,1,V7CT4,DAS,석유제품운반선,,,SYNV7CT4_2026_001,SYN-V7CT4_2026_001-1,,O,수출,신항남방파제 T/S부두,액체,석유증류물(기타),1268,001128,대표화물코드 27·선석분류(액체화학·유류/berth+UPA)·VTS 접안·종수가정 1/6,벌크,펌프,TON,20081.8,20081.8,,,22090.0,20081.8,,,울산,,,2026-09-19 19:00:00+00:00,,UPA_SYNTHETIC,IntgCagInfo(SYNTHETIC v4),2026-09-26 06:03:35.454575+00:00,OK,True
KRUSN,2026,2,V7HR8,NEW VISION,석유제품운반선,,,SYNV7HR8_2026_002,SYN-V7HR8_2026_002-1,,I,수입,S-Oil부이,액체,물질 미특정,,,선종(석유제품운반선)·선석분류(원유/UPA)·PORT-MIS 선석·물질 미특정,벌크,펌프,TON,21504.3,21504.3,,,23654.7,21504.3,,울산,,,,2026-09-12 23:00:00+00:00,,UPA_SYNTHETIC,IntgCagInfo(SYNTHETIC v4),2026-09-26 06:03:35.455510+00:00,UNSPECIFIED_SUBSTANCE,True
KRUSN,2026,2,V7NT2,NAKHAL SILVER,케미칼운반선,,,SYNV7NT2_2026_002,SYN-V7NT2_2026_002-1,,I,수입,정박지-E2,액체,"1,2-에폭시프로판(산화프로필렌)",1280,001162,선종(케미칼운반선)·선석 미정·종수가정 1/8,벌크,펌프,TON,15083.7,15083.7,,,16592.1,15083.7,,울산,,,,2026-09-22 01:00:00+00:00,,UPA_SYNTHETIC,IntgCagInfo(SYNTHETIC v4),2026-09-26 06:03:35.457510+00:00,OK,True
KRUSN,2026,2,V7VN7,ARGENT IRIS,석유제품운반선,,,SYNV7VN7_2026_002,SYN-V7VN7_2026_002-1,,I,수입,정박지-E2,액체,크실렌,1307,001077,대표화물코드 29·선석 미정·종수가정 4/6,벌크,펌프,TON,12145.5,12145.5,,,13360.1,12145.5,,울산,,,,2026-09-20 17:00:00+00:00,,UPA_SYNTHETIC,IntgCagInfo(SYNTHETIC v4),2026-09-26 06:03:35.461793+00:00,OK,True
KRUSN,2026,2,V7VN7,ARGENT IRIS,석유제품운반선,,,SYNV7VN7_2026_002,SYN-V7VN7_2026_002-2,,I,수입,정박지-E2,액체,스티렌 모노머(안정화),2055,001027,대표화물코드 29·선석 미정·종수가정 4/6,벌크,펌프,TON,7210.1,7210.1,,,7931.1,7210.1,,울산,,,,2026-09-20 17:00:00+00:00,,UPA_SYNTHETIC,IntgCagInfo(SYNTHETIC v4),2026-09-26 06:03:35.461793+00:00,OK,True
KRUSN,2026,2,V7VN7,ARGENT IRIS,석유제품운반선,,,SYNV7VN7_2026_002,SYN-V7VN7_2026_002-3,,I,수입,정박지-E2,액체,톨루엔,1294,001032,대표화물코드 29·선석 미정·종수가정 4/6,벌크,펌프,TON,1956.8,1956.8,,,2152.5,1956.8,,울산,,,,2026-09-20 17:00:00+00:00,,UPA_SYNTHETIC,IntgCagInfo(SYNTHETIC v4),2026-09-26 06:03:35.461793+00:00,OK,True
KRUSN,2026,2,V7VN7,ARGENT IRIS,석유제품운반선,,,SYNV7VN7_2026_002,SYN-V7VN7_2026_002-4,,O,수출,정박지-E2,액체,테트라하이드로푸란,2056,001041,대표화물코드 29·선석 미정·종수가정 4/6,벌크,펌프,TON,16316.4,16316.4,,,17948.0,16316.4,,,울산,,,2026-09-20 17:00:00+00:00,,UPA_SYNTHETIC,IntgCagInfo(SYNTHETIC v4),2026-09-26 06:03:35.461793+00:00,OK,True
KRUSN,2026,21,VRGG4,STOLT VOYAGER,석유제품운반선,,,SYNVRGG4_2026_021,SYN-VRGG4_2026_021-1,,I,수입,정박지-E1,액체,석유증류물(기타),1268,001128,선종(석유제품운반선)·선석 미정·종수가정 4/4,벌크,펌프,TON,2715.0,2715.0,,,2986.5,2715.0,,울산,,,,2026-09-14 08:00:00+00:00,,UPA_SYNTHETIC,IntgCagInfo(SYNTHETIC v4),2026-09-26 06:03:35.464787+00:00,OK,True
KRUSN,2026,21,VRGG4,STOLT VOYAGER,석유제품운반선,,,SYNVRGG4_2026_021,SYN-VRGG4_2026_021-2,,O,수출,정박지-E1,액체,디젤 연료/경유,1202,000973,선종(석유제품운반선)·선석 미정·종수가정 4/4,벌크,펌프,TON,10396.9,10396.9,,,11436.6,10396.9,,,울산,,,2026-09-14 08:00:00+00:00,,UPA_SYNTHETIC,IntgCagInfo(SYNTHETIC v4),2026-09-26 06:03:35.464787+00:00,OK,True
KRUSN,2026,21,VRGG4,STOLT VOYAGER,석유제품운반선,,,SYNVRGG4_2026_021,SYN-VRGG4_2026_021-3,,O,수출,정박지-E1,액체,케로신,1223,000756,선종(석유제품운반선)·선석 미정·종수가정 4/4,벌크,펌프,TON,6476.0,6476.0,,,7123.6,6476.0,,,울산,,,2026-09-14 08:00:00+00:00,,UPA_SYNTHETIC,IntgCagInfo(SYNTHETIC v4),2026-09-26 06:03:35.464787+00:00,OK,True
KRUSN,2026,21,VRGG4,STOLT VOYAGER,석유제품운반선,,,SYNVRGG4_2026_021,SYN-VRGG4_2026_021-4,,O,수출,정박지-E1,액체,가솔린,1203,016420,선종(석유제품운반선)·선석 미정·종수가정 4/4,벌크,펌프,TON,15114.5,15114.5,,,16626.0,15114.5,,,울산,,,2026-09-14 08:00:00+00:00,,UPA_SYNTHETIC,IntgCagInfo(SYNTHETIC v4),2026-09-26 06:03:35.464787+00:00,OK,True
KRUSN,2026,2,VRHA3,SEAFRONTIER,원유운반선,,,SYNVRHA3_2026_002,SYN-VRHA3_2026_002-1,,O,수출,정박지-E3,액체,원유,1267,000751,선종(원유운반선)·선석 미정·종수가정 1/1,벌크,펌프,TON,16080.5,16080.5,,,17688.6,16080.5,,,울산,,,2026-09-23 02:00:00+00:00,,UPA_SYNTHETIC,IntgCagInfo(SYNTHETIC v4),2026-09-26 06:03:35.466785+00:00,OK,True
KRUSN,2026,1,VRMV5,TONG LIN WAN,원유운반선,,,SYNVRMV5_2026_001,SYN-VRMV5_2026_001-1,,I,수입,대한유화부두,액체,메탄올,1230,001151,대표화물코드 29·선석분류(액체화학·유류/berth+UPA)·PORT-MIS 선석·종수가정 2/3,벌크,펌프,TON,14664.4,14664.4,,,16130.8,14664.4,,울산,,,,2026-09-20 18:00:00+00:00,,UPA_SYNTHETIC,IntgCagInfo(SYNTHETIC v4),2026-09-26 06:03:35.469774+00:00,OK,True
KRUSN,2026,1,VRMV5,TONG LIN WAN,원유운반선,,,SYNVRMV5_2026_001,SYN-VRMV5_2026_001-2,,O,수출,대한유화부두,액체,톨루엔,1294,001032,대표화물코드 29·선석분류(액체화학·유류/berth+UPA)·PORT-MIS 선석·종수가정 2/3,벌크,펌프,TON,2240.7,2240.7,,,2464.8,2240.7,,,울산,,,2026-09-20 18:00:00+00:00,,UPA_SYNTHETIC,IntgCagInfo(SYNTHETIC v4),2026-09-26 06:03:35.469774+00:00,OK,True
KRUSN,2026,2,VRQJ3,PINE EXPRESS,석유제품운반선,,,SYNVRQJ3_2026_002,SYN-VRQJ3_2026_002-1,,I,수입,S-Oil 2부두,액체,디젤 연료/경유,1202,000973,선종(석유제품운반선)·선석분류(액체화학·유류/berth+UPA)·VTS 접안·종수가정 4/4,벌크,펌프,TON,1065.2,1065.2,,,1171.7,1065.2,,울산,,,,2026-09-15 14:30:00+00:00,,UPA_SYNTHETIC,IntgCagInfo(SYNTHETIC v4),2026-09-26 06:03:35.471775+00:00,OK,True
KRUSN,2026,2,VRQJ3,PINE EXPRESS,석유제품운반선,,,SYNVRQJ3_2026_002,SYN-VRQJ3_2026_002-2,,I,수입,S-Oil 2부두,액체,석유증류물(기타),1268,001128,선종(석유제품운반선)·선석분류(액체화학·유류/berth+UPA)·VTS 접안·종수가정 4/4,벌크,펌프,TON,4799.7,4799.7,,,5279.7,4799.7,,울산,,,,2026-09-15 14:30:00+00:00,,UPA_SYNTHETIC,IntgCagInfo(SYNTHETIC v4),2026-09-26 06:03:35.471775+00:00,OK,True
KRUSN,2026,2,VRQJ3,PINE EXPRESS,석유제품운반선,,,SYNVRQJ3_2026_002,SYN-VRQJ3_2026_002-3,,O,수출,S-Oil 2부두,액체,가솔린,1203,016420,선종(석유제품운반선)·선석분류(액체화학·유류/berth+UPA)·VTS 접안·종수가정 4/4,벌크,펌프,TON,19508.9,19508.9,,,21459.8,19508.9,,,울산,,,2026-09-15 14:30:00+00:00,,UPA_SYNTHETIC,IntgCagInfo(SYNTHETIC v4),2026-09-26 06:03:35.471775+00:00,OK,True
KRUSN,2026,2,VRQJ3,PINE EXPRESS,석유제품운반선,,,SYNVRQJ3_2026_002,SYN-VRQJ3_2026_002-4,,O,수출,S-Oil 2부두,액체,케로신,1223,000756,선종(석유제품운반선)·선석분류(액체화학·유류/berth+UPA)·VTS 접안·종수가정 4/4,벌크,펌프,TON,24885.4,24885.4,,,27373.9,24885.4,,,울산,,,2026-09-15 14:30:00+00:00,,UPA_SYNTHETIC,IntgCagInfo(SYNTHETIC v4),2026-09-26 06:03:35.471775+00:00,OK,True
KRUSN,2026,12,VRWJ9,DM EMERALD,석유제품운반선,,,SYNVRWJ9_2026_012,SYN-VRWJ9_2026_012-1,,O,수출,정박지-E2,액체,석유증류물(기타),1268,001128,대표화물코드 27·선석 미정·종수가정 2/6,벌크,펌프,TON,12435.6,12435.6,,,13679.2,12435.6,,,울산,,,2026-09-21 19:00:00+00:00,,UPA_SYNTHETIC,IntgCagInfo(SYNTHETIC v4),2026-09-26 06:03:35.473776+00:00,OK,True
KRUSN,2026,12,VRWJ9,DM EMERALD,석유제품운반선,,,SYNVRWJ9_2026_012,SYN-VRWJ9_2026_012-2,,O,수출,정박지-E2,액체,벤젠,1114,001008,대표화물코드 27·선석 미정·종수가정 2/6,벌크,펌프,TON,27233.2,27233.2,,,29956.5,27233.2,,,울산,,,2026-09-21 19:00:00+00:00,,UPA_SYNTHETIC,IntgCagInfo(SYNTHETIC v4),2026-09-26 06:03:35.473776+00:00,OK,True
KRUSN,2026,1,VRWS8,DING HENG 10,케미칼운반선,,,SYNVRWS8_2026_001,SYN-VRWS8_2026_001-1,,I,수입,정박지-E1,액체,아크릴로니트릴(안정화),1093,001143,선종(케미칼운반선)·선석 미정·종수가정 2/8,벌크,펌프,TON,6145.7,6145.7,,,6760.3,6145.7,,울산,,,,2026-09-14 21:00:00+00:00,,UPA_SYNTHETIC,IntgCagInfo(SYNTHETIC v4),2026-09-26 06:03:35.475790+00:00,OK,True
KRUSN,2026,1,VRWS8,DING HENG 10,케미칼운반선,,,SYNVRWS8_2026_001,SYN-VRWS8_2026_001-2,,I,수입,정박지-E1,액체,스티렌 모노머(안정화),2055,001027,선종(케미칼운반선)·선석 미정·종수가정 2/8,벌크,펌프,TON,15860.6,15860.6,,,17446.7,15860.6,,울산,,,,2026-09-14 21:00:00+00:00,,UPA_SYNTHETIC,IntgCagInfo(SYNTHETIC v4),2026-09-26 06:03:35.475790+00:00,OK,True
KRUSN,2026,2,VRXI4,M PEARL,석유제품운반선,,,SYNVRXI4_2026_002,SYN-VRXI4_2026_002-1,,O,수출,정박지-E2,액체,원유,1267,000751,대표화물코드 27·선석 미정·종수가정 2/6,벌크,펌프,TON,22555.9,22555.9,,,24811.5,22555.9,,,울산,,,2026-09-27 01:00:00+00:00,,UPA_SYNTHETIC,IntgCagInfo(SYNTHETIC v4),2026-09-26 06:03:35.477807+00:00,OK,True
KRUSN,2026,2,VRXI4,M PEARL,석유제품운반선,,,SYNVRXI4_2026_002,SYN-VRXI4_2026_002-2,,O,수출,정박지-E2,액체,가솔린,1203,016420,대표화물코드 27·선석 미정·종수가정 2/6,벌크,펌프,TON,2759.3,2759.3,,,3035.2,2759.3,,,울산,,,2026-09-27 01:00:00+00:00,,UPA_SYNTHETIC,IntgCagInfo(SYNTHETIC v4),2026-09-26 06:03:35.477807+00:00,OK,True
KRUSN,2026,1,VRYH9,QX BRILLIANT,석유제품운반선,,,SYNVRYH9_2026_001,SYN-VRYH9_2026_001-1,,I,수입,UTT부두,액체,물질 미특정,,,선종(석유제품운반선)·터미널 취급품목(TAEYOUNG)·PORT-MIS 선석·물질 미특정,벌크,펌프,TON,12782.0,12782.0,,,14060.2,12782.0,,울산,,,,2026-09-14 04:00:00+00:00,,UPA_SYNTHETIC,IntgCagInfo(SYNTHETIC v4),2026-09-26 06:03:35.480793+00:00,UNSPECIFIED_SUBSTANCE,True
KRUSN,2026,1,WDH3033,SLNC PAX,석유제품운반선,,,SYNWDH3033_2026_001,SYN-WDH3033_2026_001-1,,O,수출,SK2부두,액체,가솔린,1203,016420,선종(석유제품운반선)·선석분류(유류/berth+UPA)·PORT-MIS 선석·종수가정 4/4,벌크,펌프,TON,27740.3,27740.3,,,30514.3,27740.3,,,울산,,,2026-09-25 22:00:00+00:00,,UPA_SYNTHETIC,IntgCagInfo(SYNTHETIC v4),2026-09-26 06:03:35.484319+00:00,OK,True
KRUSN,2026,1,WDH3033,SLNC PAX,석유제품운반선,,,SYNWDH3033_2026_001,SYN-WDH3033_2026_001-2,,O,수출,SK2부두,액체,석유증류물(기타),1268,001128,선종(석유제품운반선)·선석분류(유류/berth+UPA)·PORT-MIS 선석·종수가정 4/4,벌크,펌프,TON,20648.0,20648.0,,,22712.8,20648.0,,,울산,,,2026-09-25 22:00:00+00:00,,UPA_SYNTHETIC,IntgCagInfo(SYNTHETIC v4),2026-09-26 06:03:35.484319+00:00,OK,True
KRUSN,2026,1,WDH3033,SLNC PAX,석유제품운반선,,,SYNWDH3033_2026_001,SYN-WDH3033_2026_001-3,,O,수출,SK2부두,액체,케로신,1223,000756,선종(석유제품운반선)·선석분류(유류/berth+UPA)·PORT-MIS 선석·종수가정 4/4,벌크,펌프,TON,28403.2,28403.2,,,31243.5,28403.2,,,울산,,,2026-09-25 22:00:00+00:00,,UPA_SYNTHETIC,IntgCagInfo(SYNTHETIC v4),2026-09-26 06:03:35.484319+00:00,OK,True
KRUSN,2026,1,WDH3033,SLNC PAX,석유제품운반선,,,SYNWDH3033_2026_001,SYN-WDH3033_2026_001-4,,O,수출,SK2부두,액체,디젤 연료/경유,1202,000973,선종(석유제품운반선)·선석분류(유류/berth+UPA)·PORT-MIS 선석·종수가정 4/4,벌크,펌프,TON,25840.9,25840.9,,,28425.0,25840.9,,,울산,,,2026-09-25 22:00:00+00:00,,UPA_SYNTHETIC,IntgCagInfo(SYNTHETIC v4),2026-09-26 06:03:35.484319+00:00,OK,True
KRUSN,2026,5,WDQ2825,SL HAWAII,석유제품운반선,,,SYNWDQ2825_2026_005,SYN-WDQ2825_2026_005-1,,I,수입,정박지-E2,액체,디젤 연료/경유,1202,000973,선종(석유제품운반선)·선석 미정·종수가정 1/4,벌크,펌프,TON,26601.0,26601.0,,,29261.1,26601.0,,울산,,,,2026-09-13 23:00:00+00:00,,UPA_SYNTHETIC,IntgCagInfo(SYNTHETIC v4),2026-09-26 06:03:35.487321+00:00,OK,True
KRUSN,2026,1,WPPF,POHANG PIONEER,석유제품운반선,,,SYNWPPF_2026_001,SYN-WPPF_2026_001-1,,O,수출,SK2부두,액체,케로신,1223,000756,선종(석유제품운반선)·선석분류(유류/berth+UPA)·VTS 접안·종수가정 3/4,벌크,펌프,TON,17282.4,17282.4,,,19010.6,17282.4,,,울산,,,2026-09-13 21:00:00+00:00,,UPA_SYNTHETIC,IntgCagInfo(SYNTHETIC v4),2026-09-26 06:03:35.493033+00:00,OK,True
KRUSN,2026,1,WPPF,POHANG PIONEER,석유제품운반선,,,SYNWPPF_2026_001,SYN-WPPF_2026_001-2,,O,수출,SK2부두,액체,석유증류물(기타),1268,001128,선종(석유제품운반선)·선석분류(유류/berth+UPA)·VTS 접안·종수가정 3/4,벌크,펌프,TON,19087.1,19087.1,,,20995.8,19087.1,,,울산,,,2026-09-13 21:00:00+00:00,,UPA_SYNTHETIC,IntgCagInfo(SYNTHETIC v4),2026-09-26 06:03:35.493033+00:00,OK,True
KRUSN,2026,1,WPPF,POHANG PIONEER,석유제품운반선,,,SYNWPPF_2026_001,SYN-WPPF_2026_001-3,,I,수입,SK2부두,액체,가솔린,1203,016420,선종(석유제품운반선)·선석분류(유류/berth+UPA)·VTS 접안·종수가정 3/4,벌크,펌프,TON,9717.9,9717.9,,,10689.7,9717.9,,울산,,,,2026-09-13 21:00:00+00:00,,UPA_SYNTHETIC,IntgCagInfo(SYNTHETIC v4),2026-09-26 06:03:35.493033+00:00,OK,True
KRUSN,2026,2,WPPF,POHANG PIONEER,석유제품운반선,,,SYNWPPF_2026_002,SYN-WPPF_2026_002-1,,I,수입,SK2부두,액체,석유증류물(기타),1268,001128,선종(석유제품운반선)·선석분류(유류/berth+UPA)·VTS 접안·종수가정 3/4,벌크,펌프,TON,2182.5,2182.5,,,2400.8,2182.5,,울산,,,,2026-09-19 21:00:00+00:00,,UPA_SYNTHETIC,IntgCagInfo(SYNTHETIC v4),2026-09-26 06:03:35.495031+00:00,OK,True
KRUSN,2026,2,WPPF,POHANG PIONEER,석유제품운반선,,,SYNWPPF_2026_002,SYN-WPPF_2026_002-2,,O,수출,SK2부두,액체,디젤 연료/경유,1202,000973,선종(석유제품운반선)·선석분류(유류/berth+UPA)·VTS 접안·종수가정 3/4,벌크,펌프,TON,22241.5,22241.5,,,24465.7,22241.5,,,울산,,,2026-09-19 21:00:00+00:00,,UPA_SYNTHETIC,IntgCagInfo(SYNTHETIC v4),2026-09-26 06:03:35.495031+00:00,OK,True
KRUSN,2026,2,WPPF,POHANG PIONEER,석유제품운반선,,,SYNWPPF_2026_002,SYN-WPPF_2026_002-3,,O,수출,SK2부두,액체,케로신,1223,000756,선종(석유제품운반선)·선석분류(유류/berth+UPA)·VTS 접안·종수가정 3/4,벌크,펌프,TON,4375.3,4375.3,,,4812.8,4375.3,,,울산,,,2026-09-19 21:00:00+00:00,,UPA_SYNTHETIC,IntgCagInfo(SYNTHETIC v4),2026-09-26 06:03:35.495031+00:00,OK,True
KRUSN,2026,3,ZCSP3,STOLT CONFIDENCE,석유제품운반선,,,SYNZCSP3_2026_003,SYN-ZCSP3_2026_003-1,,O,수출,정박지-E1,액체,케로신,1223,000756,선종(석유제품운반선)·선석 미정·종수가정 1/4,벌크,펌프,TON,26313.3,26313.3,,,28944.6,26313.3,,,울산,,,2026-09-13 18:00:00+00:00,,UPA_SYNTHETIC,IntgCagInfo(SYNTHETIC v4),2026-09-26 06:03:35.499020+00:00,OK,True
KRUSN,2026,032,VIO001,GASOLINE STAR,케미칼운반선,KR,대한민국,MRN13083,BL900001,MBL63414,O,수출,SK5부두,액체,가솔린,1203,016420,위반주입-혼재금지,벌크,펌프,TON,49506.4,49506.4,,,54457.0,49506.4,,ONSAN,울산,,,2026-07-27 00:00:00+00:00,반입,UPA_SYNTHETIC,IntgCagInfo(SYNTHETIC),2026-09-26T06:03:54.797280+00:00,OK,True
KRUSN,2026,087,VIO002,PROPANE CARRIER,케미칼운반선,KR,대한민국,MRN83637,BL900002,MBL12044,I,수입,SK6부두,액체,프로페인,1978,015420,위반주입-혼재금지,벌크,펌프,TON,48610.1,48610.1,,,53471.1,48610.1,,울산,SINGAPORE,,,2026-07-27 00:00:00+00:00,반입,UPA_SYNTHETIC,IntgCagInfo(SYNTHETIC),2026-09-26T06:03:54.797280+00:00,OK,True
KRUSN,2026,090,VIO003,LPG PIONEER,케미칼운반선,KR,대한민국,MRN21635,BL900003,MBL20311,I,수입,SK6부두,액체,프로페인,1978,015420,위반주입-혼재금지,벌크,펌프,TON,12870.1,12870.1,,,14157.1,12870.1,,울산,DALIAN,,,2026-07-27 00:00:00+00:00,반입,UPA_SYNTHETIC,IntgCagInfo(SYNTHETIC),2026-09-26T06:03:54.797280+00:00,OK,True
KRUSN,2026,070,VIO004,SULFURIC TRADER,케미칼운반선,KR,대한민국,MRN28986,BL900004,MBL87167,O,수출,SK7부두,액체,황산(51% 초과),1830,001049,위반주입-혼재금지,벌크,펌프,TON,8697.0,8697.0,,,9566.7,8697.0,,SINGAPORE,울산,,,2026-07-27 00:00:00+00:00,반입,UPA_SYNTHETIC,IntgCagInfo(SYNTHETIC),2026-09-26T06:03:54.797280+00:00,OK,True
KRUSN,2026,032,VIO009,AMMONIA CARRIER,케미칼운반선,KR,대한민국,MRN88488,BL900005,MBL26256,I,수입,SK7부두,액체,암모니아(무수),1005,001174,위반주입-혼재금지,벌크,펌프,TON,41552.5,41552.5,,,45707.8,41552.5,,울산,SINGAPORE,,,2026-07-27 00:00:00+00:00,반입,UPA_SYNTHETIC,IntgCagInfo(SYNTHETIC),2026-09-26T06:03:54.797280+00:00,OK,True
KRUSN,2026,089,VIO010,CRUDE RUNNER,케미칼운반선,KR,대한민국,MRN72570,BL900006,MBL51973,O,수출,SK8부두,액체,인화성 액체(기타),1993,000751,위반주입-혼재금지,벌크,펌프,TON,23218.5,23218.5,,,25540.4,23218.5,,ONSAN,울산,,,2026-07-27 00:00:00+00:00,반입,UPA_SYNTHETIC,IntgCagInfo(SYNTHETIC),2026-09-26T06:03:54.797280+00:00,OK,True
KRUSN,2026,071,VIO005,UNKNOWN CHEM,케미칼운반선,KR,대한민국,MRN79093,BL900007,MBL22525,O,수출,UTK부두,액체,벤젠,,,위반주입-UN번호누락,벌크,펌프,TON,15188.1,15188.1,,,,,,SINGAPORE,울산,,,2026-07-27 00:00:00+00:00,반입,UPA_SYNTHETIC,IntgCagInfo(SYNTHETIC),2026-09-26T06:03:54.797280+00:00,MISSING_DG_CODE,True
KRUSN,2026,043,VIO006,ACRYLO TRADER,케미칼운반선,KR,대한민국,MRN29963,BL900008,MBL29802,I,수입,정일1부두,액체,아크릴로니트릴(안정화),1093,001143,위반주입-포장부적합,드럼(일반),크레인,TON,42824.6,42824.6,,,47107.1,42824.6,,울산,DALIAN,,,2026-07-27 00:00:00+00:00,반입,UPA_SYNTHETIC,IntgCagInfo(SYNTHETIC),2026-09-26T06:03:54.798290+00:00,OK,True
KRUSN,2026,197,VIO007,DEEP DRAFT VLCC,케미칼운반선,KR,대한민국,MRN94018,BL900009,MBL31817,O,수출,SK1부두,액체,인화성 액체(기타),1993,000751,위반주입-흘수초과,벌크,펌프,TON,4925.9,4925.9,,,5418.5,4925.9,,휴스턴,울산,,,2026-07-27 00:00:00+00:00,반입,UPA_SYNTHETIC,IntgCagInfo(SYNTHETIC),2026-09-26T06:03:54.798290+00:00,OK,True
KRUSN,2026,172,VIO008,WEATHER RISK,케미칼운반선,KR,대한민국,MRN70835,BL900010,MBL40168,O,수출,정일1부두,액체,벤젠,1114,001008,위반주입-기상초과,벌크,펌프,TON,41491.6,41491.6,,,45640.8,41491.6,,ONSAN,울산,,,2026-07-27 00:00:00+00:00,반입,UPA_SYNTHETIC,IntgCagInfo(SYNTHETIC),2026-09-26T06:03:54.798290+00:00,OK,True
